Date,Location,Crop,Growth Stage,NDVI,EVI,FVC,LAI,NDVI Texture,NDVI Zone,Biomass,N,P,K
2026-10-17,Karnataka,Sugarcane,Early,0.26,0.25,0.21,0.6,0.08,Low,3.2,31,18,22
2025-04-25,Andhra Pradesh,Rice,Vegetative,0.58,0.35,0.64,3.0,0.08,Medium,4.9,49,17,37
2025-01-26,Maharashtra,Sugarcane,Vegetative,0.65,0.4,0.61,3.1,0.08,Medium,4.7,41,15,29
2025-10-09,Andhra Pradesh,Sugarcane,Flowering,0.9,0.52,0.75,5.3,0.04,High,8.0,55,22,44
2025-09-08,Andhra Pradesh,Sugarcane,Early,0.45,0.19,0.38,0.7,0.09,Medium,3.1,31,12,28
2025-08-17,Punjab,Rice,Mature,0.75,0.55,0.89,3.1,0.05,High,10.1,40,22,41
2025-05-23,Maharashtra,Rice,Flowering,0.8,0.57,0.78,4.3,0.04,High,7.6,45,23,39
2025-04-15,Maharashtra,Cotton,Flowering,0.84,0.5,0.84,3.9,0.06,High,6.8,57,28,32
2026-11-24,Maharashtra,Wheat,Mature,0.77,0.48,0.75,3.9,0.05,High,9.8,36,18,35
2026-07-13,Andhra Pradesh,Wheat,Vegetative,0.59,0.37,0.73,1.9,0.08,Medium,6.2,38,21,39
2025-03-31,Karnataka,Cotton,Mature,0.76,0.48,0.74,4.8,0.06,High,9.7,54,27,40
2026-08-28,Maharashtra,Cotton,Early,0.37,0.27,0.21,0.5,0.09,Low,1.4,29,19,28
2026-03-09,Uttar Pradesh,Sugarcane,Mature,0.72,0.59,0.88,4.1,0.05,High,8.6,51,23,35
2025-02-02,Andhra Pradesh,Cotton,Vegetative,0.6,0.39,0.73,2.0,0.06,Medium,3.6,36,19,25
2025-01-31,Punjab,Maize,Mature,0.77,0.54,0.81,3.2,0.05,High,10.5,43,21,39
2025-04-06,Karnataka,Wheat,Vegetative,0.59,0.5,0.72,3.4,0.07,Medium,5.9,43,21,37
2025-08-12,Uttar Pradesh,Cotton,Vegetative,0.62,0.34,0.47,3.2,0.05,Medium,3.8,42,19,28
2025-08-27,Uttar Pradesh,Maize,Early,0.27,0.23,0.31,1.2,0.1,Low,2.0,28,19,31
2026-06-02,Punjab,Maize,Mature,0.74,0.5,0.84,4.4,0.06,High,10.4,52,18,38
2026-09-09,Karnataka,Maize,Mature,0.75,0.53,0.8,4.0,0.06,High,7.8,48,22,29
2025-01-28,Andhra Pradesh,Maize,Early,0.22,0.3,0.44,0.6,0.09,Low,1.5,27,11,24
2026-07-29,Tamil Nadu,Sugarcane,Vegetative,0.55,0.42,0.49,2.8,0.08,Medium,4.8,35,17,30
2025-07-23,Karnataka,Maize,Mature,0.76,0.5,0.76,3.1,0.06,High,8.9,51,27,40
2026-10-28,Punjab,Sugarcane,Early,0.43,0.28,0.24,1.4,0.09,Low,1.6,31,16,23
2026-12-20,Uttar Pradesh,Sugarcane,Vegetative,0.49,0.48,0.68,3.4,0.06,Medium,6.3,37,18,33
2026-07-13,Andhra Pradesh,Maize,Early,0.42,0.26,0.43,0.9,0.1,Low,1.0,30,17,25
2026-03-06,Karnataka,Wheat,Mature,0.74,0.59,0.82,4.3,0.07,High,9.3,36,26,40
2025-08-14,Tamil Nadu,Maize,Early,0.42,0.25,0.37,0.5,0.12,Low,3.2,37,10,29
2026-04-05,Tamil Nadu,Maize,Flowering,0.77,0.68,0.81,4.6,0.03,High,8.3,51,20,32
2026-08-27,Maharashtra,Maize,Vegetative,0.52,0.42,0.59,2.0,0.06,Medium,3.6,37,18,33
2025-10-12,Maharashtra,Wheat,Flowering,0.86,0.59,0.93,4.3,0.05,High,7.5,52,25,31
2025-01-07,Punjab,Rice,Flowering,0.88,0.61,0.9,3.7,0.05,High,7.9,52,25,33
2025-06-13,Karnataka,Rice,Vegetative,0.64,0.4,0.72,3.4,0.08,Medium,5.4,48,18,30
2026-12-16,Karnataka,Sugarcane,Vegetative,0.48,0.4,0.64,2.8,0.06,Medium,6.2,43,22,39
2026-03-09,Uttar Pradesh,Sugarcane,Early,0.39,0.21,0.2,1.3,0.07,Low,1.3,32,16,23
2025-12-15,Uttar Pradesh,Wheat,Vegetative,0.54,0.4,0.74,3.4,0.07,Medium,4.3,35,15,28
2025-10-12,Uttar Pradesh,Cotton,Flowering,0.73,0.69,0.87,5.5,0.04,High,7.9,54,23,36
2025-06-09,Maharashtra,Rice,Flowering,0.8,0.56,0.78,4.0,0.03,High,7.9,53,21,36
2025-08-09,Karnataka,Sugarcane,Mature,0.78,0.56,0.88,4.7,0.03,High,10.5,50,24,33
2025-12-11,Karnataka,Rice,Vegetative,0.63,0.31,0.7,2.6,0.08,Medium,5.3,46,21,26
2025-04-15,Tamil Nadu,Wheat,Flowering,0.75,0.62,0.84,3.6,0.03,High,6.7,59,27,44
2025-04-05,Maharashtra,Wheat,Mature,0.76,0.45,0.79,4.7,0.05,High,9.4,48,19,38
2026-01-25,Andhra Pradesh,Cotton,Mature,0.82,0.58,0.8,3.3,0.05,High,9.0,42,22,39
2025-04-10,Maharashtra,Cotton,Early,0.29,0.22,0.23,1.1,0.11,Low,3.1,27,15,30
2026-01-03,Andhra Pradesh,Wheat,Flowering,0.71,0.63,0.83,4.4,0.06,High,7.4,58,28,38
2025-12-19,Tamil Nadu,Sugarcane,Early,0.32,0.21,0.42,1.2,0.1,Low,2.2,30,17,21
2026-09-11,Punjab,Rice,Flowering,0.84,0.59,0.83,4.3,0.05,High,7.5,58,23,44
2025-09-28,Karnataka,Maize,Early,0.31,0.18,0.21,1.2,0.1,Low,1.2,29,13,24
2025-02-14,Tamil Nadu,Cotton,Early,0.45,0.25,0.26,1.4,0.1,Medium,1.5,27,19,24
2026-04-16,Karnataka,Maize,Vegetative,0.69,0.44,0.64,3.0,0.07,Medium,5.0,35,20,39
2026-07-04,Uttar Pradesh,Sugarcane,Early,0.23,0.24,0.43,1.5,0.1,Low,1.8,25,11,34
2025-05-08,Punjab,Cotton,Vegetative,0.62,0.45,0.74,2.2,0.05,Medium,5.1,43,15,35
2026-01-23,Punjab,Maize,Mature,0.77,0.51,0.78,3.7,0.05,High,9.4,37,23,39
2025-03-22,Tamil Nadu,Sugarcane,Flowering,0.82,0.65,0.82,5.2,0.04,High,7.6,51,23,32
2026-07-20,Punjab,Rice,Mature,0.7,0.6,0.73,4.4,0.07,High,7.6,52,22,28
2025-10-28,Andhra Pradesh,Sugarcane,Flowering,0.89,0.66,0.93,4.8,0.04,High,8.3,53,26,40
2026-10-06,Punjab,Cotton,Mature,0.7,0.5,0.8,4.3,0.07,High,7.8,46,22,36
2026-09-26,Karnataka,Wheat,Flowering,0.71,0.57,0.91,4.7,0.05,High,7.9,48,29,40
2026-01-06,Karnataka,Rice,Early,0.36,0.27,0.29,1.1,0.09,Low,1.9,25,19,23
2026-08-15,Karnataka,Maize,Flowering,0.83,0.7,0.89,3.8,0.06,High,7.8,50,25,40
2025-07-16,Karnataka,Cotton,Flowering,0.76,0.64,0.85,5.5,0.06,High,7.2,45,26,44
2026-12-23,Andhra Pradesh,Wheat,Mature,0.83,0.57,0.73,4.8,0.04,High,9.7,52,20,39
2025-03-13,Maharashtra,Sugarcane,Mature,0.65,0.55,0.78,3.5,0.07,Medium,8.1,42,25,29
2025-02-16,Uttar Pradesh,Wheat,Mature,0.76,0.46,0.86,3.8,0.06,High,8.3,50,18,33
2026-11-09,Tamil Nadu,Cotton,Vegetative,0.5,0.35,0.57,2.2,0.07,Medium,6.1,48,24,37
2025-08-22,Karnataka,Cotton,Vegetative,0.47,0.44,0.5,3.1,0.06,Medium,4.8,38,21,38
2025-10-24,Punjab,Wheat,Flowering,0.78,0.65,0.94,4.4,0.05,High,8.5,55,27,43
2025-03-23,Karnataka,Sugarcane,Flowering,0.89,0.6,0.85,4.7,0.05,High,6.7,47,28,41
2025-08-27,Punjab,Wheat,Early,0.28,0.24,0.36,1.5,0.08,Low,2.9,38,17,22
2025-04-14,Uttar Pradesh,Cotton,Early,0.44,0.28,0.2,1.0,0.11,Low,1.9,30,14,31
2026-01-25,Uttar Pradesh,Cotton,Flowering,0.89,0.61,0.79,3.8,0.05,High,7.8,41,23,39
2025-10-12,Uttar Pradesh,Maize,Vegetative,0.65,0.31,0.71,2.9,0.07,Medium,4.5,49,17,38
2026-04-10,Punjab,Maize,Flowering,0.73,0.56,0.86,4.0,0.04,High,8.1,47,23,31
2026-10-13,Karnataka,Rice,Early,0.39,0.23,0.36,1.2,0.09,Low,1.4,36,18,27
2026-01-09,Uttar Pradesh,Cotton,Vegetative,0.55,0.43,0.57,3.2,0.07,Medium,3.6,42,23,39
2025-06-16,Andhra Pradesh,Maize,Vegetative,0.59,0.49,0.47,2.3,0.06,Medium,5.2,46,24,31
2026-01-15,Punjab,Wheat,Early,0.3,0.23,0.25,1.1,0.1,Low,1.8,33,15,32
2025-12-30,Punjab,Sugarcane,Flowering,0.76,0.67,0.77,5.2,0.03,High,6.7,53,21,35
2025-08-03,Karnataka,Wheat,Mature,0.72,0.49,0.8,3.8,0.04,High,9.6,40,23,29
2026-11-18,Punjab,Sugarcane,Flowering,0.73,0.55,0.8,4.7,0.06,High,6.6,57,26,32
2025-10-01,Punjab,Maize,Flowering,0.87,0.68,0.91,4.4,0.04,High,7.2,48,28,44
2026-12-20,Uttar Pradesh,Rice,Early,0.33,0.23,0.44,1.7,0.08,Low,1.9,39,17,20
2026-12-01,Karnataka,Wheat,Vegetative,0.48,0.31,0.58,2.9,0.08,Medium,5.5,48,17,30
2026-10-26,Uttar Pradesh,Wheat,Early,0.31,0.19,0.21,1.1,0.09,Low,1.6,27,16,32
2025-03-15,Uttar Pradesh,Wheat,Flowering,0.78,0.52,0.87,3.7,0.06,High,8.1,52,29,31
2026-09-16,Karnataka,Sugarcane,Mature,0.7,0.45,0.75,3.2,0.05,High,8.0,36,23,35
2026-10-13,Tamil Nadu,Maize,Mature,0.77,0.57,0.74,3.1,0.05,High,7.7,43,25,32
2025-06-25,Uttar Pradesh,Wheat,Mature,0.74,0.53,0.84,3.5,0.03,High,9.2,47,26,34
2026-07-01,Andhra Pradesh,Wheat,Early,0.28,0.2,0.34,1.6,0.08,Low,3.4,39,15,30
2025-09-08,Andhra Pradesh,Rice,Vegetative,0.67,0.39,0.57,3.1,0.07,Medium,3.7,39,19,30
2025-06-17,Punjab,Rice,Early,0.39,0.26,0.44,0.6,0.1,Low,2.1,25,18,22
2026-04-19,Andhra Pradesh,Maize,Mature,0.84,0.54,0.86,4.5,0.03,High,8.0,43,18,37
2026-01-24,Punjab,Maize,Flowering,0.78,0.69,0.92,4.1,0.03,High,7.4,59,22,43
2025-10-04,Tamil Nadu,Cotton,Vegetative,0.48,0.43,0.47,2.4,0.08,Medium,3.6,49,16,28
2026-10-18,Karnataka,Rice,Early,0.2,0.18,0.44,1.2,0.12,Low,2.3,39,15,21
2026-12-06,Karnataka,Cotton,Early,0.29,0.22,0.25,0.8,0.08,Low,2.1,36,15,23
2026-07-25,Karnataka,Sugarcane,Vegetative,0.5,0.38,0.72,1.8,0.08,Medium,4.9,46,15,29
2025-08-13,Andhra Pradesh,Cotton,Vegetative,0.67,0.46,0.49,3.1,0.08,Medium,4.7,43,23,30
2026-12-03,Tamil Nadu,Wheat,Flowering,0.7,0.57,0.79,4.9,0.03,High,7.6,49,21,38
2025-11-29,Andhra Pradesh,Cotton,Vegetative,0.62,0.48,0.57,2.2,0.08,Medium,6.1,49,21,37
2025-02-27,Andhra Pradesh,Maize,Flowering,0.88,0.55,0.94,4.7,0.05,High,7.3,43,23,31
2025-08-23,Tamil Nadu,Sugarcane,Mature,0.68,0.5,0.76,4.1,0.07,Medium,10.4,51,23,33
2025-02-02,Tamil Nadu,Wheat,Mature,0.66,0.52,0.82,4.1,0.05,Medium,8.4,36,21,39
2025-11-20,Tamil Nadu,Cotton,Early,0.37,0.29,0.38,1.5,0.08,Low,2.0,25,17,28
2026-02-15,Tamil Nadu,Sugarcane,Mature,0.84,0.48,0.71,4.6,0.06,High,10.5,39,19,34
2025-10-02,Karnataka,Sugarcane,Mature,0.82,0.58,0.81,3.7,0.07,High,8.8,44,25,37
2025-03-09,Maharashtra,Wheat,Flowering,0.85,0.67,0.89,5.0,0.05,High,7.9,48,26,39
2025-08-05,Maharashtra,Cotton,Early,0.26,0.26,0.22,1.7,0.08,Low,1.5,28,16,30
2026-08-04,Tamil Nadu,Sugarcane,Vegetative,0.64,0.39,0.66,2.8,0.09,Medium,5.3,43,21,32
2025-11-19,Maharashtra,Sugarcane,Early,0.38,0.22,0.27,1.1,0.07,Low,3.0,36,15,31
2025-08-06,Maharashtra,Rice,Mature,0.66,0.59,0.74,4.6,0.06,Medium,10.4,48,26,31
2026-11-03,Tamil Nadu,Sugarcane,Vegetative,0.5,0.39,0.5,3.5,0.05,Medium,5.3,41,16,27
2026-05-27,Maharashtra,Rice,Early,0.37,0.17,0.34,0.9,0.12,Low,2.9,34,17,33
2026-02-10,Andhra Pradesh,Cotton,Early,0.29,0.29,0.34,1.0,0.12,Low,1.8,34,13,29
2026-10-21,Punjab,Cotton,Early,0.27,0.28,0.24,1.5,0.1,Low,3.5,31,18,24
2026-04-15,Punjab,Cotton,Early,0.35,0.17,0.4,1.6,0.09,Low,3.0,28,12,20
2025-05-27,Tamil Nadu,Maize,Flowering,0.74,0.53,0.91,4.0,0.05,High,7.4,58,25,41
2025-09-29,Karnataka,Cotton,Early,0.41,0.18,0.33,0.8,0.11,Low,1.8,28,10,20
2025-05-23,Tamil Nadu,Sugarcane,Mature,0.78,0.48,0.85,3.6,0.06,High,7.6,43,25,40
2025-09-10,Karnataka,Wheat,Mature,0.7,0.49,0.83,3.2,0.07,High,8.2,50,23,32
2026-07-29,Punjab,Rice,Flowering,0.79,0.54,0.79,3.5,0.04,High,8.0,52,29,43
2026-07-06,Tamil Nadu,Maize,Vegetative,0.69,0.4,0.73,3.0,0.08,Medium,3.8,48,23,28
2025-09-27,Uttar Pradesh,Cotton,Vegetative,0.67,0.47,0.6,2.5,0.07,Medium,5.6,35,19,34
2026-08-22,Andhra Pradesh,Cotton,Mature,0.72,0.51,0.77,4.4,0.03,High,8.6,40,27,34
2026-03-15,Maharashtra,Wheat,Mature,0.78,0.46,0.73,3.5,0.05,High,9.8,45,27,36
2026-08-21,Karnataka,Wheat,Flowering,0.72,0.67,0.89,4.7,0.06,High,7.9,47,23,39
2026-02-13,Uttar Pradesh,Maize,Vegetative,0.57,0.31,0.74,2.0,0.08,Medium,5.0,38,23,35
2026-01-06,Maharashtra,Rice,Vegetative,0.5,0.32,0.74,2.1,0.05,Medium,6.4,36,23,39
2025-08-13,Maharashtra,Cotton,Early,0.34,0.21,0.39,0.5,0.09,Low,3.0,25,12,24
2025-05-22,Tamil Nadu,Maize,Early,0.23,0.28,0.35,1.7,0.12,Low,1.1,26,18,33
2026-06-06,Maharashtra,Sugarcane,Early,0.36,0.27,0.27,1.2,0.11,Low,1.3,39,12,25
2026-05-21,Andhra Pradesh,Sugarcane,Flowering,0.89,0.57,0.77,4.5,0.03,High,8.4,58,21,42
2025-04-04,Uttar Pradesh,Maize,Mature,0.78,0.58,0.79,4.3,0.07,High,10.5,36,27,32
2025-02-18,Maharashtra,Cotton,Flowering,0.76,0.59,0.86,3.7,0.06,High,7.2,42,23,35
2025-04-23,Tamil Nadu,Maize,Vegetative,0.6,0.4,0.66,1.9,0.06,Medium,6.0,48,24,37
2025-06-06,Andhra Pradesh,Cotton,Mature,0.69,0.55,0.87,3.9,0.05,Medium,8.4,44,19,30
2026-10-05,Punjab,Wheat,Early,0.44,0.27,0.37,1.2,0.11,Low,2.2,28,14,28
2025-06-13,Uttar Pradesh,Maize,Flowering,0.79,0.58,0.92,4.0,0.03,High,7.8,47,28,44
2026-11-28,Maharashtra,Cotton,Flowering,0.75,0.62,0.86,3.6,0.03,High,7.8,54,21,43
2026-03-09,Tamil Nadu,Maize,Early,0.37,0.15,0.32,1.0,0.08,Low,3.3,25,15,22
2026-09-03,Punjab,Maize,Flowering,0.87,0.67,0.82,3.9,0.05,High,7.4,46,21,34
2025-03-07,Punjab,Cotton,Early,0.35,0.28,0.32,0.5,0.08,Low,1.8,31,11,30
2026-01-30,Karnataka,Cotton,Vegetative,0.53,0.44,0.47,3.4,0.06,Medium,6.5,46,23,28
2026-01-26,Andhra Pradesh,Rice,Mature,0.67,0.58,0.87,3.7,0.06,Medium,9.2,38,19,29
2026-09-03,Maharashtra,Maize,Vegetative,0.55,0.45,0.72,3.4,0.07,Medium,4.0,36,20,31
2026-04-25,Tamil Nadu,Sugarcane,Vegetative,0.63,0.33,0.57,2.5,0.06,Medium,6.3,44,22,34
2026-06-26,Karnataka,Maize,Early,0.43,0.26,0.31,1.2,0.1,Low,2.5,36,19,33
2025-09-15,Andhra Pradesh,Maize,Flowering,0.84,0.68,0.78,4.6,0.04,High,8.1,58,27,38
2026-07-21,Karnataka,Cotton,Vegetative,0.49,0.42,0.7,3.1,0.08,Medium,5.1,41,20,35
2025-01-12,Uttar Pradesh,Maize,Vegetative,0.58,0.33,0.63,2.3,0.05,Medium,6.3,45,21,27
2026-11-28,Andhra Pradesh,Maize,Vegetative,0.62,0.5,0.48,2.2,0.09,Medium,4.7,41,24,29
2025-04-28,Andhra Pradesh,Sugarcane,Flowering,0.88,0.63,0.94,4.3,0.06,High,7.9,43,23,30
2026-11-30,Maharashtra,Cotton,Flowering,0.8,0.59,0.86,3.8,0.04,High,8.2,58,20,36
2026-07-04,Andhra Pradesh,Maize,Early,0.2,0.21,0.22,0.6,0.08,Low,2.6,36,13,31
2025-10-01,Karnataka,Wheat,Vegetative,0.64,0.41,0.66,3.4,0.08,Medium,4.6,43,23,36
2026-10-19,Andhra Pradesh,Rice,Mature,0.75,0.57,0.73,4.4,0.06,High,9.1,39,19,37
2025-12-15,Maharashtra,Sugarcane,Flowering,0.77,0.62,0.94,3.8,0.05,High,8.0,56,25,42
2025-04-25,Maharashtra,Maize,Early,0.4,0.16,0.22,0.6,0.09,Low,2.3,35,10,24
2025-10-28,Uttar Pradesh,Wheat,Vegetative,0.68,0.37,0.46,2.3,0.07,Medium,4.7,43,21,38
2026-03-22,Karnataka,Maize,Mature,0.69,0.46,0.73,3.8,0.05,Medium,8.6,38,22,35
2025-06-11,Punjab,Maize,Flowering,0.85,0.52,0.9,4.9,0.05,High,8.0,53,22,44
2026-04-10,Punjab,Cotton,Mature,0.71,0.56,0.87,4.3,0.07,High,8.3,54,25,33
2025-01-04,Andhra Pradesh,Cotton,Flowering,0.77,0.69,0.81,4.3,0.05,High,6.5,57,20,40
2025-09-27,Uttar Pradesh,Cotton,Early,0.25,0.15,0.31,1.2,0.11,Low,3.3,37,14,27
2026-05-28,Tamil Nadu,Wheat,Mature,0.8,0.48,0.77,4.1,0.03,High,9.7,40,26,28
2025-07-02,Andhra Pradesh,Maize,Vegetative,0.68,0.4,0.57,3.3,0.08,Medium,6.3,40,20,39
2026-06-04,Uttar Pradesh,Rice,Vegetative,0.49,0.36,0.72,3.0,0.09,Medium,5.8,41,15,38
2025-04-19,Karnataka,Sugarcane,Flowering,0.85,0.5,0.88,4.4,0.04,High,8.2,46,28,34
2026-10-03,Karnataka,Cotton,Vegetative,0.49,0.45,0.58,2.2,0.07,Medium,4.0,49,16,37
2025-11-02,Karnataka,Cotton,Mature,0.84,0.46,0.82,4.6,0.03,High,9.0,40,23,41
2026-10-17,Karnataka,Maize,Early,0.22,0.18,0.32,0.6,0.11,Low,2.8,31,19,33
2026-06-04,Karnataka,Maize,Flowering,0.89,0.61,0.87,5.5,0.05,High,6.6,58,28,33
2026-09-16,Uttar Pradesh,Wheat,Mature,0.81,0.54,0.83,4.8,0.03,High,9.5,43,27,37
2025-07-23,Uttar Pradesh,Wheat,Flowering,0.87,0.57,0.76,4.7,0.04,High,7.6,50,24,31
2025-06-06,Maharashtra,Cotton,Early,0.28,0.23,0.36,1.6,0.11,Low,3.5,29,15,30
2026-01-18,Punjab,Maize,Flowering,0.75,0.52,0.93,5.5,0.04,High,6.6,52,20,30
2025-06-15,Karnataka,Rice,Vegetative,0.46,0.39,0.73,2.3,0.07,Medium,3.8,41,20,36
2026-07-07,Tamil Nadu,Sugarcane,Vegetative,0.55,0.38,0.66,3.4,0.06,Medium,4.8,44,15,25
2026-06-28,Uttar Pradesh,Maize,Flowering,0.72,0.63,0.79,4.5,0.05,High,8.3,57,22,35
2025-01-01,Tamil Nadu,Maize,Early,0.26,0.28,0.24,1.1,0.08,Low,2.9,35,14,24
2026-09-06,Tamil Nadu,Wheat,Early,0.29,0.2,0.35,1.8,0.12,Low,2.4,31,16,34
2025-11-28,Tamil Nadu,Sugarcane,Vegetative,0.69,0.3,0.56,3.3,0.06,Medium,4.3,35,17,36
2026-05-16,Maharashtra,Cotton,Early,0.28,0.19,0.35,0.8,0.09,Low,2.6,38,16,34
2025-01-20,Uttar Pradesh,Maize,Flowering,0.85,0.65,0.88,4.0,0.06,High,7.4,42,22,36
2025-04-25,Tamil Nadu,Cotton,Mature,0.8,0.49,0.75,4.7,0.03,High,10.1,41,21,29
2026-01-07,Karnataka,Maize,Flowering,0.71,0.62,0.8,5.3,0.04,High,6.9,57,26,42
2025-11-11,Andhra Pradesh,Cotton,Vegetative,0.45,0.39,0.49,2.9,0.06,Medium,4.8,38,16,32
2025-09-03,Tamil Nadu,Sugarcane,Vegetative,0.48,0.3,0.47,3.4,0.06,Medium,5.6,39,21,32
2025-03-01,Maharashtra,Wheat,Vegetative,0.58,0.39,0.74,3.4,0.08,Medium,5.3,49,19,35
2025-09-04,Uttar Pradesh,Sugarcane,Early,0.44,0.24,0.34,0.8,0.07,Low,3.4,26,12,26
2026-08-04,Maharashtra,Rice,Flowering,0.73,0.65,0.76,5.2,0.04,High,7.9,43,20,30
2025-03-22,Tamil Nadu,Wheat,Mature,0.75,0.52,0.73,4.1,0.06,High,10.3,44,25,39
2025-03-29,Uttar Pradesh,Sugarcane,Flowering,0.78,0.67,0.82,5.4,0.06,High,6.8,44,20,39
2026-05-13,Andhra Pradesh,Rice,Mature,0.65,0.49,0.82,4.4,0.04,Medium,7.8,41,25,41
2025-03-12,Tamil Nadu,Maize,Flowering,0.71,0.57,0.75,3.9,0.05,High,8.4,45,20,43
2026-06-30,Maharashtra,Maize,Vegetative,0.7,0.37,0.73,3.4,0.06,High,5.9,44,18,25
2025-05-09,Punjab,Cotton,Mature,0.69,0.58,0.84,4.6,0.05,Medium,8.4,44,19,33
2025-05-12,Karnataka,Wheat,Flowering,0.84,0.56,0.85,3.6,0.05,High,8.5,41,22,34
2026-11-07,Maharashtra,Maize,Early,0.24,0.25,0.35,1.5,0.08,Low,2.9,27,16,23
2026-05-02,Uttar Pradesh,Wheat,Early,0.31,0.28,0.44,1.1,0.11,Low,1.1,39,14,29
2026-07-17,Tamil Nadu,Maize,Flowering,0.74,0.62,0.85,4.3,0.03,High,7.3,53,28,30
2025-06-19,Karnataka,Cotton,Vegetative,0.55,0.36,0.73,2.4,0.08,Medium,5.1,49,19,34
2025-09-29,Tamil Nadu,Sugarcane,Mature,0.7,0.52,0.84,3.1,0.05,High,9.3,38,22,41
2026-06-25,Uttar Pradesh,Cotton,Flowering,0.74,0.63,0.95,4.4,0.05,High,7.5,54,21,33
2026-09-14,Tamil Nadu,Rice,Early,0.43,0.16,0.23,0.9,0.12,Low,2.6,32,17,22
2026-03-10,Punjab,Maize,Mature,0.83,0.51,0.7,4.6,0.04,High,9.4,41,26,32
2025-08-05,Karnataka,Rice,Early,0.31,0.25,0.29,0.8,0.09,Low,2.4,25,13,26
2026-07-07,Karnataka,Rice,Early,0.22,0.24,0.28,1.4,0.07,Low,1.3,31,19,25
2026-12-08,Uttar Pradesh,Wheat,Flowering,0.87,0.51,0.79,5.5,0.04,High,7.9,59,27,42
2025-07-25,Punjab,Maize,Early,0.45,0.27,0.34,0.6,0.09,Medium,1.7,29,17,34
2027-01-01,Maharashtra,Rice,Mature,0.83,0.55,0.75,4.0,0.07,High,9.7,52,22,38
2025-11-16,Tamil Nadu,Sugarcane,Vegetative,0.59,0.41,0.47,2.5,0.06,Medium,6.5,35,15,35
2026-02-13,Andhra Pradesh,Rice,Flowering,0.76,0.6,0.93,4.2,0.03,High,8.4,48,26,36
2026-11-19,Tamil Nadu,Sugarcane,Mature,0.66,0.54,0.87,3.7,0.06,Medium,9.4,41,24,31
2026-10-28,Tamil Nadu,Wheat,Flowering,0.86,0.69,0.83,4.9,0.05,High,8.1,57,20,31
2026-01-18,Maharashtra,Rice,Early,0.39,0.17,0.41,1.2,0.1,Low,3.4,28,15,27
2026-03-25,Tamil Nadu,Cotton,Early,0.4,0.2,0.26,1.0,0.1,Low,2.4,32,17,26
2026-06-14,Punjab,Wheat,Mature,0.82,0.47,0.86,3.9,0.05,High,8.8,50,22,30
2026-04-08,Punjab,Sugarcane,Mature,0.67,0.58,0.81,4.3,0.06,Medium,8.9,50,24,36
2025-05-04,Karnataka,Wheat,Vegetative,0.59,0.47,0.7,2.0,0.08,Medium,4.7,37,24,39
2025-09-11,Uttar Pradesh,Rice,Mature,0.74,0.57,0.75,3.0,0.05,High,7.8,48,27,34
2025-08-19,Andhra Pradesh,Maize,Mature,0.79,0.5,0.71,4.6,0.04,High,10.3,54,23,41
2025-03-07,Tamil Nadu,Maize,Flowering,0.8,0.6,0.75,4.2,0.05,High,7.5,59,23,40
2025-12-13,Tamil Nadu,Sugarcane,Early,0.37,0.22,0.42,0.9,0.08,Low,3.2,28,11,29
2025-01-22,Maharashtra,Sugarcane,Mature,0.68,0.48,0.83,3.7,0.06,Medium,10.3,36,21,38
2026-08-26,Uttar Pradesh,Maize,Vegetative,0.61,0.49,0.49,1.9,0.08,Medium,6.1,44,19,38
2026-07-22,Punjab,Sugarcane,Mature,0.84,0.45,0.86,3.6,0.03,High,10.3,42,18,36
2025-08-24,Andhra Pradesh,Wheat,Early,0.22,0.16,0.23,0.6,0.11,Low,2.2,28,11,27
2026-08-26,Karnataka,Cotton,Mature,0.83,0.56,0.88,3.6,0.05,High,9.3,40,27,28
2025-08-14,Punjab,Cotton,Flowering,0.72,0.66,0.85,5.3,0.06,High,6.5,46,26,39
2025-01-08,Uttar Pradesh,Wheat,Early,0.3,0.15,0.4,1.0,0.1,Low,1.2,26,13,24
2025-03-14,Karnataka,Cotton,Mature,0.77,0.59,0.9,3.7,0.04,High,10.1,43,27,33
2026-12-26,Maharashtra,Rice,Flowering,0.81,0.67,0.89,3.5,0.04,High,6.8,40,28,30
2026-10-09,Maharashtra,Wheat,Early,0.3,0.21,0.24,0.7,0.1,Low,1.9,37,11,21
2025-03-02,Tamil Nadu,Sugarcane,Mature,0.7,0.53,0.75,4.7,0.05,High,7.7,43,24,41
2025-08-23,Uttar Pradesh,Wheat,Flowering,0.83,0.56,0.86,5.0,0.06,High,7.0,46,22,33
2025-03-11,Andhra Pradesh,Maize,Vegetative,0.49,0.49,0.62,2.6,0.09,Medium,5.2,41,16,37
2025-02-02,Karnataka,Sugarcane,Flowering,0.89,0.7,0.83,4.7,0.06,High,6.7,53,21,40
2025-12-05,Punjab,Maize,Vegetative,0.5,0.38,0.47,3.0,0.06,Medium,4.4,44,24,37
2025-03-14,Uttar Pradesh,Sugarcane,Mature,0.8,0.46,0.7,4.8,0.04,High,10.0,44,18,33
2026-06-11,Uttar Pradesh,Cotton,Flowering,0.73,0.6,0.83,4.9,0.06,High,8.1,52,21,33
2025-09-01,Maharashtra,Wheat,Vegetative,0.61,0.44,0.54,2.3,0.07,Medium,4.4,37,18,25
2025-10-13,Tamil Nadu,Rice,Early,0.21,0.17,0.42,0.6,0.11,Low,2.8,36,13,24
2026-11-17,Tamil Nadu,Sugarcane,Flowering,0.74,0.58,0.85,5.1,0.06,High,8.3,48,23,42
2026-05-13,Karnataka,Sugarcane,Mature,0.66,0.57,0.87,4.2,0.05,Medium,9.5,52,18,38
2025-08-08,Maharashtra,Maize,Early,0.2,0.17,0.26,0.8,0.12,Low,1.8,29,13,24
2026-07-07,Uttar Pradesh,Cotton,Vegetative,0.66,0.44,0.54,2.8,0.08,Medium,5.7,43,19,32
2025-05-16,Andhra Pradesh,Maize,Flowering,0.85,0.65,0.88,4.0,0.04,High,8.2,43,22,36
2026-08-08,Maharashtra,Maize,Flowering,0.82,0.59,0.9,3.6,0.05,High,8.5,56,20,41
2026-08-14,Karnataka,Cotton,Mature,0.72,0.51,0.9,4.8,0.03,High,9.7,38,20,31
2026-04-30,Karnataka,Rice,Early,0.44,0.2,0.39,1.1,0.1,Low,3.0,37,17,28
2025-09-06,Maharashtra,Maize,Flowering,0.74,0.65,0.81,5.3,0.05,High,7.4,52,24,44
2026-04-30,Karnataka,Maize,Flowering,0.77,0.69,0.78,3.6,0.04,High,8.1,49,21,43
2026-02-21,Maharashtra,Sugarcane,Early,0.41,0.26,0.42,1.3,0.11,Low,1.7,32,17,29
2025-07-14,Punjab,Cotton,Flowering,0.82,0.68,0.88,5.5,0.03,High,8.3,42,25,43
2025-04-07,Maharashtra,Wheat,Early,0.43,0.29,0.29,1.2,0.12,Low,3.3,26,17,27
2025-04-10,Maharashtra,Rice,Early,0.34,0.27,0.27,1.3,0.11,Low,2.8,37,10,27
2026-11-06,Karnataka,Rice,Early,0.23,0.16,0.21,1.3,0.1,Low,3.5,27,10,24
2026-03-18,Karnataka,Cotton,Mature,0.74,0.45,0.75,3.3,0.07,High,8.3,36,18,31
2025-12-29,Tamil Nadu,Sugarcane,Early,0.32,0.18,0.24,0.5,0.11,Low,1.3,25,13,23
2026-03-10,Tamil Nadu,Sugarcane,Early,0.31,0.25,0.35,1.0,0.09,Low,1.2,33,10,24
2026-02-25,Punjab,Cotton,Vegetative,0.52,0.31,0.72,3.0,0.05,Medium,3.7,44,19,37
2026-04-24,Tamil Nadu,Sugarcane,Vegetative,0.47,0.38,0.74,3.5,0.08,Medium,4.2,42,19,35
2025-02-25,Maharashtra,Rice,Mature,0.69,0.59,0.88,4.8,0.06,Medium,10.5,46,24,29
2026-11-21,Karnataka,Rice,Early,0.38,0.25,0.28,0.7,0.08,Low,2.8,39,10,33
2026-11-01,Tamil Nadu,Wheat,Vegetative,0.46,0.39,0.52,3.0,0.07,Medium,3.7,41,19,28
2026-10-24,Tamil Nadu,Cotton,Vegetative,0.58,0.44,0.72,3.4,0.06,Medium,4.1,47,19,38
2025-04-11,Punjab,Maize,Flowering,0.88,0.67,0.82,4.0,0.05,High,7.9,57,22,34
2025-03-04,Uttar Pradesh,Maize,Early,0.41,0.28,0.37,1.7,0.1,Low,3.3,35,14,24
2026-02-17,Punjab,Wheat,Vegetative,0.48,0.42,0.72,3.1,0.07,Medium,4.8,42,15,29
2025-12-14,Maharashtra,Wheat,Mature,0.8,0.46,0.76,3.7,0.05,High,8.0,46,19,33
2025-04-22,Karnataka,Sugarcane,Flowering,0.71,0.64,0.91,4.8,0.03,High,6.7,47,25,34
2025-09-12,Punjab,Wheat,Flowering,0.79,0.69,0.89,4.3,0.03,High,6.6,50,21,42
2025-07-16,Tamil Nadu,Wheat,Early,0.3,0.15,0.44,1.8,0.1,Low,1.2,36,15,23
2025-07-14,Karnataka,Maize,Early,0.22,0.19,0.39,1.2,0.12,Low,2.1,26,13,24
2026-07-04,Karnataka,Sugarcane,Flowering,0.86,0.52,0.94,5.1,0.04,High,8.2,40,28,36
2026-04-05,Tamil Nadu,Wheat,Mature,0.82,0.48,0.71,3.7,0.05,High,10.1,46,23,30
2025-05-24,Punjab,Wheat,Early,0.37,0.15,0.29,1.4,0.08,Low,3.4,32,10,31
2026-03-09,Tamil Nadu,Sugarcane,Early,0.34,0.28,0.34,0.8,0.11,Low,2.4,26,16,21
2025-07-07,Uttar Pradesh,Cotton,Flowering,0.83,0.59,0.91,3.5,0.05,High,8.0,56,22,38
2025-10-13,Karnataka,Sugarcane,Flowering,0.75,0.52,0.88,4.5,0.06,High,8.0,53,26,43
2026-04-19,Andhra Pradesh,Maize,Early,0.4,0.22,0.23,1.2,0.12,Low,3.0,26,12,28
2025-09-13,Andhra Pradesh,Cotton,Vegetative,0.5,0.31,0.65,2.5,0.07,Medium,5.4,40,16,37
2025-03-19,Maharashtra,Rice,Early,0.3,0.17,0.44,1.0,0.11,Low,1.5,26,17,28
2026-03-30,Tamil Nadu,Sugarcane,Vegetative,0.62,0.31,0.63,2.7,0.06,Medium,4.1,37,17,25
2026-07-18,Tamil Nadu,Maize,Flowering,0.81,0.62,0.86,4.0,0.04,High,6.8,42,21,34
2025-04-11,Maharashtra,Cotton,Vegetative,0.5,0.34,0.71,3.1,0.08,Medium,4.7,46,16,25
2025-02-21,Maharashtra,Sugarcane,Mature,0.67,0.51,0.84,3.5,0.06,Medium,8.8,44,18,31
2026-10-30,Maharashtra,Wheat,Flowering,0.85,0.69,0.89,5.3,0.04,High,7.2,47,29,43
2026-07-08,Karnataka,Sugarcane,Early,0.41,0.28,0.27,1.6,0.08,Low,1.8,26,12,23
2025-01-16,Uttar Pradesh,Rice,Early,0.27,0.3,0.37,1.1,0.1,Low,1.7,34,11,27
2025-04-06,Tamil Nadu,Sugarcane,Flowering,0.88,0.67,0.8,3.6,0.05,High,7.7,48,24,39
2025-08-31,Karnataka,Cotton,Flowering,0.89,0.63,0.79,4.4,0.05,High,6.6,56,27,30
2025-06-20,Maharashtra,Cotton,Mature,0.8,0.55,0.78,4.7,0.03,High,9.9,42,26,39
2026-02-21,Tamil Nadu,Sugarcane,Flowering,0.7,0.52,0.83,3.8,0.04,High,7.8,42,23,42
2026-05-13,Karnataka,Cotton,Early,0.29,0.15,0.31,0.9,0.08,Low,1.2,39,17,28
2026-05-08,Uttar Pradesh,Wheat,Mature,0.78,0.55,0.71,4.1,0.05,High,7.8,38,22,41
2025-08-07,Karnataka,Sugarcane,Early,0.33,0.24,0.31,1.6,0.12,Low,2.6,31,13,28
2026-02-15,Uttar Pradesh,Wheat,Vegetative,0.56,0.42,0.52,3.4,0.07,Medium,4.4,48,22,29
2025-03-02,Maharashtra,Wheat,Flowering,0.73,0.56,0.89,4.1,0.05,High,6.8,47,20,36
2025-06-18,Uttar Pradesh,Maize,Vegetative,0.67,0.49,0.72,3.1,0.08,Medium,4.3,44,17,27
2026-01-24,Tamil Nadu,Sugarcane,Early,0.45,0.25,0.31,1.1,0.1,Medium,1.3,33,15,33
2025-01-03,Maharashtra,Cotton,Vegetative,0.49,0.39,0.48,2.4,0.07,Medium,4.9,46,15,32
2026-02-04,Tamil Nadu,Wheat,Vegetative,0.59,0.35,0.63,3.5,0.05,Medium,4.1,47,18,38
2025-09-29,Andhra Pradesh,Maize,Early,0.35,0.23,0.39,0.6,0.12,Low,1.2,33,18,23
2026-04-11,Punjab,Sugarcane,Early,0.42,0.23,0.22,1.3,0.07,Low,2.9,27,10,20
2025-10-20,Uttar Pradesh,Sugarcane,Flowering,0.86,0.61,0.91,4.7,0.04,High,7.6,51,28,41
2026-03-10,Punjab,Rice,Vegetative,0.61,0.35,0.58,3.1,0.07,Medium,3.7,44,16,39
2026-12-15,Punjab,Rice,Mature,0.77,0.47,0.88,3.1,0.07,High,9.6,45,23,35
2026-07-24,Uttar Pradesh,Wheat,Mature,0.83,0.57,0.82,4.7,0.06,High,8.1,37,21,31
2026-11-09,Maharashtra,Rice,Early,0.3,0.19,0.39,1.5,0.08,Low,1.2,27,10,30
2026-05-14,Andhra Pradesh,Wheat,Early,0.3,0.24,0.42,0.8,0.12,Low,2.8,35,11,22
2025-06-08,Tamil Nadu,Cotton,Vegetative,0.47,0.38,0.73,2.8,0.06,Medium,5.4,49,16,35
2025-07-14,Karnataka,Wheat,Early,0.33,0.29,0.24,1.4,0.1,Low,2.7,30,14,34
2025-10-31,Tamil Nadu,Rice,Mature,0.65,0.51,0.79,4.6,0.07,Medium,10.4,36,23,35
2025-08-11,Karnataka,Cotton,Flowering,0.83,0.51,0.8,4.7,0.05,High,7.8,40,23,44
2025-03-01,Tamil Nadu,Rice,Flowering,0.88,0.69,0.82,3.7,0.04,High,7.5,46,22,44
2026-08-17,Uttar Pradesh,Wheat,Vegetative,0.69,0.37,0.7,3.4,0.08,Medium,3.7,35,19,33
2026-07-10,Andhra Pradesh,Maize,Flowering,0.71,0.68,0.93,4.0,0.05,High,8.4,59,21,32
2025-03-04,Karnataka,Sugarcane,Early,0.32,0.27,0.32,1.5,0.09,Low,1.6,28,18,27
2025-11-18,Maharashtra,Rice,Early,0.32,0.17,0.4,1.0,0.11,Low,3.4,29,12,24
2025-02-28,Tamil Nadu,Wheat,Early,0.34,0.17,0.43,1.6,0.11,Low,2.7,29,16,21
2025-02-21,Tamil Nadu,Cotton,Early,0.34,0.23,0.32,1.1,0.08,Low,2.9,36,13,23
2026-08-22,Karnataka,Rice,Vegetative,0.62,0.41,0.74,2.0,0.08,Medium,3.9,47,22,25
2026-05-04,Maharashtra,Rice,Flowering,0.7,0.55,0.86,4.6,0.05,High,7.1,57,23,44
2026-05-30,Maharashtra,Sugarcane,Mature,0.66,0.46,0.74,4.7,0.07,Medium,9.5,49,21,41
2026-06-28,Uttar Pradesh,Wheat,Flowering,0.89,0.53,0.77,3.7,0.05,High,8.1,52,24,38
2025-06-11,Uttar Pradesh,Maize,Early,0.37,0.19,0.34,1.1,0.1,Low,2.3,38,17,27
2025-02-28,Uttar Pradesh,Cotton,Mature,0.69,0.46,0.78,3.0,0.04,Medium,8.6,46,25,35
2026-06-05,Uttar Pradesh,Wheat,Vegetative,0.5,0.35,0.7,2.8,0.09,Medium,4.2,43,24,36
2025-03-24,Uttar Pradesh,Cotton,Early,0.33,0.3,0.37,0.9,0.11,Low,3.0,30,11,30
2025-07-10,Uttar Pradesh,Rice,Early,0.24,0.18,0.32,1.1,0.08,Low,1.4,29,17,34
2025-03-12,Andhra Pradesh,Sugarcane,Mature,0.81,0.49,0.75,3.4,0.04,High,9.2,54,24,36
2026-09-02,Maharashtra,Sugarcane,Vegetative,0.5,0.34,0.71,3.0,0.07,Medium,4.7,45,20,32
2025-03-11,Uttar Pradesh,Maize,Mature,0.67,0.57,0.87,3.4,0.03,Medium,9.7,36,20,37
2026-11-23,Maharashtra,Sugarcane,Vegetative,0.51,0.46,0.69,2.2,0.06,Medium,3.9,41,18,26
2025-08-29,Maharashtra,Rice,Early,0.27,0.24,0.41,1.2,0.11,Low,1.8,36,14,34
2026-02-18,Punjab,Maize,Flowering,0.84,0.69,0.79,4.4,0.04,High,6.7,49,27,32
2025-05-03,Andhra Pradesh,Wheat,Early,0.45,0.17,0.33,1.5,0.09,Medium,2.2,26,14,26
2026-08-07,Uttar Pradesh,Sugarcane,Flowering,0.83,0.68,0.82,4.4,0.06,High,7.0,52,21,41
2025-09-10,Tamil Nadu,Maize,Flowering,0.7,0.5,0.87,3.9,0.04,High,7.8,49,23,34
2026-08-16,Karnataka,Rice,Vegetative,0.5,0.41,0.7,1.9,0.09,Medium,5.5,40,20,36
2026-09-01,Tamil Nadu,Cotton,Mature,0.69,0.49,0.72,4.1,0.06,Medium,9.4,54,24,35
2025-02-10,Andhra Pradesh,Cotton,Vegetative,0.55,0.41,0.48,3.5,0.06,Medium,5.4,39,23,37
2026-09-27,Karnataka,Rice,Early,0.42,0.24,0.39,0.8,0.1,Low,3.3,36,13,33
2025-03-25,Andhra Pradesh,Rice,Mature,0.79,0.46,0.82,3.2,0.07,High,9.9,42,20,40
2026-03-06,Maharashtra,Cotton,Flowering,0.77,0.51,0.86,4.3,0.03,High,8.1,48,23,35
2026-11-05,Karnataka,Maize,Flowering,0.74,0.55,0.79,5.0,0.06,High,7.9,47,22,39
2026-08-21,Maharashtra,Cotton,Early,0.3,0.16,0.36,1.1,0.08,Low,2.2,31,17,31
2026-08-02,Tamil Nadu,Rice,Mature,0.78,0.52,0.82,3.7,0.04,High,8.7,53,18,28
2026-06-20,Tamil Nadu,Sugarcane,Early,0.42,0.28,0.42,0.9,0.07,Low,1.7,33,19,20
2025-11-20,Karnataka,Wheat,Early,0.36,0.16,0.23,0.7,0.1,Low,2.8,34,18,23
2025-09-25,Karnataka,Sugarcane,Vegetative,0.63,0.38,0.48,1.9,0.07,Medium,5.3,39,20,27
2025-07-29,Uttar Pradesh,Sugarcane,Early,0.32,0.15,0.22,1.2,0.11,Low,1.5,39,18,32
2026-11-17,Andhra Pradesh,Rice,Mature,0.71,0.56,0.81,4.8,0.04,High,8.0,48,18,40
2025-11-18,Uttar Pradesh,Cotton,Early,0.3,0.17,0.25,1.4,0.12,Low,2.0,33,16,27
2025-09-02,Andhra Pradesh,Maize,Mature,0.66,0.59,0.87,4.5,0.07,Medium,9.0,49,21,29
2025-09-29,Uttar Pradesh,Sugarcane,Flowering,0.75,0.62,0.88,4.8,0.04,High,7.2,50,20,42
2026-02-10,Maharashtra,Cotton,Early,0.28,0.17,0.22,0.6,0.1,Low,1.1,38,11,31
2025-05-15,Karnataka,Maize,Mature,0.79,0.47,0.88,3.3,0.04,High,7.9,49,24,40
2026-11-19,Tamil Nadu,Sugarcane,Flowering,0.75,0.57,0.92,4.7,0.05,High,6.9,51,22,35
2026-10-23,Andhra Pradesh,Maize,Mature,0.8,0.53,0.86,4.3,0.05,High,8.0,54,25,37
2025-11-04,Andhra Pradesh,Cotton,Flowering,0.76,0.65,0.77,5.0,0.03,High,6.9,42,21,32
2026-04-14,Tamil Nadu,Wheat,Vegetative,0.65,0.39,0.55,2.1,0.06,Medium,5.5,49,24,30
2025-11-20,Uttar Pradesh,Cotton,Early,0.23,0.16,0.39,1.4,0.07,Low,2.4,33,14,23
2025-03-16,Andhra Pradesh,Rice,Early,0.21,0.15,0.33,1.5,0.08,Low,1.6,34,11,27
2025-01-10,Maharashtra,Maize,Flowering,0.74,0.57,0.88,3.8,0.04,High,7.4,41,27,34
2026-04-15,Karnataka,Wheat,Vegetative,0.68,0.45,0.65,2.8,0.07,Medium,4.1,35,24,38
2026-09-29,Tamil Nadu,Maize,Mature,0.67,0.56,0.74,3.7,0.03,Medium,7.9,54,20,34
2026-07-31,Karnataka,Maize,Vegetative,0.63,0.46,0.65,2.9,0.08,Medium,5.0,35,18,27
2025-04-13,Andhra Pradesh,Sugarcane,Mature,0.71,0.53,0.79,3.5,0.07,High,8.3,41,18,29
2025-03-17,Andhra Pradesh,Rice,Mature,0.81,0.54,0.82,4.5,0.04,High,8.1,52,23,37
2026-07-05,Tamil Nadu,Maize,Early,0.43,0.26,0.32,1.4,0.11,Low,1.3,28,14,24
2025-08-07,Maharashtra,Cotton,Flowering,0.78,0.64,0.89,4.4,0.05,High,7.5,52,20,35
2026-06-03,Punjab,Cotton,Early,0.4,0.29,0.3,1.7,0.11,Low,2.2,31,13,22
2025-09-29,Tamil Nadu,Sugarcane,Early,0.26,0.21,0.32,1.5,0.11,Low,1.4,35,17,32
2025-05-16,Punjab,Rice,Early,0.28,0.22,0.35,0.9,0.1,Low,1.7,25,14,22
2025-12-24,Uttar Pradesh,Rice,Mature,0.67,0.57,0.89,3.8,0.05,Medium,7.9,50,18,41
2025-03-12,Punjab,Cotton,Early,0.35,0.29,0.25,1.5,0.07,Low,1.9,39,19,26
2025-09-08,Maharashtra,Wheat,Mature,0.84,0.46,0.83,3.8,0.05,High,8.1,48,19,38
2026-01-14,Uttar Pradesh,Sugarcane,Flowering,0.74,0.55,0.92,4.6,0.04,High,6.8,55,27,30
2025-10-19,Punjab,Sugarcane,Mature,0.84,0.47,0.8,4.0,0.05,High,9.9,41,18,30
2025-06-11,Uttar Pradesh,Cotton,Mature,0.72,0.5,0.81,3.5,0.03,High,9.5,52,23,40
2026-03-25,Punjab,Cotton,Vegetative,0.69,0.4,0.57,2.7,0.08,Medium,4.5,45,19,27
2026-07-11,Maharashtra,Wheat,Early,0.41,0.21,0.22,1.2,0.08,Low,3.4,35,14,20
2026-12-22,Punjab,Wheat,Early,0.43,0.24,0.28,0.9,0.1,Low,3.2,39,18,21
2025-11-06,Punjab,Rice,Early,0.22,0.19,0.22,1.5,0.08,Low,1.2,25,19,21
2026-09-19,Punjab,Sugarcane,Early,0.24,0.3,0.29,0.6,0.09,Low,3.2,39,13,29
2026-11-01,Tamil Nadu,Sugarcane,Vegetative,0.53,0.34,0.71,2.0,0.09,Medium,4.4,43,22,34
2026-06-26,Tamil Nadu,Cotton,Vegetative,0.65,0.46,0.72,2.7,0.09,Medium,6.5,44,23,38
2025-01-09,Tamil Nadu,Rice,Vegetative,0.51,0.47,0.56,2.7,0.09,Medium,5.5,47,20,29
2026-11-15,Maharashtra,Sugarcane,Vegetative,0.56,0.49,0.58,2.4,0.07,Medium,5.1,45,18,32
2026-07-22,Uttar Pradesh,Rice,Early,0.34,0.28,0.4,1.2,0.07,Low,1.7,32,14,25
2025-11-03,Andhra Pradesh,Rice,Mature,0.66,0.53,0.88,4.3,0.06,Medium,9.5,46,26,30
2026-11-11,Punjab,Cotton,Flowering,0.81,0.54,0.93,3.7,0.04,High,8.2,51,20,40
2025-04-17,Punjab,Rice,Vegetative,0.48,0.32,0.67,2.8,0.07,Medium,4.9,39,22,29
2025-05-18,Maharashtra,Wheat,Mature,0.69,0.46,0.75,3.8,0.06,Medium,9.4,49,18,28
2025-09-28,Punjab,Wheat,Vegetative,0.48,0.47,0.49,2.9,0.08,Medium,4.0,39,23,28
2025-04-29,Tamil Nadu,Maize,Early,0.24,0.26,0.25,1.2,0.07,Low,3.3,33,15,26
2025-04-20,Andhra Pradesh,Cotton,Early,0.44,0.15,0.32,0.5,0.12,Low,2.3,38,12,20
2026-07-21,Karnataka,Maize,Mature,0.73,0.59,0.84,4.6,0.04,High,7.6,41,19,30
2025-06-09,Punjab,Wheat,Mature,0.84,0.51,0.7,4.2,0.07,High,10.4,44,25,36
2025-10-06,Tamil Nadu,Maize,Mature,0.76,0.55,0.85,3.3,0.07,High,9.4,53,24,33
2025-10-16,Karnataka,Cotton,Early,0.3,0.3,0.35,1.6,0.12,Low,2.7,26,15,30
2026-09-12,Andhra Pradesh,Cotton,Early,0.21,0.18,0.25,0.8,0.09,Low,1.9,30,16,20
2025-08-04,Karnataka,Rice,Flowering,0.76,0.55,0.9,4.2,0.05,High,7.4,43,26,40
2025-12-18,Tamil Nadu,Sugarcane,Mature,0.78,0.59,0.87,3.8,0.06,High,8.0,52,23,37
2025-07-28,Uttar Pradesh,Rice,Flowering,0.83,0.53,0.93,4.6,0.04,High,6.8,58,26,40
2026-12-05,Uttar Pradesh,Cotton,Vegetative,0.66,0.36,0.69,2.3,0.06,Medium,6.4,44,19,26
2026-10-12,Karnataka,Wheat,Flowering,0.85,0.52,0.83,4.5,0.04,High,7.6,56,27,39
2025-09-28,Maharashtra,Wheat,Vegetative,0.59,0.49,0.64,3.2,0.08,Medium,6.0,38,21,36
2026-06-02,Karnataka,Rice,Vegetative,0.5,0.47,0.71,2.3,0.08,Medium,4.6,36,20,30
2026-05-16,Punjab,Cotton,Flowering,0.78,0.54,0.82,3.8,0.03,High,8.3,41,28,42
2025-09-15,Punjab,Wheat,Mature,0.66,0.5,0.79,3.4,0.04,Medium,8.1,49,18,40
2025-02-22,Uttar Pradesh,Cotton,Vegetative,0.61,0.38,0.72,3.4,0.06,Medium,4.2,47,24,27
2025-04-05,Maharashtra,Wheat,Mature,0.67,0.52,0.85,4.0,0.04,Medium,9.5,37,24,34
2026-10-12,Tamil Nadu,Cotton,Early,0.21,0.16,0.34,0.6,0.07,Low,1.4,26,17,26
2026-03-10,Punjab,Maize,Vegetative,0.68,0.47,0.56,2.8,0.05,Medium,4.3,35,20,28
2025-10-11,Uttar Pradesh,Cotton,Early,0.43,0.15,0.42,0.6,0.12,Low,1.7,31,13,33
2025-02-15,Andhra Pradesh,Cotton,Flowering,0.8,0.53,0.82,4.8,0.06,High,8.1,51,24,30
2025-01-04,Uttar Pradesh,Rice,Mature,0.72,0.49,0.71,3.3,0.03,High,10.2,38,26,33
2025-12-08,Punjab,Maize,Flowering,0.82,0.61,0.77,4.1,0.03,High,7.3,41,29,42
2025-05-14,Punjab,Sugarcane,Vegetative,0.59,0.43,0.7,3.0,0.08,Medium,4.4,40,19,27
2026-10-15,Uttar Pradesh,Rice,Early,0.3,0.19,0.32,0.6,0.07,Low,1.3,34,14,32
2025-09-26,Tamil Nadu,Sugarcane,Vegetative,0.47,0.38,0.57,3.5,0.07,Medium,4.4,40,20,25
2025-06-15,Karnataka,Wheat,Flowering,0.87,0.7,0.85,4.2,0.04,High,6.5,56,23,35
2026-03-29,Punjab,Sugarcane,Mature,0.71,0.53,0.75,4.0,0.04,High,9.5,48,21,37
2026-07-19,Uttar Pradesh,Cotton,Mature,0.69,0.58,0.83,3.1,0.05,Medium,8.1,43,20,33
2026-12-24,Uttar Pradesh,Sugarcane,Vegetative,0.66,0.37,0.58,3.5,0.08,Medium,6.2,46,22,27
2026-03-14,Maharashtra,Rice,Vegetative,0.52,0.41,0.53,2.3,0.08,Medium,5.3,44,16,38
2026-07-29,Karnataka,Rice,Early,0.21,0.25,0.43,0.8,0.1,Low,3.4,39,10,28
2025-01-10,Andhra Pradesh,Sugarcane,Flowering,0.81,0.5,0.82,4.3,0.04,High,7.4,55,20,35
2025-04-25,Tamil Nadu,Rice,Vegetative,0.57,0.45,0.58,2.4,0.06,Medium,4.1,46,21,30
2025-03-19,Andhra Pradesh,Rice,Early,0.44,0.17,0.21,1.0,0.08,Low,1.5,28,15,22
2026-12-09,Karnataka,Sugarcane,Vegetative,0.62,0.34,0.61,3.5,0.07,Medium,5.4,43,22,39
2025-06-02,Karnataka,Maize,Mature,0.79,0.5,0.81,4.2,0.05,High,10.1,47,26,37
2026-07-13,Karnataka,Maize,Early,0.31,0.27,0.4,1.4,0.07,Low,2.4,25,15,21
2025-02-06,Andhra Pradesh,Wheat,Early,0.33,0.17,0.34,0.5,0.09,Low,1.5,25,16,26
2026-01-14,Karnataka,Rice,Vegetative,0.66,0.36,0.62,2.9,0.08,Medium,6.1,49,20,38
2026-08-20,Uttar Pradesh,Sugarcane,Flowering,0.84,0.54,0.84,3.5,0.03,High,7.9,55,24,33
2026-07-20,Andhra Pradesh,Rice,Mature,0.7,0.46,0.79,3.2,0.05,High,9.7,50,26,37
2025-06-01,Karnataka,Cotton,Flowering,0.77,0.61,0.84,4.8,0.03,High,7.5,48,22,31
2026-03-17,Uttar Pradesh,Rice,Early,0.41,0.22,0.37,1.3,0.07,Low,1.5,37,19,32
2025-05-11,Maharashtra,Rice,Flowering,0.87,0.56,0.83,4.2,0.05,High,6.6,48,28,37
2025-02-12,Karnataka,Maize,Early,0.45,0.27,0.34,0.9,0.08,Medium,1.9,38,11,32
2025-11-12,Andhra Pradesh,Sugarcane,Flowering,0.89,0.67,0.77,3.8,0.05,High,7.0,57,27,40
2026-01-09,Punjab,Rice,Vegetative,0.52,0.35,0.56,2.4,0.06,Medium,4.5,47,22,37
2025-02-10,Karnataka,Maize,Flowering,0.85,0.5,0.88,4.7,0.05,High,8.1,48,21,30
2026-01-02,Punjab,Wheat,Early,0.31,0.24,0.42,1.8,0.1,Low,2.9,26,11,29
2025-08-04,Uttar Pradesh,Maize,Mature,0.67,0.52,0.77,4.6,0.07,Medium,9.6,36,19,34
2026-11-30,Maharashtra,Maize,Mature,0.73,0.53,0.89,4.3,0.05,High,9.8,42,24,36
2025-09-13,Tamil Nadu,Maize,Mature,0.65,0.6,0.83,3.7,0.05,Medium,8.3,36,18,34
2026-11-14,Maharashtra,Rice,Early,0.42,0.2,0.44,1.3,0.11,Low,2.7,29,15,24
2025-04-16,Karnataka,Rice,Flowering,0.79,0.52,0.94,5.3,0.05,High,8.4,51,24,31
2025-12-29,Punjab,Wheat,Mature,0.71,0.56,0.78,4.4,0.04,High,8.1,48,26,37
2026-07-28,Punjab,Cotton,Mature,0.67,0.59,0.76,3.9,0.05,Medium,10.4,42,19,33
2026-02-21,Andhra Pradesh,Cotton,Mature,0.82,0.52,0.78,4.3,0.07,High,9.8,42,25,34
2026-09-28,Punjab,Cotton,Vegetative,0.55,0.42,0.7,2.1,0.08,Medium,5.3,41,16,31
2025-06-08,Andhra Pradesh,Wheat,Early,0.38,0.23,0.33,0.9,0.1,Low,1.1,38,12,34
2025-08-31,Uttar Pradesh,Cotton,Early,0.39,0.25,0.35,1.2,0.11,Low,1.6,36,18,26
2025-06-16,Tamil Nadu,Cotton,Early,0.3,0.23,0.25,1.6,0.1,Low,1.5,38,17,34
2025-07-01,Karnataka,Maize,Early,0.2,0.24,0.22,1.5,0.12,Low,2.3,38,12,25
2026-02-27,Andhra Pradesh,Rice,Early,0.32,0.29,0.31,1.4,0.1,Low,3.2,28,18,20
2025-01-26,Tamil Nadu,Rice,Vegetative,0.68,0.32,0.56,3.0,0.06,Medium,5.5,42,18,26
2025-07-03,Punjab,Maize,Flowering,0.81,0.63,0.94,4.9,0.04,High,6.9,43,22,40
2025-12-07,Punjab,Maize,Vegetative,0.64,0.45,0.46,2.7,0.07,Medium,6.3,44,18,39
2026-02-26,Tamil Nadu,Maize,Mature,0.84,0.6,0.89,4.2,0.06,High,7.9,38,20,39
2026-11-17,Punjab,Rice,Vegetative,0.53,0.5,0.58,2.0,0.09,Medium,6.5,48,19,25
2025-09-12,Uttar Pradesh,Cotton,Early,0.29,0.27,0.41,0.9,0.09,Low,3.2,26,12,20
2025-10-01,Uttar Pradesh,Maize,Vegetative,0.62,0.48,0.67,2.0,0.09,Medium,6.2,36,22,29
2025-06-13,Tamil Nadu,Wheat,Early,0.33,0.27,0.25,1.5,0.09,Low,1.5,37,12,31
2026-12-20,Andhra Pradesh,Maize,Vegetative,0.46,0.38,0.63,3.1,0.06,Medium,5.0,41,21,25
2025-04-21,Andhra Pradesh,Sugarcane,Early,0.26,0.22,0.44,1.6,0.08,Low,1.1,35,12,30
2026-01-27,Tamil Nadu,Maize,Mature,0.78,0.55,0.82,3.2,0.07,High,8.7,54,25,40
2025-02-09,Andhra Pradesh,Rice,Early,0.23,0.18,0.39,0.9,0.07,Low,3.4,33,16,25
2026-04-27,Andhra Pradesh,Maize,Vegetative,0.51,0.38,0.73,3.3,0.07,Medium,4.7,45,17,28
2025-08-16,Uttar Pradesh,Sugarcane,Mature,0.72,0.46,0.83,4.0,0.03,High,10.2,53,18,40
2025-07-24,Andhra Pradesh,Wheat,Vegetative,0.54,0.44,0.52,2.5,0.07,Medium,6.2,45,16,29
2026-04-17,Maharashtra,Cotton,Mature,0.85,0.53,0.87,4.8,0.04,High,8.3,41,26,28
2025-12-25,Karnataka,Maize,Flowering,0.76,0.67,0.87,4.4,0.04,High,7.5,47,27,35
2025-11-09,Punjab,Sugarcane,Flowering,0.81,0.5,0.94,5.3,0.05,High,7.7,55,29,40
2025-08-22,Maharashtra,Sugarcane,Flowering,0.82,0.64,0.85,4.5,0.05,High,7.6,41,21,41
2025-08-17,Andhra Pradesh,Wheat,Vegetative,0.61,0.4,0.65,2.6,0.06,Medium,3.5,47,23,32
2025-01-25,Uttar Pradesh,Rice,Vegetative,0.69,0.37,0.57,2.1,0.05,Medium,5.8,35,20,37
2026-11-07,Tamil Nadu,Maize,Mature,0.65,0.48,0.8,4.0,0.04,Medium,7.7,39,25,32
2025-07-17,Andhra Pradesh,Sugarcane,Mature,0.68,0.45,0.72,3.5,0.07,Medium,9.2,47,26,30
2026-02-13,Uttar Pradesh,Wheat,Mature,0.71,0.59,0.87,4.5,0.05,High,9.9,50,25,37
2025-12-03,Karnataka,Cotton,Mature,0.82,0.52,0.77,4.8,0.05,High,8.9,40,18,32
2025-10-13,Andhra Pradesh,Sugarcane,Early,0.26,0.17,0.44,1.4,0.11,Low,2.2,31,17,34
2025-03-13,Tamil Nadu,Wheat,Flowering,0.75,0.68,0.95,4.5,0.06,High,6.5,54,23,43
2025-10-13,Uttar Pradesh,Rice,Early,0.23,0.18,0.25,1.2,0.11,Low,1.8,26,19,20
2025-12-26,Uttar Pradesh,Rice,Early,0.39,0.18,0.25,1.7,0.12,Low,3.5,38,18,27
2026-10-19,Uttar Pradesh,Sugarcane,Early,0.43,0.23,0.26,0.8,0.08,Low,2.1,35,17,21
2026-06-06,Karnataka,Sugarcane,Early,0.36,0.27,0.34,1.4,0.12,Low,2.6,30,13,31
2026-02-14,Andhra Pradesh,Maize,Flowering,0.84,0.65,0.79,3.7,0.04,High,7.0,40,21,39
2026-11-27,Karnataka,Wheat,Early,0.34,0.2,0.41,0.7,0.09,Low,1.0,31,14,28
2026-07-04,Punjab,Sugarcane,Mature,0.68,0.51,0.76,4.5,0.05,Medium,7.6,46,24,40
2025-12-06,Punjab,Maize,Vegetative,0.59,0.46,0.68,3.2,0.09,Medium,6.3,35,22,28
2025-01-29,Andhra Pradesh,Maize,Mature,0.81,0.55,0.9,3.0,0.04,High,8.3,50,24,28
2025-04-29,Karnataka,Sugarcane,Vegetative,0.65,0.46,0.73,3.1,0.05,Medium,6.0,43,18,33
2025-09-25,Tamil Nadu,Rice,Mature,0.8,0.58,0.87,4.7,0.05,High,10.2,36,19,30
2025-07-02,Uttar Pradesh,Wheat,Mature,0.82,0.45,0.71,4.1,0.05,High,10.2,50,23,37
2026-08-18,Uttar Pradesh,Wheat,Vegetative,0.52,0.48,0.59,2.5,0.08,Medium,4.4,44,18,34
2025-09-29,Andhra Pradesh,Rice,Flowering,0.74,0.69,0.92,4.3,0.05,High,8.4,54,27,31
2025-02-09,Punjab,Sugarcane,Early,0.32,0.16,0.21,1.1,0.09,Low,1.3,36,18,20
2025-04-22,Punjab,Wheat,Mature,0.78,0.51,0.72,3.2,0.06,High,8.2,37,20,28
2026-09-03,Uttar Pradesh,Sugarcane,Flowering,0.78,0.51,0.9,5.2,0.03,High,6.8,58,28,44
2026-03-21,Andhra Pradesh,Sugarcane,Early,0.23,0.24,0.45,0.6,0.08,Low,3.2,25,17,22
2025-12-20,Karnataka,Maize,Flowering,0.8,0.6,0.91,5.0,0.06,High,8.2,47,24,39
2025-11-18,Punjab,Rice,Flowering,0.75,0.62,0.84,5.1,0.04,High,7.8,45,24,33
2026-03-23,Karnataka,Sugarcane,Early,0.33,0.2,0.37,1.7,0.09,Low,2.2,36,16,27
2026-09-13,Punjab,Cotton,Mature,0.7,0.59,0.83,3.0,0.04,High,9.5,51,26,31
2026-06-08,Punjab,Rice,Flowering,0.81,0.64,0.87,3.7,0.06,High,6.7,51,21,34
2025-04-29,Maharashtra,Wheat,Mature,0.79,0.56,0.79,3.9,0.05,High,9.6,36,20,28
2026-01-30,Punjab,Maize,Mature,0.82,0.47,0.82,4.6,0.05,High,9.7,38,18,41
2026-08-14,Tamil Nadu,Wheat,Mature,0.73,0.59,0.74,3.2,0.04,High,9.7,44,23,32
2025-07-14,Andhra Pradesh,Wheat,Early,0.21,0.16,0.41,1.3,0.09,Low,3.2,31,11,25
2025-09-18,Andhra Pradesh,Rice,Vegetative,0.53,0.47,0.55,2.9,0.06,Medium,6.3,47,19,35
2025-02-15,Karnataka,Wheat,Mature,0.84,0.5,0.83,4.3,0.03,High,10.4,52,24,31
2026-12-27,Punjab,Sugarcane,Vegetative,0.67,0.5,0.68,3.5,0.08,Medium,6.4,35,23,27
2026-03-23,Tamil Nadu,Wheat,Vegetative,0.55,0.43,0.56,2.3,0.07,Medium,6.3,42,18,36
2025-01-02,Karnataka,Maize,Flowering,0.79,0.54,0.88,4.9,0.05,High,6.6,42,25,31
2026-06-17,Maharashtra,Maize,Mature,0.8,0.56,0.83,3.7,0.05,High,7.6,48,27,30
2026-07-06,Karnataka,Cotton,Mature,0.82,0.49,0.76,4.7,0.05,High,7.5,49,25,41
2026-12-05,Karnataka,Maize,Mature,0.78,0.54,0.71,3.4,0.04,High,7.7,37,21,32
2026-11-18,Punjab,Wheat,Vegetative,0.59,0.34,0.54,3.3,0.07,Medium,4.3,36,21,32
2025-07-21,Maharashtra,Maize,Early,0.4,0.29,0.3,1.3,0.1,Low,3.5,29,19,20
2026-01-08,Karnataka,Rice,Vegetative,0.62,0.37,0.48,2.8,0.07,Medium,6.4,44,16,38
2026-03-18,Tamil Nadu,Maize,Mature,0.76,0.48,0.82,4.0,0.05,High,9.0,48,18,41
2025-03-13,Tamil Nadu,Sugarcane,Mature,0.66,0.46,0.78,4.5,0.07,Medium,8.2,50,18,33
2026-11-12,Andhra Pradesh,Rice,Mature,0.77,0.58,0.73,3.0,0.05,High,8.8,43,20,31
2025-12-05,Maharashtra,Cotton,Vegetative,0.47,0.34,0.72,1.8,0.08,Medium,4.7,47,15,25
2026-10-01,Maharashtra,Sugarcane,Mature,0.69,0.45,0.81,3.8,0.06,Medium,7.9,41,23,37
2025-11-18,Andhra Pradesh,Wheat,Flowering,0.89,0.6,0.84,5.0,0.06,High,8.4,48,26,30
2026-11-11,Karnataka,Wheat,Mature,0.69,0.53,0.74,3.6,0.07,Medium,7.9,49,21,31
2025-05-08,Maharashtra,Wheat,Early,0.28,0.21,0.36,1.1,0.1,Low,1.4,27,19,29
2025-11-04,Tamil Nadu,Sugarcane,Flowering,0.75,0.64,0.87,3.7,0.04,High,6.6,56,21,36
2026-06-04,Tamil Nadu,Sugarcane,Mature,0.84,0.55,0.84,4.0,0.07,High,9.6,36,19,31
2025-11-13,Punjab,Sugarcane,Flowering,0.73,0.57,0.89,3.5,0.04,High,7.8,58,24,41
2026-11-14,Maharashtra,Rice,Mature,0.75,0.51,0.72,4.7,0.03,High,9.7,44,23,29
2026-02-23,Karnataka,Rice,Early,0.24,0.17,0.31,1.2,0.08,Low,3.4,31,19,28
2025-12-01,Andhra Pradesh,Wheat,Mature,0.67,0.55,0.76,3.1,0.05,Medium,8.8,42,19,37
2026-02-17,Andhra Pradesh,Maize,Flowering,0.72,0.57,0.78,4.0,0.03,High,8.3,43,21,35
2026-12-15,Karnataka,Wheat,Early,0.33,0.22,0.33,1.3,0.1,Low,1.7,34,17,28
2025-10-30,Uttar Pradesh,Cotton,Vegetative,0.68,0.3,0.52,2.0,0.08,Medium,4.5,43,17,39
2026-07-22,Punjab,Rice,Early,0.35,0.28,0.2,0.6,0.07,Low,2.8,25,11,20
2025-05-11,Andhra Pradesh,Sugarcane,Early,0.28,0.29,0.2,1.0,0.08,Low,1.3,36,13,34
2025-07-16,Maharashtra,Rice,Early,0.37,0.27,0.43,1.6,0.09,Low,2.5,32,16,28
2026-03-07,Punjab,Sugarcane,Flowering,0.9,0.62,0.95,4.2,0.04,High,8.0,43,22,37
2026-11-12,Maharashtra,Cotton,Early,0.44,0.19,0.36,1.0,0.07,Low,2.2,35,12,30
2026-01-24,Tamil Nadu,Cotton,Mature,0.66,0.47,0.85,4.3,0.05,Medium,8.9,51,23,34
2026-11-25,Punjab,Rice,Early,0.26,0.2,0.26,0.8,0.09,Low,2.8,38,16,21
2025-06-28,Andhra Pradesh,Sugarcane,Early,0.44,0.19,0.42,1.0,0.08,Low,1.2,27,13,28
2026-09-23,Punjab,Cotton,Mature,0.82,0.53,0.78,4.5,0.07,High,9.4,41,26,30
2026-08-06,Punjab,Wheat,Mature,0.75,0.45,0.7,3.2,0.03,High,9.6,39,19,33
2025-11-05,Punjab,Wheat,Vegetative,0.68,0.5,0.73,2.3,0.07,Medium,4.0,41,18,39
2026-02-20,Uttar Pradesh,Sugarcane,Early,0.44,0.28,0.26,0.6,0.09,Low,2.7,38,16,29
2026-07-16,Punjab,Rice,Flowering,0.9,0.52,0.92,4.5,0.05,High,8.1,47,23,35
2025-01-01,Maharashtra,Cotton,Early,0.44,0.17,0.22,1.1,0.11,Low,2.2,28,10,22
2025-11-08,Tamil Nadu,Rice,Early,0.25,0.29,0.22,1.7,0.09,Low,2.3,30,16,20
2025-10-21,Karnataka,Wheat,Mature,0.69,0.48,0.74,3.9,0.06,Medium,9.2,38,21,30
2025-08-04,Punjab,Cotton,Vegetative,0.46,0.33,0.62,3.1,0.07,Medium,4.6,47,21,33
2026-03-17,Andhra Pradesh,Rice,Early,0.26,0.27,0.2,0.8,0.07,Low,3.0,27,19,20
2026-08-17,Punjab,Maize,Flowering,0.7,0.6,0.89,3.8,0.05,High,6.7,55,21,44
2026-09-14,Andhra Pradesh,Sugarcane,Early,0.32,0.28,0.4,1.3,0.11,Low,2.7,33,14,28
2026-11-02,Maharashtra,Sugarcane,Flowering,0.83,0.59,0.91,4.9,0.03,High,6.6,49,27,42
2025-11-26,Andhra Pradesh,Maize,Mature,0.68,0.45,0.83,4.0,0.07,Medium,10.2,50,25,35
2026-04-22,Karnataka,Wheat,Vegetative,0.52,0.33,0.49,2.0,0.05,Medium,4.2,49,17,30
2026-03-29,Tamil Nadu,Cotton,Early,0.4,0.22,0.21,1.1,0.11,Low,1.5,31,12,27
2026-03-29,Andhra Pradesh,Sugarcane,Vegetative,0.7,0.31,0.5,2.5,0.06,High,4.6,49,16,31
2026-11-23,Andhra Pradesh,Maize,Early,0.4,0.16,0.21,1.5,0.08,Low,2.5,36,14,30
2025-08-07,Tamil Nadu,Maize,Flowering,0.87,0.69,0.91,4.8,0.06,High,6.7,58,22,44
2026-06-08,Karnataka,Wheat,Vegetative,0.69,0.46,0.71,3.0,0.08,Medium,5.1,48,24,37
2026-04-30,Punjab,Wheat,Early,0.41,0.25,0.28,0.5,0.12,Low,2.5,31,14,34
2025-06-23,Andhra Pradesh,Rice,Mature,0.72,0.54,0.88,4.7,0.04,High,9.7,42,20,31
2026-11-06,Tamil Nadu,Sugarcane,Flowering,0.87,0.52,0.88,4.5,0.05,High,8.4,52,23,36
2025-03-28,Maharashtra,Rice,Vegetative,0.46,0.31,0.58,1.9,0.08,Medium,5.1,39,16,32
2025-10-18,Tamil Nadu,Maize,Early,0.35,0.27,0.31,1.2,0.11,Low,2.5,31,14,24
2026-06-12,Maharashtra,Cotton,Vegetative,0.61,0.45,0.64,3.4,0.06,Medium,6.4,48,24,38
2026-11-11,Karnataka,Cotton,Early,0.36,0.18,0.2,0.9,0.09,Low,1.5,32,11,25
2026-10-11,Punjab,Wheat,Flowering,0.79,0.57,0.88,3.6,0.04,High,7.4,50,21,40
2026-09-27,Tamil Nadu,Cotton,Mature,0.72,0.5,0.78,3.3,0.06,High,8.5,39,20,37
2025-12-10,Uttar Pradesh,Cotton,Flowering,0.8,0.61,0.94,5.3,0.04,High,7.4,54,24,33
2025-04-06,Andhra Pradesh,Cotton,Vegetative,0.5,0.32,0.67,3.1,0.09,Medium,5.8,41,16,35
2025-08-29,Karnataka,Maize,Vegetative,0.65,0.47,0.64,3.4,0.05,Medium,5.8,37,17,32
2026-11-20,Tamil Nadu,Cotton,Early,0.22,0.28,0.3,1.2,0.12,Low,3.4,39,14,20
2025-11-14,Andhra Pradesh,Cotton,Flowering,0.81,0.5,0.83,3.6,0.04,High,6.6,40,28,43
2025-08-19,Tamil Nadu,Cotton,Early,0.26,0.18,0.29,0.8,0.08,Low,2.5,29,14,28
2025-07-23,Maharashtra,Rice,Flowering,0.85,0.59,0.82,4.4,0.05,High,8.3,40,22,44
2025-05-31,Tamil Nadu,Maize,Vegetative,0.46,0.39,0.72,2.4,0.09,Medium,5.4,43,15,35
2025-01-26,Uttar Pradesh,Wheat,Early,0.25,0.16,0.29,1.6,0.08,Low,1.4,32,14,23
2025-02-17,Tamil Nadu,Rice,Early,0.2,0.26,0.28,1.0,0.09,Low,2.1,28,12,32
2025-09-08,Tamil Nadu,Sugarcane,Flowering,0.79,0.64,0.89,4.4,0.03,High,7.8,40,20,31
2026-05-02,Uttar Pradesh,Maize,Mature,0.7,0.55,0.77,4.7,0.06,High,8.3,50,23,29
2026-09-18,Karnataka,Maize,Flowering,0.77,0.6,0.87,4.6,0.05,High,7.1,40,21,42
2025-03-16,Tamil Nadu,Sugarcane,Mature,0.78,0.6,0.81,3.8,0.05,High,7.8,44,27,36
2026-04-12,Uttar Pradesh,Sugarcane,Flowering,0.77,0.54,0.82,4.9,0.04,High,7.4,40,23,42
2026-03-01,Andhra Pradesh,Sugarcane,Vegetative,0.66,0.37,0.55,3.5,0.07,Medium,3.9,36,16,37
2026-10-07,Maharashtra,Wheat,Early,0.25,0.17,0.36,1.8,0.11,Low,1.1,38,19,28
2026-08-13,Maharashtra,Cotton,Flowering,0.82,0.52,0.9,5.5,0.05,High,7.6,42,27,33
2025-07-19,Tamil Nadu,Maize,Vegetative,0.68,0.5,0.57,3.5,0.06,Medium,4.3,43,15,35
2026-12-15,Karnataka,Cotton,Flowering,0.78,0.6,0.79,5.4,0.05,High,7.5,49,21,41
2026-01-29,Karnataka,Cotton,Early,0.37,0.23,0.42,0.8,0.09,Low,2.9,38,12,31
2026-05-22,Andhra Pradesh,Sugarcane,Flowering,0.84,0.53,0.84,4.2,0.03,High,8.2,47,24,30
2026-02-14,Tamil Nadu,Wheat,Mature,0.71,0.48,0.83,4.0,0.04,High,9.0,47,24,34
2025-09-07,Maharashtra,Rice,Early,0.3,0.25,0.36,1.2,0.11,Low,2.9,30,19,25
2025-06-01,Karnataka,Wheat,Mature,0.72,0.58,0.82,4.5,0.05,High,8.2,49,26,33
2026-11-03,Tamil Nadu,Cotton,Vegetative,0.54,0.48,0.67,1.8,0.05,Medium,5.0,49,22,36
2026-12-06,Karnataka,Wheat,Vegetative,0.66,0.46,0.55,2.7,0.06,Medium,5.1,45,15,28
2025-01-06,Uttar Pradesh,Sugarcane,Flowering,0.83,0.58,0.85,5.3,0.03,High,8.1,49,21,42
2025-04-20,Karnataka,Rice,Mature,0.69,0.56,0.78,4.6,0.05,Medium,7.6,35,25,37
2026-03-12,Maharashtra,Sugarcane,Mature,0.81,0.48,0.77,4.4,0.07,High,8.6,53,20,41
2025-08-13,Punjab,Rice,Early,0.4,0.25,0.25,0.9,0.08,Low,2.0,26,17,29
2025-06-30,Andhra Pradesh,Cotton,Mature,0.76,0.54,0.77,3.6,0.06,High,8.7,54,18,38
2026-12-14,Andhra Pradesh,Rice,Mature,0.7,0.46,0.78,3.1,0.05,High,8.4,36,25,41
2026-06-15,Maharashtra,Rice,Early,0.31,0.16,0.44,1.5,0.09,Low,3.5,34,11,28
2026-04-21,Karnataka,Rice,Early,0.43,0.28,0.34,1.2,0.12,Low,3.3,29,11,24
2025-02-21,Tamil Nadu,Wheat,Mature,0.68,0.55,0.81,3.0,0.03,Medium,10.2,52,23,41
2026-07-25,Karnataka,Wheat,Flowering,0.79,0.57,0.88,5.4,0.04,High,8.2,54,24,43
2025-09-13,Maharashtra,Cotton,Early,0.34,0.17,0.45,0.8,0.08,Low,2.3,36,13,25
2025-05-05,Andhra Pradesh,Rice,Early,0.24,0.27,0.39,1.1,0.08,Low,2.7,38,15,30
2026-04-13,Karnataka,Maize,Mature,0.73,0.59,0.77,3.8,0.07,High,8.1,48,21,34
2025-05-17,Andhra Pradesh,Cotton,Mature,0.76,0.59,0.78,4.2,0.07,High,10.0,36,18,38
2026-04-21,Tamil Nadu,Rice,Early,0.43,0.29,0.44,1.3,0.09,Low,1.3,26,10,31
2026-11-15,Andhra Pradesh,Rice,Mature,0.8,0.53,0.72,4.7,0.05,High,8.6,54,24,41
2026-06-28,Andhra Pradesh,Wheat,Early,0.25,0.28,0.27,0.7,0.09,Low,2.8,33,14,25
2026-07-27,Punjab,Cotton,Flowering,0.82,0.66,0.86,4.0,0.03,High,7.7,52,25,37
2026-09-02,Punjab,Rice,Flowering,0.75,0.6,0.85,4.0,0.05,High,7.4,47,21,32
2025-11-21,Uttar Pradesh,Rice,Early,0.25,0.22,0.41,1.6,0.11,Low,3.1,38,13,29
2026-03-30,Punjab,Cotton,Early,0.33,0.25,0.36,1.5,0.09,Low,2.3,31,16,34
2026-09-20,Andhra Pradesh,Maize,Vegetative,0.55,0.44,0.6,3.4,0.08,Medium,5.2,37,22,39
2026-06-01,Maharashtra,Cotton,Vegetative,0.54,0.35,0.62,3.2,0.08,Medium,4.6,39,17,35
2026-03-13,Andhra Pradesh,Cotton,Mature,0.77,0.46,0.84,4.3,0.04,High,10.2,53,23,32
2026-07-16,Maharashtra,Maize,Mature,0.75,0.55,0.82,4.5,0.04,High,9.2,50,22,40
2026-04-02,Maharashtra,Cotton,Early,0.27,0.18,0.43,1.5,0.09,Low,2.9,31,17,20
2025-06-12,Punjab,Rice,Early,0.3,0.21,0.38,1.5,0.1,Low,1.1,39,19,33
2026-05-02,Karnataka,Cotton,Vegetative,0.63,0.42,0.55,2.3,0.05,Medium,6.3,44,24,36
2026-04-06,Tamil Nadu,Maize,Vegetative,0.67,0.36,0.51,2.3,0.07,Medium,3.7,46,15,27
2025-09-23,Punjab,Sugarcane,Early,0.25,0.2,0.3,1.3,0.12,Low,2.0,36,15,23
2025-09-11,Punjab,Cotton,Flowering,0.74,0.63,0.76,4.1,0.05,High,7.1,59,23,39
2026-10-15,Karnataka,Wheat,Flowering,0.81,0.65,0.87,4.3,0.03,High,8.1,59,28,42
2025-10-11,Tamil Nadu,Rice,Mature,0.78,0.54,0.82,3.1,0.04,High,9.2,48,27,33
2026-06-18,Andhra Pradesh,Rice,Early,0.26,0.19,0.33,1.3,0.12,Low,2.0,30,12,33
2026-05-12,Uttar Pradesh,Wheat,Early,0.43,0.28,0.37,1.0,0.08,Low,1.6,25,15,23
2026-10-04,Uttar Pradesh,Wheat,Mature,0.85,0.46,0.79,3.8,0.04,High,9.2,38,24,32
2025-09-02,Andhra Pradesh,Cotton,Vegetative,0.53,0.42,0.66,3.3,0.08,Medium,5.3,48,16,36
2025-10-09,Punjab,Wheat,Vegetative,0.58,0.38,0.73,2.8,0.06,Medium,5.0,37,19,25
2026-03-27,Tamil Nadu,Sugarcane,Flowering,0.78,0.62,0.95,4.5,0.04,High,6.8,41,29,42
2025-03-21,Punjab,Maize,Early,0.41,0.2,0.24,0.9,0.09,Low,2.3,38,13,20
2027-01-01,Maharashtra,Wheat,Vegetative,0.66,0.33,0.54,3.3,0.07,Medium,5.3,37,22,36
2025-10-20,Punjab,Wheat,Flowering,0.75,0.58,0.9,4.8,0.04,High,6.6,41,27,44
2025-08-29,Punjab,Sugarcane,Flowering,0.8,0.65,0.86,3.7,0.04,High,6.9,42,22,35
2025-10-06,Andhra Pradesh,Rice,Flowering,0.8,0.54,0.76,3.8,0.06,High,7.4,43,27,30
2025-12-10,Andhra Pradesh,Rice,Vegetative,0.63,0.47,0.64,3.3,0.08,Medium,4.6,49,15,26
2025-11-24,Andhra Pradesh,Cotton,Vegetative,0.64,0.32,0.71,2.3,0.08,Medium,5.0,45,19,33
2026-07-08,Uttar Pradesh,Sugarcane,Early,0.3,0.25,0.38,1.4,0.12,Low,1.6,25,17,26
2025-03-24,Maharashtra,Maize,Early,0.42,0.21,0.33,0.5,0.08,Low,2.6,30,12,24
2025-05-22,Andhra Pradesh,Maize,Flowering,0.71,0.59,0.88,5.0,0.04,High,7.8,58,22,33
2025-06-04,Tamil Nadu,Sugarcane,Flowering,0.73,0.51,0.84,5.2,0.03,High,6.5,45,22,36
2025-08-25,Uttar Pradesh,Maize,Vegetative,0.47,0.35,0.48,3.0,0.05,Medium,5.4,35,15,25
2026-01-28,Karnataka,Rice,Vegetative,0.54,0.4,0.47,3.0,0.06,Medium,4.2,41,18,26
2026-12-12,Tamil Nadu,Maize,Early,0.29,0.16,0.3,1.4,0.09,Low,2.0,38,13,33
2025-06-06,Tamil Nadu,Maize,Early,0.23,0.27,0.23,1.3,0.09,Low,1.6,27,15,25
2026-12-25,Andhra Pradesh,Sugarcane,Mature,0.78,0.52,0.73,4.7,0.07,High,10.1,41,23,38
2025-08-08,Karnataka,Sugarcane,Early,0.45,0.21,0.24,1.6,0.08,Medium,2.3,36,16,23
2025-03-07,Karnataka,Maize,Vegetative,0.59,0.39,0.47,2.6,0.07,Medium,4.3,47,20,37
2026-03-01,Uttar Pradesh,Wheat,Flowering,0.87,0.52,0.81,3.9,0.04,High,6.7,53,20,33
2026-02-22,Karnataka,Sugarcane,Mature,0.78,0.52,0.87,3.6,0.04,High,10.5,48,19,35
2025-12-05,Maharashtra,Cotton,Early,0.29,0.25,0.37,1.0,0.09,Low,3.3,26,11,32
2026-07-10,Andhra Pradesh,Cotton,Early,0.45,0.26,0.3,1.4,0.12,Medium,2.8,30,11,29
2026-04-23,Karnataka,Rice,Vegetative,0.48,0.44,0.71,3.4,0.06,Medium,5.0,49,15,25
2026-03-02,Uttar Pradesh,Maize,Mature,0.77,0.49,0.77,3.8,0.05,High,8.8,36,19,30
2025-03-05,Maharashtra,Wheat,Early,0.24,0.16,0.25,1.3,0.11,Low,1.4,28,13,27
2025-07-31,Punjab,Rice,Flowering,0.86,0.66,0.94,3.7,0.04,High,8.0,43,27,38
2026-03-07,Punjab,Maize,Vegetative,0.49,0.45,0.6,1.8,0.08,Medium,4.8,47,16,31
2026-02-03,Maharashtra,Sugarcane,Mature,0.79,0.46,0.74,4.0,0.04,High,10.0,37,25,40
2026-08-22,Uttar Pradesh,Cotton,Early,0.25,0.23,0.36,1.2,0.09,Low,1.5,35,13,32
2026-12-14,Maharashtra,Wheat,Early,0.35,0.3,0.24,1.2,0.08,Low,3.3,28,10,32
2025-01-21,Andhra Pradesh,Cotton,Mature,0.71,0.57,0.74,3.5,0.04,High,8.3,54,26,36
2026-08-13,Andhra Pradesh,Sugarcane,Vegetative,0.69,0.3,0.46,2.1,0.06,Medium,6.0,37,21,27
2026-01-25,Punjab,Maize,Mature,0.76,0.53,0.78,4.8,0.07,High,10.4,47,26,33
2026-05-04,Karnataka,Sugarcane,Mature,0.74,0.45,0.9,4.0,0.05,High,10.4,48,24,32
2025-01-07,Uttar Pradesh,Sugarcane,Vegetative,0.65,0.35,0.69,2.3,0.05,Medium,5.1,41,15,37
2025-12-27,Punjab,Cotton,Early,0.36,0.29,0.4,0.7,0.11,Low,2.6,39,14,33
2025-11-02,Karnataka,Wheat,Flowering,0.83,0.67,0.94,4.1,0.03,High,6.6,50,22,35
2026-02-04,Karnataka,Sugarcane,Vegetative,0.45,0.42,0.56,3.1,0.07,Medium,5.0,46,16,39
2026-03-06,Andhra Pradesh,Cotton,Flowering,0.77,0.54,0.81,4.7,0.04,High,7.3,40,29,43
2026-07-06,Tamil Nadu,Wheat,Early,0.39,0.25,0.42,1.4,0.12,Low,1.9,30,15,23
2026-07-14,Tamil Nadu,Maize,Mature,0.83,0.58,0.75,4.2,0.03,High,10.4,49,26,31
2026-09-10,Maharashtra,Maize,Flowering,0.75,0.58,0.88,3.7,0.05,High,8.4,55,21,31
2025-08-14,Andhra Pradesh,Rice,Early,0.28,0.23,0.25,1.2,0.08,Low,1.7,28,12,28
2026-05-15,Karnataka,Cotton,Early,0.26,0.26,0.35,1.5,0.11,Low,1.1,39,12,21
2025-08-13,Uttar Pradesh,Wheat,Mature,0.85,0.45,0.81,3.6,0.04,High,8.5,51,22,28
2025-10-07,Tamil Nadu,Sugarcane,Mature,0.83,0.52,0.77,4.4,0.03,High,8.8,46,24,35
2026-03-23,Karnataka,Maize,Early,0.28,0.15,0.24,0.7,0.12,Low,1.1,31,17,29
2026-05-13,Tamil Nadu,Wheat,Early,0.26,0.24,0.2,1.1,0.1,Low,3.3,38,15,25
2025-01-30,Tamil Nadu,Cotton,Flowering,0.82,0.69,0.83,4.1,0.06,High,6.6,40,27,32
2026-02-03,Tamil Nadu,Rice,Early,0.2,0.28,0.31,0.5,0.09,Low,1.5,26,17,33
2025-12-11,Uttar Pradesh,Maize,Early,0.32,0.16,0.36,1.6,0.11,Low,3.1,28,18,20
2026-11-16,Andhra Pradesh,Wheat,Flowering,0.76,0.5,0.92,5.4,0.05,High,7.0,51,25,37
2026-11-27,Uttar Pradesh,Wheat,Vegetative,0.54,0.43,0.61,2.3,0.06,Medium,5.2,38,24,33
2026-02-19,Punjab,Wheat,Flowering,0.81,0.64,0.87,3.8,0.06,High,6.9,40,29,36
2025-06-19,Karnataka,Cotton,Flowering,0.87,0.54,0.86,4.2,0.03,High,6.6,54,27,37
2026-04-24,Andhra Pradesh,Cotton,Mature,0.8,0.47,0.78,3.9,0.04,High,8.5,53,18,29
2025-05-11,Andhra Pradesh,Cotton,Flowering,0.79,0.52,0.87,3.8,0.03,High,7.8,57,20,30
2026-09-30,Andhra Pradesh,Sugarcane,Early,0.44,0.24,0.38,1.1,0.07,Low,3.0,36,12,27
2026-07-01,Andhra Pradesh,Wheat,Early,0.42,0.22,0.37,1.3,0.1,Low,3.1,39,18,21
2025-01-28,Uttar Pradesh,Maize,Early,0.32,0.2,0.31,1.0,0.1,Low,1.6,25,19,25
2026-02-08,Andhra Pradesh,Cotton,Vegetative,0.49,0.48,0.52,2.1,0.06,Medium,6.3,38,22,25
2026-08-30,Maharashtra,Cotton,Early,0.29,0.29,0.4,1.5,0.12,Low,1.9,25,10,26
2026-08-01,Karnataka,Wheat,Vegetative,0.65,0.41,0.47,2.9,0.07,Medium,4.1,37,18,30
2026-11-10,Andhra Pradesh,Cotton,Early,0.34,0.29,0.25,1.3,0.08,Low,2.5,33,15,21
2025-01-28,Karnataka,Sugarcane,Flowering,0.7,0.54,0.82,4.6,0.06,High,7.6,52,28,44
2025-03-27,Maharashtra,Sugarcane,Mature,0.76,0.51,0.78,4.5,0.05,High,7.6,47,18,36
2026-10-21,Maharashtra,Cotton,Early,0.22,0.24,0.42,1.0,0.1,Low,1.6,31,18,25
2026-03-15,Karnataka,Wheat,Vegetative,0.52,0.46,0.72,3.0,0.07,Medium,3.8,42,24,33
2025-05-19,Tamil Nadu,Wheat,Vegetative,0.65,0.36,0.75,3.2,0.08,Medium,3.7,48,17,25
2026-04-18,Punjab,Wheat,Mature,0.68,0.57,0.84,3.9,0.05,Medium,7.8,46,26,31
2025-07-06,Tamil Nadu,Rice,Early,0.22,0.19,0.43,0.9,0.1,Low,2.3,30,19,33
2025-02-21,Tamil Nadu,Cotton,Flowering,0.84,0.62,0.85,4.8,0.04,High,8.4,41,27,39
2025-09-24,Uttar Pradesh,Wheat,Early,0.32,0.2,0.23,0.6,0.09,Low,3.0,37,10,23
2026-01-24,Tamil Nadu,Sugarcane,Early,0.38,0.27,0.25,0.9,0.09,Low,1.5,33,15,31
2025-12-02,Andhra Pradesh,Maize,Mature,0.7,0.53,0.76,3.3,0.05,High,10.1,49,25,32
2025-08-05,Uttar Pradesh,Maize,Early,0.31,0.25,0.44,0.6,0.09,Low,1.1,36,11,29
2026-04-11,Uttar Pradesh,Wheat,Flowering,0.88,0.58,0.88,5.2,0.06,High,7.5,41,27,33
2025-12-01,Maharashtra,Maize,Vegetative,0.48,0.31,0.65,2.8,0.08,Medium,5.5,36,17,35
2025-12-12,Tamil Nadu,Maize,Mature,0.68,0.58,0.85,3.4,0.04,Medium,10.4,44,19,35
2026-01-24,Maharashtra,Rice,Flowering,0.84,0.53,0.88,4.5,0.06,High,7.9,57,25,38
2025-10-12,Karnataka,Sugarcane,Vegetative,0.7,0.5,0.61,2.6,0.07,High,4.8,43,24,36
2026-03-08,Punjab,Sugarcane,Mature,0.82,0.57,0.85,3.8,0.04,High,9.3,47,20,39
2025-09-16,Uttar Pradesh,Rice,Mature,0.75,0.51,0.88,3.2,0.05,High,8.1,38,23,30
2025-03-25,Karnataka,Rice,Vegetative,0.66,0.45,0.59,2.5,0.09,Medium,4.4,47,15,39
2026-04-27,Karnataka,Maize,Vegetative,0.59,0.42,0.64,2.3,0.07,Medium,3.6,35,22,31
2025-01-20,Andhra Pradesh,Cotton,Flowering,0.75,0.65,0.8,4.3,0.06,High,7.0,52,20,32
2026-07-07,Punjab,Maize,Early,0.35,0.26,0.31,1.6,0.1,Low,1.4,25,19,26
2025-02-23,Karnataka,Rice,Early,0.21,0.24,0.37,0.8,0.11,Low,3.3,32,16,30
2025-12-25,Karnataka,Sugarcane,Early,0.28,0.19,0.42,0.5,0.08,Low,2.5,35,15,25
2025-08-18,Punjab,Maize,Early,0.39,0.27,0.43,0.7,0.08,Low,3.3,33,10,22
2026-10-28,Punjab,Cotton,Early,0.27,0.25,0.27,1.3,0.1,Low,1.3,30,16,27
2025-03-12,Karnataka,Maize,Flowering,0.8,0.56,0.77,4.3,0.03,High,6.9,42,27,30
2026-10-30,Punjab,Wheat,Mature,0.84,0.47,0.79,4.7,0.04,High,7.6,48,21,35
2025-02-11,Karnataka,Maize,Flowering,0.8,0.51,0.88,3.8,0.06,High,7.9,58,28,44
2025-02-01,Karnataka,Rice,Flowering,0.71,0.68,0.76,4.5,0.05,High,7.3,47,23,39
2025-09-11,Andhra Pradesh,Sugarcane,Flowering,0.74,0.57,0.83,4.4,0.05,High,7.6,52,21,44
2025-07-24,Tamil Nadu,Sugarcane,Mature,0.84,0.5,0.74,4.0,0.06,High,9.5,43,21,30
2025-01-21,Karnataka,Rice,Flowering,0.72,0.51,0.84,5.2,0.04,High,7.3,53,28,32
2026-09-29,Maharashtra,Wheat,Flowering,0.9,0.63,0.84,5.3,0.05,High,7.2,49,27,30
2025-06-06,Uttar Pradesh,Rice,Mature,0.66,0.47,0.74,4.1,0.05,Medium,9.2,54,23,34
2025-09-02,Tamil Nadu,Maize,Flowering,0.85,0.51,0.89,5.3,0.04,High,6.7,43,26,35
2025-05-10,Tamil Nadu,Rice,Early,0.44,0.23,0.23,1.3,0.11,Low,2.0,36,18,26
2026-04-30,Tamil Nadu,Rice,Vegetative,0.65,0.37,0.53,3.3,0.07,Medium,4.4,44,23,37
2026-11-17,Andhra Pradesh,Wheat,Flowering,0.74,0.57,0.93,3.8,0.03,High,7.5,49,28,35
2025-04-28,Karnataka,Maize,Vegetative,0.49,0.44,0.46,3.0,0.09,Medium,4.0,40,22,36
2026-08-01,Andhra Pradesh,Cotton,Flowering,0.85,0.57,0.88,5.3,0.05,High,7.9,55,20,40
2025-08-12,Karnataka,Cotton,Flowering,0.76,0.54,0.82,4.8,0.06,High,6.8,51,23,35
2026-04-22,Andhra Pradesh,Sugarcane,Early,0.35,0.26,0.25,0.7,0.11,Low,2.2,29,17,26
2026-12-18,Andhra Pradesh,Rice,Mature,0.81,0.53,0.88,3.9,0.07,High,10.2,54,22,40
2025-09-20,Uttar Pradesh,Sugarcane,Vegetative,0.53,0.37,0.46,2.8,0.08,Medium,5.8,35,24,37
2026-01-13,Maharashtra,Wheat,Mature,0.69,0.55,0.73,4.6,0.04,Medium,8.4,39,26,35
2025-06-21,Andhra Pradesh,Cotton,Early,0.45,0.2,0.43,1.0,0.09,Medium,3.0,25,13,23
2026-09-13,Uttar Pradesh,Rice,Early,0.22,0.27,0.43,1.6,0.09,Low,1.8,38,15,29
2026-09-14,Punjab,Wheat,Vegetative,0.53,0.38,0.65,2.4,0.08,Medium,6.2,37,15,31
2025-04-28,Maharashtra,Wheat,Mature,0.71,0.48,0.85,3.4,0.06,High,8.5,48,18,40
2025-06-17,Andhra Pradesh,Rice,Early,0.29,0.23,0.35,1.1,0.11,Low,2.8,26,11,34
2025-11-15,Tamil Nadu,Wheat,Flowering,0.88,0.51,0.76,4.2,0.04,High,7.0,57,23,39
2025-04-21,Punjab,Rice,Flowering,0.73,0.51,0.88,4.0,0.04,High,8.4,59,24,33
2026-08-16,Punjab,Rice,Flowering,0.77,0.62,0.82,3.6,0.04,High,6.7,43,20,35
2025-01-27,Uttar Pradesh,Maize,Mature,0.83,0.59,0.75,3.8,0.03,High,10.1,44,20,34
2025-11-16,Punjab,Sugarcane,Flowering,0.9,0.51,0.81,4.5,0.03,High,6.8,40,21,38
2026-08-13,Maharashtra,Wheat,Flowering,0.78,0.61,0.89,5.0,0.05,High,7.2,42,29,35
2026-11-25,Andhra Pradesh,Wheat,Early,0.26,0.23,0.26,1.4,0.09,Low,2.9,31,14,30
2026-01-20,Andhra Pradesh,Maize,Early,0.28,0.17,0.4,1.5,0.09,Low,2.3,36,18,29
2026-02-11,Tamil Nadu,Maize,Flowering,0.84,0.59,0.79,3.9,0.04,High,8.0,40,21,40
2025-07-23,Uttar Pradesh,Maize,Flowering,0.82,0.55,0.87,4.3,0.03,High,7.3,49,24,37
2025-03-19,Tamil Nadu,Cotton,Early,0.32,0.28,0.24,0.7,0.1,Low,3.2,25,10,32
2026-08-30,Punjab,Cotton,Vegetative,0.58,0.37,0.74,2.3,0.08,Medium,5.1,37,23,39
2026-12-09,Tamil Nadu,Cotton,Mature,0.75,0.57,0.89,3.2,0.06,High,9.2,39,24,30
2026-10-05,Maharashtra,Rice,Mature,0.84,0.59,0.75,4.3,0.05,High,8.1,36,23,37
2025-09-06,Andhra Pradesh,Wheat,Early,0.29,0.16,0.28,1.0,0.12,Low,1.5,33,18,20
2025-04-15,Punjab,Sugarcane,Mature,0.77,0.46,0.86,3.2,0.05,High,9.2,40,26,30
2026-12-15,Tamil Nadu,Rice,Early,0.33,0.26,0.39,0.8,0.11,Low,2.1,39,16,27
2025-11-05,Uttar Pradesh,Wheat,Early,0.42,0.27,0.41,1.8,0.09,Low,1.8,31,11,22
2026-12-02,Maharashtra,Wheat,Early,0.42,0.16,0.42,1.0,0.1,Low,3.3,35,13,26
2026-09-07,Maharashtra,Maize,Early,0.39,0.26,0.33,1.3,0.11,Low,3.1,27,14,32
2025-05-04,Tamil Nadu,Maize,Vegetative,0.49,0.5,0.56,3.2,0.07,Medium,6.0,44,24,26
2026-08-03,Andhra Pradesh,Rice,Flowering,0.71,0.64,0.76,3.9,0.03,High,6.6,54,22,41
2025-02-12,Tamil Nadu,Maize,Flowering,0.89,0.68,0.93,3.9,0.04,High,6.7,50,24,39
2025-12-22,Punjab,Wheat,Vegetative,0.54,0.33,0.49,3.3,0.09,Medium,4.4,39,16,37
2026-06-30,Tamil Nadu,Maize,Mature,0.79,0.54,0.89,4.5,0.06,High,9.1,53,26,40
2026-03-15,Maharashtra,Cotton,Mature,0.71,0.47,0.81,4.1,0.05,High,7.8,51,18,40
2026-11-09,Tamil Nadu,Maize,Flowering,0.83,0.59,0.92,5.1,0.05,High,7.9,49,26,32
2026-01-15,Andhra Pradesh,Wheat,Mature,0.72,0.6,0.87,4.6,0.07,High,8.5,50,26,28
2025-03-12,Uttar Pradesh,Rice,Flowering,0.7,0.68,0.8,4.9,0.05,High,7.6,40,29,31
2026-06-03,Karnataka,Sugarcane,Flowering,0.73,0.63,0.81,5.4,0.04,High,6.7,50,29,44
2026-10-26,Tamil Nadu,Maize,Vegetative,0.61,0.49,0.48,2.6,0.06,Medium,6.2,44,22,30
2025-12-16,Andhra Pradesh,Wheat,Mature,0.82,0.6,0.73,4.0,0.07,High,8.0,52,22,29
2025-01-13,Andhra Pradesh,Sugarcane,Vegetative,0.63,0.33,0.57,1.9,0.07,Medium,5.8,43,18,28
2026-03-07,Uttar Pradesh,Sugarcane,Flowering,0.77,0.53,0.75,5.1,0.05,High,7.0,47,24,34
2026-05-17,Maharashtra,Cotton,Flowering,0.75,0.54,0.91,4.7,0.05,High,8.2,56,28,41
2025-04-19,Andhra Pradesh,Sugarcane,Flowering,0.87,0.68,0.84,4.1,0.03,High,7.9,42,21,37
2026-03-20,Andhra Pradesh,Wheat,Early,0.3,0.28,0.29,0.5,0.08,Low,3.5,28,11,22
2026-01-06,Andhra Pradesh,Wheat,Early,0.39,0.23,0.24,1.0,0.1,Low,3.2,26,17,25
2026-10-13,Andhra Pradesh,Maize,Early,0.34,0.18,0.35,0.8,0.08,Low,2.0,33,14,31
2026-04-16,Punjab,Maize,Vegetative,0.48,0.4,0.58,2.4,0.08,Medium,3.9,38,20,38
2026-12-26,Punjab,Maize,Flowering,0.89,0.64,0.87,4.6,0.04,High,7.4,52,20,43
2025-06-06,Maharashtra,Sugarcane,Mature,0.68,0.59,0.72,4.5,0.04,Medium,7.6,51,23,34
2026-03-22,Tamil Nadu,Sugarcane,Vegetative,0.66,0.36,0.5,3.0,0.08,Medium,6.1,37,24,26
2025-06-30,Andhra Pradesh,Cotton,Vegetative,0.6,0.36,0.51,2.7,0.07,Medium,4.7,35,17,37
2026-06-19,Uttar Pradesh,Maize,Vegetative,0.53,0.42,0.57,2.5,0.08,Medium,4.6,38,20,31
2026-10-29,Tamil Nadu,Rice,Mature,0.8,0.46,0.7,4.3,0.05,High,9.9,54,18,34
2025-10-04,Uttar Pradesh,Cotton,Flowering,0.78,0.57,0.86,3.6,0.06,High,8.2,41,27,38
2026-09-23,Tamil Nadu,Rice,Early,0.43,0.19,0.39,0.6,0.1,Low,3.2,38,17,34
2026-07-06,Maharashtra,Sugarcane,Flowering,0.86,0.66,0.84,3.9,0.05,High,8.5,41,23,40
2026-05-11,Andhra Pradesh,Cotton,Flowering,0.7,0.56,0.79,5.1,0.06,High,7.0,56,23,39
2026-04-22,Andhra Pradesh,Cotton,Vegetative,0.51,0.43,0.65,2.3,0.08,Medium,4.7,41,21,33
2026-03-23,Karnataka,Wheat,Vegetative,0.61,0.42,0.54,2.1,0.06,Medium,4.7,41,21,36
2026-08-30,Uttar Pradesh,Sugarcane,Vegetative,0.66,0.36,0.6,2.9,0.06,Medium,3.6,43,16,39
2025-10-02,Tamil Nadu,Sugarcane,Early,0.35,0.28,0.43,1.7,0.11,Low,3.3,31,15,26
2025-11-27,Tamil Nadu,Cotton,Early,0.31,0.28,0.38,0.5,0.08,Low,2.4,28,14,28
2025-09-09,Punjab,Sugarcane,Early,0.35,0.2,0.42,1.5,0.09,Low,1.4,35,10,34
2025-03-30,Karnataka,Cotton,Flowering,0.85,0.65,0.82,4.5,0.04,High,6.5,49,20,31
2025-10-13,Punjab,Wheat,Vegetative,0.62,0.4,0.72,2.5,0.06,Medium,6.2,44,21,34
2026-04-07,Punjab,Cotton,Mature,0.72,0.58,0.77,3.5,0.06,High,8.6,48,19,32
2025-09-07,Punjab,Sugarcane,Flowering,0.83,0.55,0.84,3.6,0.05,High,8.0,40,29,34
2026-04-21,Uttar Pradesh,Sugarcane,Early,0.25,0.17,0.32,1.2,0.12,Low,1.2,33,14,30
2026-08-07,Uttar Pradesh,Cotton,Mature,0.75,0.56,0.81,3.4,0.04,High,9.4,40,27,33
2026-09-17,Maharashtra,Cotton,Mature,0.77,0.48,0.78,3.9,0.05,High,10.4,38,24,37
2026-11-16,Maharashtra,Cotton,Vegetative,0.55,0.44,0.45,2.4,0.06,Medium,6.1,37,22,37
2026-01-24,Punjab,Maize,Mature,0.69,0.52,0.88,3.6,0.06,Medium,9.6,45,18,29
2025-12-11,Karnataka,Sugarcane,Early,0.3,0.3,0.35,1.4,0.09,Low,2.7,30,18,20
2025-01-30,Tamil Nadu,Sugarcane,Vegetative,0.55,0.32,0.72,2.2,0.05,Medium,5.1,35,23,33
2026-05-22,Uttar Pradesh,Maize,Mature,0.81,0.58,0.79,4.1,0.05,High,10.3,41,23,32
2025-11-29,Karnataka,Cotton,Vegetative,0.55,0.35,0.5,3.0,0.05,Medium,6.3,46,20,28
2025-07-06,Andhra Pradesh,Wheat,Mature,0.83,0.51,0.87,3.3,0.03,High,9.9,49,27,28
2026-05-15,Uttar Pradesh,Cotton,Flowering,0.83,0.65,0.8,4.8,0.03,High,8.2,44,26,40
2025-08-06,Uttar Pradesh,Cotton,Flowering,0.87,0.62,0.85,5.1,0.05,High,7.3,46,21,37
2025-12-30,Maharashtra,Maize,Early,0.24,0.15,0.41,1.3,0.11,Low,2.2,30,19,31
2025-09-22,Tamil Nadu,Sugarcane,Flowering,0.86,0.51,0.84,4.3,0.05,High,8.4,43,23,40
2025-12-15,Tamil Nadu,Cotton,Flowering,0.71,0.62,0.94,4.1,0.05,High,8.4,42,24,38
2025-10-14,Andhra Pradesh,Sugarcane,Flowering,0.74,0.6,0.82,4.4,0.05,High,7.4,52,23,33
2026-09-03,Andhra Pradesh,Rice,Mature,0.76,0.59,0.81,3.1,0.05,High,9.2,38,19,30
2026-12-20,Uttar Pradesh,Sugarcane,Mature,0.77,0.49,0.82,3.4,0.05,High,7.9,47,21,34
2025-10-10,Punjab,Wheat,Vegetative,0.55,0.49,0.61,2.7,0.09,Medium,6.3,44,18,29
2026-07-24,Maharashtra,Wheat,Mature,0.78,0.57,0.87,4.0,0.03,High,10.4,52,20,34
2025-01-11,Maharashtra,Cotton,Flowering,0.78,0.58,0.8,4.2,0.06,High,7.2,49,28,36
2026-06-14,Uttar Pradesh,Sugarcane,Mature,0.75,0.46,0.73,3.7,0.04,High,10.4,39,20,37
2025-07-15,Karnataka,Cotton,Early,0.36,0.23,0.4,1.3,0.07,Low,2.9,34,15,20
2025-03-29,Punjab,Maize,Vegetative,0.68,0.4,0.63,3.5,0.06,Medium,4.5,40,15,38
2025-09-05,Uttar Pradesh,Wheat,Vegetative,0.49,0.34,0.5,2.3,0.08,Medium,4.0,48,20,39
2026-02-21,Punjab,Cotton,Mature,0.65,0.48,0.82,3.2,0.05,Medium,8.8,40,18,32
2026-05-16,Punjab,Maize,Flowering,0.78,0.66,0.88,4.4,0.05,High,6.6,42,22,42
2026-07-23,Punjab,Cotton,Vegetative,0.61,0.45,0.57,3.0,0.08,Medium,6.4,44,23,25
2025-09-04,Uttar Pradesh,Sugarcane,Early,0.25,0.18,0.32,1.7,0.09,Low,2.0,36,13,22
2026-12-09,Maharashtra,Sugarcane,Early,0.34,0.2,0.25,0.9,0.07,Low,3.4,39,14,32
2026-05-03,Maharashtra,Sugarcane,Vegetative,0.51,0.33,0.55,2.8,0.06,Medium,5.4,40,18,28
2026-10-24,Punjab,Sugarcane,Flowering,0.75,0.53,0.87,4.5,0.03,High,7.3,43,25,30
2026-12-30,Karnataka,Rice,Flowering,0.73,0.66,0.92,4.9,0.06,High,6.8,49,28,30
2026-05-18,Tamil Nadu,Maize,Mature,0.77,0.58,0.74,3.3,0.04,High,10.2,49,25,38
2026-04-04,Uttar Pradesh,Maize,Mature,0.77,0.54,0.73,4.2,0.05,High,9.1,45,20,37
2025-01-18,Tamil Nadu,Sugarcane,Vegetative,0.66,0.42,0.67,2.7,0.07,Medium,4.7,44,21,39
2025-04-06,Karnataka,Rice,Mature,0.72,0.54,0.76,4.8,0.06,High,9.3,40,19,29
2025-10-29,Uttar Pradesh,Sugarcane,Mature,0.8,0.48,0.87,4.0,0.07,High,9.7,38,18,40
2025-08-15,Punjab,Rice,Mature,0.7,0.49,0.82,4.0,0.05,High,9.7,50,27,39
2026-02-19,Maharashtra,Sugarcane,Early,0.24,0.27,0.37,1.4,0.09,Low,2.7,25,18,23
2026-12-10,Tamil Nadu,Wheat,Mature,0.75,0.53,0.74,4.1,0.06,High,8.6,44,19,35
2025-09-07,Andhra Pradesh,Wheat,Vegetative,0.5,0.45,0.69,2.9,0.06,Medium,6.3,37,21,28
2025-11-10,Andhra Pradesh,Cotton,Flowering,0.75,0.56,0.84,4.1,0.04,High,7.7,44,25,35
2026-11-11,Karnataka,Sugarcane,Mature,0.75,0.57,0.8,3.7,0.06,High,10.2,47,23,34
2026-08-19,Punjab,Maize,Flowering,0.75,0.54,0.91,3.9,0.05,High,7.4,50,23,44
2026-01-13,Tamil Nadu,Cotton,Mature,0.67,0.58,0.79,3.0,0.06,Medium,10.1,47,23,33
2026-04-30,Punjab,Wheat,Vegetative,0.6,0.34,0.59,3.0,0.08,Medium,4.8,49,17,33
2026-07-21,Tamil Nadu,Sugarcane,Early,0.32,0.26,0.37,1.1,0.09,Low,2.9,26,11,29
2026-06-28,Karnataka,Cotton,Vegetative,0.64,0.41,0.71,3.3,0.08,Medium,5.7,36,21,39
2025-12-19,Karnataka,Sugarcane,Early,0.23,0.17,0.3,1.8,0.09,Low,1.9,25,16,29
2026-03-12,Andhra Pradesh,Wheat,Mature,0.75,0.52,0.82,3.7,0.05,High,10.1,46,21,31
2026-07-18,Punjab,Cotton,Mature,0.67,0.52,0.72,4.1,0.04,Medium,8.4,52,26,33
2025-12-05,Uttar Pradesh,Wheat,Early,0.34,0.25,0.41,1.5,0.11,Low,3.4,36,10,22
2025-12-27,Andhra Pradesh,Rice,Vegetative,0.63,0.31,0.65,3.0,0.09,Medium,4.6,43,23,25
2026-12-21,Punjab,Wheat,Vegetative,0.55,0.41,0.6,3.0,0.07,Medium,3.8,46,22,38
2026-04-10,Andhra Pradesh,Sugarcane,Early,0.44,0.21,0.22,0.7,0.11,Low,1.2,34,13,33
2025-10-05,Uttar Pradesh,Maize,Mature,0.8,0.58,0.74,4.1,0.03,High,8.1,43,19,30
2025-11-10,Maharashtra,Wheat,Early,0.43,0.28,0.41,1.5,0.1,Low,2.7,38,17,27
2025-09-15,Maharashtra,Maize,Mature,0.72,0.51,0.88,3.0,0.06,High,10.4,36,26,41
2025-08-25,Maharashtra,Rice,Early,0.42,0.17,0.38,1.0,0.08,Low,2.0,29,11,21
2025-05-04,Maharashtra,Cotton,Mature,0.73,0.55,0.86,3.5,0.04,High,9.5,41,19,30
2025-07-17,Tamil Nadu,Cotton,Early,0.43,0.27,0.24,1.0,0.1,Low,3.3,31,16,30
2025-11-20,Maharashtra,Maize,Flowering,0.85,0.62,0.86,4.4,0.06,High,7.6,46,29,34
2025-05-03,Uttar Pradesh,Cotton,Mature,0.81,0.58,0.82,3.6,0.05,High,9.3,36,18,34
2026-07-03,Karnataka,Wheat,Vegetative,0.68,0.47,0.54,2.1,0.07,Medium,4.6,43,15,30
2026-12-08,Karnataka,Maize,Early,0.32,0.28,0.22,1.6,0.1,Low,1.1,35,19,30
2025-07-09,Tamil Nadu,Sugarcane,Vegetative,0.47,0.48,0.68,2.1,0.07,Medium,5.9,41,21,26
2025-07-16,Maharashtra,Wheat,Early,0.38,0.21,0.43,0.7,0.08,Low,1.2,27,15,21
2025-08-10,Maharashtra,Wheat,Vegetative,0.49,0.36,0.67,2.6,0.07,Medium,4.6,44,16,29
2026-05-11,Maharashtra,Wheat,Vegetative,0.61,0.33,0.74,2.6,0.09,Medium,3.9,35,17,31
2025-10-11,Andhra Pradesh,Sugarcane,Early,0.42,0.29,0.22,1.0,0.12,Low,1.2,29,11,27
2026-08-27,Punjab,Rice,Early,0.33,0.19,0.41,1.1,0.1,Low,1.2,29,13,34
2026-06-22,Andhra Pradesh,Cotton,Vegetative,0.6,0.39,0.52,2.3,0.08,Medium,4.2,46,17,27
2026-09-04,Punjab,Maize,Vegetative,0.52,0.46,0.66,3.4,0.06,Medium,5.4,47,21,38
2025-10-17,Maharashtra,Rice,Vegetative,0.47,0.43,0.69,2.4,0.09,Medium,6.1,48,19,36
2025-04-13,Maharashtra,Maize,Mature,0.72,0.48,0.74,4.1,0.04,High,10.1,54,19,34
2025-07-18,Andhra Pradesh,Cotton,Mature,0.67,0.51,0.76,4.0,0.06,Medium,9.6,49,24,38
2025-10-31,Andhra Pradesh,Sugarcane,Flowering,0.84,0.68,0.84,5.3,0.06,High,7.4,41,28,39
2025-08-21,Punjab,Wheat,Mature,0.79,0.59,0.86,4.1,0.03,High,8.4,44,23,31
2026-01-05,Karnataka,Wheat,Mature,0.8,0.58,0.78,4.2,0.06,High,8.1,40,23,28
2025-07-03,Punjab,Sugarcane,Early,0.28,0.28,0.4,1.4,0.09,Low,2.3,36,18,31
2025-11-06,Andhra Pradesh,Rice,Flowering,0.87,0.6,0.92,3.7,0.03,High,8.5,48,29,34
2025-01-15,Uttar Pradesh,Rice,Flowering,0.8,0.54,0.89,3.7,0.05,High,7.6,53,28,37
2026-12-27,Andhra Pradesh,Maize,Mature,0.68,0.54,0.72,3.4,0.03,Medium,9.0,36,18,40
2026-07-01,Uttar Pradesh,Sugarcane,Early,0.43,0.26,0.22,0.8,0.1,Low,3.2,34,18,34
2025-05-10,Tamil Nadu,Rice,Early,0.34,0.29,0.26,0.8,0.07,Low,1.2,31,10,33
2025-10-08,Andhra Pradesh,Sugarcane,Flowering,0.76,0.61,0.8,3.8,0.04,High,8.0,40,28,39
2025-02-16,Tamil Nadu,Cotton,Early,0.23,0.29,0.34,1.5,0.11,Low,1.6,36,14,32
2025-02-25,Karnataka,Wheat,Vegetative,0.46,0.49,0.58,2.3,0.07,Medium,5.9,42,16,33
2026-07-21,Punjab,Wheat,Mature,0.7,0.5,0.71,4.5,0.06,High,9.4,45,21,34
2025-10-27,Uttar Pradesh,Wheat,Vegetative,0.64,0.45,0.72,3.0,0.08,Medium,5.7,37,22,35
2026-12-16,Punjab,Sugarcane,Flowering,0.77,0.61,0.89,4.0,0.03,High,7.1,42,22,37
2025-05-10,Tamil Nadu,Sugarcane,Flowering,0.85,0.54,0.95,3.8,0.05,High,7.9,46,23,33
2026-10-16,Uttar Pradesh,Maize,Early,0.4,0.27,0.26,1.3,0.08,Low,3.5,25,13,25
2026-05-18,Punjab,Wheat,Early,0.21,0.19,0.21,1.6,0.12,Low,1.3,36,15,31
2025-04-16,Andhra Pradesh,Maize,Flowering,0.83,0.65,0.8,4.2,0.03,High,7.5,59,22,31
2025-01-13,Maharashtra,Wheat,Flowering,0.84,0.57,0.8,3.7,0.05,High,6.9,56,29,34
2026-08-11,Tamil Nadu,Maize,Vegetative,0.61,0.42,0.72,3.3,0.09,Medium,5.5,37,17,29
2025-10-19,Punjab,Maize,Vegetative,0.52,0.39,0.52,1.8,0.06,Medium,3.5,47,16,27
2026-04-26,Tamil Nadu,Cotton,Early,0.36,0.25,0.29,1.1,0.08,Low,2.7,31,15,34
2026-05-06,Tamil Nadu,Maize,Vegetative,0.51,0.34,0.57,3.5,0.05,Medium,4.1,42,19,25
2026-03-28,Uttar Pradesh,Sugarcane,Early,0.29,0.22,0.24,1.0,0.08,Low,2.3,26,18,34
2025-12-15,Uttar Pradesh,Maize,Early,0.42,0.18,0.24,1.2,0.1,Low,3.4,25,14,24
2025-07-08,Maharashtra,Wheat,Mature,0.83,0.52,0.72,3.7,0.04,High,7.5,53,24,30
2025-02-22,Andhra Pradesh,Maize,Early,0.2,0.28,0.31,0.8,0.08,Low,1.6,30,11,27
2025-09-16,Tamil Nadu,Rice,Vegetative,0.69,0.33,0.62,3.2,0.07,Medium,3.8,42,15,39
2026-05-05,Punjab,Wheat,Flowering,0.72,0.5,0.78,3.7,0.05,High,7.6,49,20,43
2025-04-27,Karnataka,Rice,Flowering,0.81,0.56,0.8,4.5,0.05,High,6.5,44,22,38
2025-03-08,Tamil Nadu,Wheat,Vegetative,0.69,0.34,0.63,2.5,0.06,Medium,5.2,45,19,27
2026-02-15,Tamil Nadu,Sugarcane,Flowering,0.74,0.63,0.83,4.5,0.06,High,7.5,49,21,36
2026-05-19,Maharashtra,Sugarcane,Early,0.4,0.25,0.22,0.9,0.12,Low,1.5,32,12,23
2025-03-17,Andhra Pradesh,Sugarcane,Flowering,0.8,0.57,0.8,4.3,0.05,High,8.0,52,28,39
2026-08-14,Karnataka,Rice,Vegetative,0.64,0.39,0.48,2.3,0.06,Medium,5.0,48,18,35
2026-10-07,Uttar Pradesh,Cotton,Flowering,0.8,0.7,0.81,4.7,0.04,High,7.4,59,24,33
2026-12-04,Uttar Pradesh,Wheat,Early,0.35,0.28,0.4,1.3,0.11,Low,2.1,25,19,31
2025-02-24,Punjab,Sugarcane,Early,0.35,0.19,0.21,1.5,0.09,Low,3.2,30,14,26
2025-06-05,Karnataka,Wheat,Vegetative,0.68,0.43,0.57,2.8,0.07,Medium,5.3,41,17,30
2025-06-02,Uttar Pradesh,Rice,Vegetative,0.55,0.38,0.45,2.8,0.05,Medium,5.0,42,21,30
2026-07-31,Punjab,Cotton,Vegetative,0.62,0.4,0.56,2.6,0.06,Medium,4.5,39,22,36
2025-11-08,Andhra Pradesh,Rice,Mature,0.7,0.56,0.74,3.4,0.03,High,9.7,37,23,32
2025-03-29,Punjab,Wheat,Mature,0.69,0.55,0.82,3.7,0.05,Medium,9.2,49,27,41
2025-09-12,Uttar Pradesh,Cotton,Early,0.25,0.23,0.31,1.1,0.09,Low,3.2,29,10,24
2025-05-02,Maharashtra,Cotton,Mature,0.76,0.48,0.88,3.3,0.06,High,10.4,36,18,31
2026-07-26,Maharashtra,Rice,Mature,0.78,0.48,0.74,3.6,0.03,High,9.5,48,19,29
2026-03-03,Maharashtra,Sugarcane,Flowering,0.77,0.52,0.77,4.2,0.03,High,7.0,45,28,39
2026-09-13,Uttar Pradesh,Wheat,Mature,0.68,0.56,0.74,4.4,0.04,Medium,9.7,46,26,38
2026-09-03,Maharashtra,Maize,Flowering,0.87,0.68,0.91,4.3,0.06,High,7.3,58,27,37
2026-09-26,Karnataka,Maize,Vegetative,0.5,0.42,0.74,2.6,0.08,Medium,5.1,44,23,37
2025-08-20,Andhra Pradesh,Rice,Flowering,0.73,0.68,0.83,4.7,0.05,High,7.3,42,26,38
2026-06-20,Punjab,Wheat,Flowering,0.73,0.58,0.84,5.5,0.04,High,7.8,57,29,31
2026-01-25,Punjab,Wheat,Vegetative,0.67,0.45,0.55,2.7,0.06,Medium,5.6,39,16,27
2026-04-07,Uttar Pradesh,Rice,Vegetative,0.68,0.5,0.63,1.9,0.05,Medium,4.9,42,17,38
2026-03-30,Maharashtra,Wheat,Early,0.44,0.22,0.37,1.6,0.09,Low,2.2,26,13,26
2025-11-01,Maharashtra,Sugarcane,Early,0.28,0.21,0.45,0.7,0.1,Low,1.2,31,17,29
2026-08-26,Tamil Nadu,Rice,Early,0.43,0.18,0.45,0.9,0.1,Low,2.3,37,18,23
2026-03-16,Andhra Pradesh,Sugarcane,Early,0.23,0.26,0.29,1.7,0.09,Low,3.5,30,17,29
2025-11-09,Karnataka,Wheat,Flowering,0.76,0.68,0.85,3.8,0.04,High,7.1,53,23,42
2026-08-06,Punjab,Rice,Flowering,0.73,0.62,0.93,4.9,0.03,High,8.2,42,21,33
2026-09-28,Tamil Nadu,Wheat,Early,0.31,0.27,0.22,1.0,0.07,Low,1.3,36,13,22
2025-03-03,Tamil Nadu,Rice,Mature,0.73,0.57,0.82,4.1,0.05,High,10.0,51,19,37
2026-09-17,Uttar Pradesh,Wheat,Early,0.43,0.16,0.35,1.4,0.1,Low,2.7,32,18,21
2025-04-12,Punjab,Sugarcane,Mature,0.68,0.51,0.72,4.0,0.06,Medium,10.3,39,20,28
2025-08-01,Uttar Pradesh,Sugarcane,Vegetative,0.48,0.38,0.66,1.9,0.06,Medium,5.6,46,24,39
2026-10-03,Karnataka,Wheat,Flowering,0.84,0.68,0.93,4.5,0.05,High,7.3,56,20,30
2025-08-05,Tamil Nadu,Rice,Flowering,0.83,0.58,0.85,4.9,0.06,High,7.1,44,25,40
2025-09-28,Tamil Nadu,Maize,Mature,0.67,0.52,0.82,3.1,0.04,Medium,8.5,39,24,29
2026-11-08,Andhra Pradesh,Sugarcane,Early,0.33,0.21,0.31,0.5,0.11,Low,1.1,32,17,25
2025-03-25,Karnataka,Sugarcane,Flowering,0.89,0.63,0.87,4.6,0.03,High,8.0,55,27,44
2025-06-10,Tamil Nadu,Maize,Mature,0.66,0.57,0.84,4.6,0.07,Medium,7.7,35,21,30
2025-09-03,Karnataka,Wheat,Vegetative,0.56,0.46,0.46,1.9,0.05,Medium,5.7,42,24,27
2025-06-27,Punjab,Rice,Vegetative,0.66,0.47,0.67,2.8,0.08,Medium,4.0,41,23,30
2026-07-20,Maharashtra,Wheat,Flowering,0.87,0.55,0.92,4.5,0.05,High,8.2,43,24,35
2025-03-18,Tamil Nadu,Cotton,Early,0.4,0.28,0.24,1.4,0.08,Low,3.0,33,18,28
2025-06-10,Andhra Pradesh,Sugarcane,Mature,0.74,0.6,0.82,4.1,0.04,High,9.7,47,27,28
2025-01-03,Punjab,Cotton,Flowering,0.82,0.67,0.8,3.9,0.05,High,8.1,52,29,35
2026-02-23,Karnataka,Sugarcane,Vegetative,0.69,0.5,0.6,2.6,0.08,Medium,5.2,38,24,29
2026-04-07,Uttar Pradesh,Sugarcane,Early,0.24,0.22,0.35,0.9,0.1,Low,1.3,27,11,29
2026-12-07,Punjab,Cotton,Mature,0.66,0.58,0.74,4.0,0.04,Medium,8.3,36,19,39
2026-09-01,Tamil Nadu,Cotton,Flowering,0.71,0.68,0.75,3.6,0.05,High,7.1,45,21,30
2026-04-27,Karnataka,Wheat,Mature,0.69,0.56,0.71,4.7,0.03,Medium,10.2,37,20,35
2025-10-26,Maharashtra,Cotton,Early,0.22,0.28,0.24,1.6,0.1,Low,3.2,35,18,23
2025-02-03,Punjab,Wheat,Early,0.37,0.23,0.4,1.3,0.11,Low,2.0,29,12,21
2025-08-26,Tamil Nadu,Wheat,Vegetative,0.61,0.36,0.6,3.1,0.08,Medium,3.9,36,18,28
2025-10-23,Andhra Pradesh,Wheat,Early,0.24,0.28,0.38,1.5,0.08,Low,1.7,37,15,23
2026-12-25,Uttar Pradesh,Sugarcane,Flowering,0.81,0.7,0.94,4.8,0.04,High,6.8,43,29,35
2025-10-17,Karnataka,Sugarcane,Mature,0.8,0.51,0.89,4.3,0.03,High,10.1,52,24,36
2026-12-21,Punjab,Cotton,Early,0.41,0.22,0.31,0.9,0.11,Low,3.2,32,19,21
2026-04-10,Punjab,Sugarcane,Early,0.43,0.2,0.25,1.6,0.11,Low,3.3,36,15,27
2025-03-14,Maharashtra,Cotton,Flowering,0.83,0.54,0.78,4.3,0.03,High,8.0,48,26,41
2026-12-05,Maharashtra,Sugarcane,Mature,0.79,0.52,0.77,3.5,0.05,High,7.6,40,18,36
2025-08-28,Andhra Pradesh,Rice,Mature,0.66,0.6,0.75,3.2,0.04,Medium,9.7,39,22,41
2025-09-28,Uttar Pradesh,Rice,Vegetative,0.55,0.32,0.55,3.0,0.07,Medium,3.9,38,16,37
2026-10-03,Andhra Pradesh,Cotton,Vegetative,0.65,0.37,0.63,2.1,0.06,Medium,3.6,48,21,39
2026-08-27,Tamil Nadu,Sugarcane,Mature,0.83,0.49,0.72,3.8,0.05,High,8.2,51,24,35
2026-11-09,Tamil Nadu,Sugarcane,Flowering,0.87,0.5,0.82,5.0,0.03,High,7.6,42,29,32
2025-07-22,Andhra Pradesh,Wheat,Flowering,0.75,0.56,0.77,4.8,0.04,High,7.1,53,26,35
2026-03-12,Uttar Pradesh,Maize,Vegetative,0.55,0.44,0.72,1.8,0.07,Medium,5.3,36,24,39
2025-04-28,Andhra Pradesh,Cotton,Early,0.24,0.24,0.23,1.1,0.1,Low,2.4,38,19,32
2026-07-12,Uttar Pradesh,Maize,Flowering,0.76,0.55,0.93,3.8,0.03,High,7.0,44,20,30
2025-08-19,Uttar Pradesh,Maize,Early,0.36,0.28,0.26,1.6,0.08,Low,2.7,26,16,22
2026-10-26,Karnataka,Cotton,Flowering,0.86,0.53,0.93,5.4,0.04,High,7.3,47,29,43
2025-06-02,Uttar Pradesh,Sugarcane,Mature,0.74,0.49,0.71,3.8,0.06,High,9.6,52,19,41
2025-09-30,Maharashtra,Cotton,Vegetative,0.69,0.37,0.75,2.2,0.07,Medium,4.6,42,15,32
2025-05-26,Uttar Pradesh,Maize,Early,0.36,0.18,0.32,1.6,0.12,Low,1.6,32,18,33
2025-03-15,Uttar Pradesh,Sugarcane,Early,0.22,0.29,0.36,1.6,0.12,Low,1.5,27,13,21
2025-03-03,Uttar Pradesh,Rice,Mature,0.67,0.49,0.8,3.7,0.03,Medium,10.4,44,23,39
2025-06-19,Tamil Nadu,Cotton,Flowering,0.85,0.62,0.8,4.0,0.04,High,7.3,47,27,35
2025-11-11,Maharashtra,Cotton,Early,0.32,0.25,0.25,1.2,0.09,Low,2.3,34,16,33
2026-09-02,Maharashtra,Sugarcane,Flowering,0.72,0.62,0.8,4.6,0.06,High,7.6,41,29,33
2026-08-06,Andhra Pradesh,Rice,Mature,0.83,0.54,0.82,4.3,0.07,High,7.8,47,23,36
2025-10-23,Karnataka,Rice,Vegetative,0.56,0.42,0.59,2.1,0.05,Medium,5.3,41,19,30
2026-03-26,Uttar Pradesh,Sugarcane,Early,0.27,0.25,0.31,1.2,0.12,Low,1.3,39,18,22
2025-05-08,Punjab,Wheat,Flowering,0.81,0.63,0.82,5.1,0.03,High,6.6,54,20,42
2026-04-25,Karnataka,Cotton,Early,0.23,0.27,0.3,1.2,0.07,Low,1.1,33,17,34
2026-12-07,Karnataka,Cotton,Flowering,0.84,0.65,0.77,4.9,0.04,High,6.7,43,26,32
2025-11-08,Maharashtra,Maize,Flowering,0.76,0.58,0.86,4.4,0.04,High,8.0,40,23,31
2026-12-18,Karnataka,Sugarcane,Flowering,0.83,0.61,0.89,4.1,0.06,High,6.7,42,26,39
2026-02-17,Uttar Pradesh,Maize,Mature,0.7,0.45,0.79,3.6,0.05,High,9.9,43,27,39
2025-10-06,Uttar Pradesh,Maize,Vegetative,0.56,0.33,0.46,2.9,0.05,Medium,5.7,39,21,31
2026-05-28,Tamil Nadu,Rice,Early,0.33,0.18,0.31,1.5,0.09,Low,1.4,31,18,23
2026-07-07,Uttar Pradesh,Cotton,Vegetative,0.63,0.4,0.59,3.2,0.08,Medium,3.6,49,23,27
2026-05-21,Uttar Pradesh,Maize,Flowering,0.7,0.61,0.9,4.7,0.05,High,8.0,54,21,41
2026-03-25,Maharashtra,Rice,Flowering,0.83,0.58,0.84,4.9,0.06,High,7.0,52,24,35
2025-03-24,Uttar Pradesh,Sugarcane,Vegetative,0.48,0.38,0.6,2.9,0.07,Medium,5.1,38,15,29
2026-09-05,Tamil Nadu,Maize,Vegetative,0.58,0.48,0.55,1.9,0.07,Medium,4.3,37,24,37
2025-02-10,Punjab,Cotton,Early,0.44,0.25,0.43,1.6,0.1,Low,2.7,38,13,31
2026-03-19,Maharashtra,Maize,Flowering,0.75,0.58,0.87,3.6,0.04,High,8.2,53,29,37
2025-11-27,Punjab,Sugarcane,Vegetative,0.59,0.48,0.58,1.9,0.08,Medium,5.5,40,18,39
2026-09-11,Maharashtra,Maize,Mature,0.84,0.57,0.88,4.0,0.05,High,7.8,42,21,35
2025-09-14,Andhra Pradesh,Cotton,Flowering,0.71,0.54,0.86,4.9,0.03,High,7.0,42,21,37
2025-01-27,Karnataka,Rice,Flowering,0.88,0.64,0.9,5.1,0.04,High,8.0,40,25,44
2025-04-04,Andhra Pradesh,Cotton,Early,0.3,0.26,0.43,0.7,0.08,Low,3.3,26,10,20
2025-08-23,Uttar Pradesh,Rice,Mature,0.72,0.52,0.84,4.6,0.06,High,8.9,37,18,31
2026-11-22,Punjab,Wheat,Early,0.39,0.21,0.4,1.8,0.09,Low,3.1,28,18,20
2026-08-13,Uttar Pradesh,Cotton,Mature,0.66,0.59,0.76,3.0,0.03,Medium,9.2,49,21,40
2026-08-25,Karnataka,Cotton,Early,0.29,0.24,0.23,0.9,0.09,Low,1.4,37,11,22
2025-01-22,Maharashtra,Sugarcane,Mature,0.83,0.59,0.79,4.5,0.04,High,10.1,43,25,41
2026-11-20,Karnataka,Maize,Mature,0.77,0.55,0.7,4.8,0.05,High,9.1,41,19,40
2025-10-03,Tamil Nadu,Rice,Mature,0.74,0.56,0.8,3.8,0.05,High,9.0,42,24,36
2026-08-14,Karnataka,Rice,Vegetative,0.67,0.48,0.52,3.3,0.06,Medium,4.4,38,19,29
2025-02-11,Tamil Nadu,Sugarcane,Flowering,0.8,0.62,0.86,4.9,0.04,High,6.8,55,27,42
2025-06-29,Karnataka,Sugarcane,Mature,0.83,0.5,0.74,4.7,0.03,High,7.7,37,27,40
2026-04-27,Tamil Nadu,Maize,Vegetative,0.64,0.43,0.67,3.2,0.08,Medium,5.5,35,21,28
2026-06-16,Punjab,Maize,Vegetative,0.69,0.38,0.63,2.0,0.05,Medium,4.8,40,22,38
2026-10-30,Uttar Pradesh,Cotton,Early,0.42,0.29,0.27,1.0,0.1,Low,1.8,26,15,30
2026-03-29,Uttar Pradesh,Wheat,Flowering,0.71,0.54,0.81,3.7,0.03,High,8.0,46,24,44
2025-10-12,Andhra Pradesh,Maize,Flowering,0.79,0.53,0.9,5.4,0.04,High,7.8,52,22,41
2025-07-05,Uttar Pradesh,Sugarcane,Early,0.44,0.17,0.23,1.1,0.1,Low,1.9,33,12,32
2026-08-23,Maharashtra,Maize,Flowering,0.81,0.64,0.86,5.1,0.04,High,6.9,49,21,43
2026-03-23,Karnataka,Rice,Early,0.26,0.18,0.2,0.8,0.07,Low,1.9,35,10,22
2026-10-13,Andhra Pradesh,Wheat,Vegetative,0.62,0.47,0.71,2.1,0.07,Medium,5.7,41,23,31
2026-05-19,Maharashtra,Cotton,Vegetative,0.54,0.34,0.69,3.5,0.05,Medium,5.6,37,18,25
2025-04-04,Maharashtra,Rice,Mature,0.83,0.5,0.9,3.8,0.04,High,9.8,36,18,29
2026-04-27,Tamil Nadu,Rice,Early,0.36,0.16,0.34,0.7,0.08,Low,1.4,28,16,20
2025-12-23,Uttar Pradesh,Wheat,Vegetative,0.66,0.36,0.66,3.3,0.07,Medium,4.8,45,19,34
2026-02-23,Punjab,Cotton,Vegetative,0.55,0.36,0.47,3.4,0.07,Medium,5.9,42,18,26
2025-12-08,Punjab,Sugarcane,Early,0.22,0.25,0.24,1.0,0.1,Low,3.0,35,12,28
2025-11-25,Andhra Pradesh,Cotton,Vegetative,0.62,0.35,0.67,3.4,0.06,Medium,5.0,48,16,30
2026-11-18,Punjab,Maize,Flowering,0.72,0.58,0.91,4.7,0.04,High,6.6,44,24,38
2025-04-18,Karnataka,Rice,Vegetative,0.54,0.39,0.7,2.9,0.05,Medium,6.4,45,22,27
2025-06-14,Punjab,Maize,Early,0.34,0.27,0.33,1.0,0.08,Low,1.2,26,19,29
2025-12-04,Andhra Pradesh,Sugarcane,Flowering,0.85,0.6,0.81,4.2,0.06,High,7.4,47,27,30
2026-02-26,Punjab,Maize,Flowering,0.71,0.7,0.89,3.8,0.04,High,7.9,51,20,37
2026-12-12,Karnataka,Cotton,Vegetative,0.53,0.42,0.5,2.0,0.08,Medium,5.8,46,17,25
2026-05-23,Tamil Nadu,Maize,Mature,0.8,0.51,0.9,3.5,0.07,High,8.1,36,23,40
2025-10-23,Andhra Pradesh,Sugarcane,Flowering,0.82,0.59,0.91,5.0,0.05,High,8.2,53,28,40
2026-11-10,Tamil Nadu,Sugarcane,Early,0.44,0.19,0.27,1.7,0.11,Low,3.3,30,12,25
2026-02-15,Tamil Nadu,Sugarcane,Mature,0.78,0.59,0.72,3.6,0.05,High,9.5,54,18,36
2026-07-18,Tamil Nadu,Cotton,Mature,0.77,0.46,0.72,4.4,0.06,High,8.0,41,25,28
2025-02-07,Maharashtra,Sugarcane,Flowering,0.84,0.63,0.94,3.9,0.06,High,8.2,40,24,36
2026-04-11,Uttar Pradesh,Rice,Vegetative,0.46,0.34,0.74,2.7,0.07,Medium,5.8,38,17,29
2025-04-01,Maharashtra,Sugarcane,Mature,0.75,0.5,0.88,4.0,0.06,High,7.8,53,18,31
2025-11-19,Uttar Pradesh,Maize,Vegetative,0.62,0.41,0.56,2.9,0.06,Medium,3.7,45,17,32
2025-09-16,Tamil Nadu,Maize,Flowering,0.71,0.68,0.92,4.2,0.05,High,7.5,43,28,33
2025-11-28,Andhra Pradesh,Maize,Early,0.31,0.26,0.2,0.5,0.08,Low,1.5,33,10,29
2025-04-29,Uttar Pradesh,Cotton,Mature,0.67,0.54,0.84,3.4,0.05,Medium,9.3,54,18,36
2026-02-18,Karnataka,Maize,Early,0.28,0.27,0.24,1.2,0.1,Low,1.3,39,18,32
2026-06-11,Karnataka,Cotton,Vegetative,0.57,0.47,0.53,3.1,0.06,Medium,5.5,43,18,35
2025-01-02,Punjab,Cotton,Vegetative,0.68,0.4,0.55,3.3,0.05,Medium,3.6,38,19,31
2026-11-05,Uttar Pradesh,Sugarcane,Early,0.22,0.28,0.25,0.8,0.1,Low,2.2,34,19,31
2026-07-10,Andhra Pradesh,Rice,Flowering,0.87,0.58,0.94,4.0,0.04,High,8.3,48,23,38
2026-04-19,Maharashtra,Sugarcane,Flowering,0.77,0.55,0.85,5.2,0.04,High,7.4,41,26,44
2026-02-28,Tamil Nadu,Sugarcane,Mature,0.84,0.5,0.83,3.8,0.05,High,9.6,47,27,32
2025-02-25,Punjab,Cotton,Mature,0.81,0.45,0.86,3.5,0.04,High,7.8,46,22,40
2025-07-12,Karnataka,Cotton,Flowering,0.73,0.6,0.88,4.5,0.06,High,8.5,53,21,41
2026-06-15,Maharashtra,Maize,Flowering,0.73,0.64,0.82,5.0,0.04,High,7.8,56,20,44
2026-01-06,Maharashtra,Maize,Early,0.45,0.17,0.37,0.8,0.1,Medium,3.0,26,13,31
2026-09-30,Tamil Nadu,Sugarcane,Vegetative,0.56,0.5,0.58,2.1,0.07,Medium,5.7,35,20,28
2026-05-26,Uttar Pradesh,Wheat,Vegetative,0.6,0.47,0.69,2.9,0.08,Medium,5.2,37,15,34
2026-10-03,Karnataka,Wheat,Mature,0.69,0.52,0.77,4.3,0.05,Medium,8.0,50,25,35
2026-03-29,Andhra Pradesh,Maize,Flowering,0.85,0.66,0.94,4.5,0.05,High,7.2,56,24,36
2025-02-22,Maharashtra,Wheat,Early,0.37,0.16,0.23,0.7,0.08,Low,2.8,38,15,22
2025-07-28,Tamil Nadu,Maize,Mature,0.83,0.53,0.75,4.7,0.04,High,10.2,50,20,34
2025-10-01,Andhra Pradesh,Cotton,Early,0.39,0.23,0.4,1.6,0.09,Low,2.0,26,16,30
2026-07-17,Uttar Pradesh,Sugarcane,Flowering,0.73,0.57,0.78,4.9,0.03,High,7.9,48,22,38
2025-05-15,Karnataka,Rice,Flowering,0.83,0.64,0.88,5.2,0.04,High,7.8,43,25,40
2025-10-22,Uttar Pradesh,Sugarcane,Flowering,0.74,0.64,0.88,5.0,0.04,High,6.8,51,26,44
2026-03-25,Maharashtra,Maize,Vegetative,0.63,0.49,0.47,1.8,0.08,Medium,4.3,39,24,31
2026-12-17,Andhra Pradesh,Maize,Flowering,0.82,0.64,0.83,4.5,0.04,High,6.5,54,20,41
2026-05-12,Andhra Pradesh,Sugarcane,Mature,0.76,0.56,0.83,3.5,0.04,High,8.9,50,21,38
2025-05-05,Andhra Pradesh,Maize,Vegetative,0.69,0.41,0.54,3.0,0.05,Medium,5.0,43,23,36
2025-01-30,Maharashtra,Wheat,Early,0.38,0.17,0.25,1.8,0.11,Low,3.3,33,15,34
2026-10-08,Maharashtra,Wheat,Mature,0.74,0.5,0.76,4.3,0.06,High,9.1,48,27,35
2026-09-16,Uttar Pradesh,Maize,Mature,0.66,0.46,0.78,4.3,0.07,Medium,7.6,42,20,29
2025-09-03,Punjab,Maize,Early,0.24,0.25,0.28,0.8,0.12,Low,2.9,39,14,33
2026-12-28,Uttar Pradesh,Wheat,Vegetative,0.61,0.31,0.57,2.1,0.07,Medium,6.0,44,18,26
2025-06-12,Karnataka,Maize,Mature,0.76,0.47,0.81,4.1,0.07,High,10.4,53,22,36
2025-11-15,Tamil Nadu,Maize,Mature,0.85,0.52,0.87,3.4,0.05,High,10.4,45,24,40
2026-07-19,Andhra Pradesh,Sugarcane,Mature,0.8,0.51,0.88,3.5,0.07,High,9.8,54,21,40
2025-01-15,Punjab,Rice,Vegetative,0.52,0.45,0.73,1.8,0.05,Medium,4.3,40,21,25
2026-07-20,Tamil Nadu,Wheat,Vegetative,0.54,0.3,0.62,2.2,0.08,Medium,4.8,48,20,36
2026-02-22,Punjab,Sugarcane,Vegetative,0.63,0.31,0.57,2.4,0.08,Medium,6.4,40,17,25
2025-04-06,Uttar Pradesh,Rice,Mature,0.67,0.46,0.77,4.7,0.07,Medium,8.1,48,27,32
2025-08-19,Maharashtra,Maize,Flowering,0.88,0.69,0.91,5.5,0.05,High,6.5,56,25,42
2025-04-27,Andhra Pradesh,Maize,Early,0.24,0.26,0.26,0.5,0.12,Low,2.6,26,13,20
2026-04-18,Uttar Pradesh,Sugarcane,Flowering,0.8,0.68,0.84,4.1,0.06,High,7.3,41,23,44
2025-05-01,Tamil Nadu,Maize,Vegetative,0.68,0.45,0.54,2.8,0.09,Medium,4.8,44,20,27
2026-10-26,Tamil Nadu,Cotton,Mature,0.8,0.46,0.81,3.5,0.04,High,9.8,40,19,34
2025-06-07,Tamil Nadu,Sugarcane,Mature,0.71,0.54,0.83,3.0,0.04,High,8.8,37,18,33
2026-05-26,Tamil Nadu,Rice,Flowering,0.86,0.63,0.82,4.9,0.06,High,7.7,55,24,33
2025-10-26,Tamil Nadu,Sugarcane,Flowering,0.88,0.52,0.92,4.4,0.06,High,6.7,57,26,34
2026-06-06,Punjab,Wheat,Early,0.25,0.16,0.39,1.7,0.1,Low,1.4,25,12,21
2026-12-24,Uttar Pradesh,Sugarcane,Mature,0.74,0.54,0.86,4.3,0.07,High,7.8,42,19,36
2025-10-07,Andhra Pradesh,Maize,Flowering,0.72,0.54,0.8,4.1,0.05,High,6.6,54,27,36
2026-03-02,Maharashtra,Maize,Early,0.4,0.3,0.26,0.6,0.11,Low,2.6,29,14,26
2026-05-10,Maharashtra,Cotton,Vegetative,0.67,0.48,0.58,2.5,0.06,Medium,4.3,43,24,36
2026-04-29,Uttar Pradesh,Cotton,Flowering,0.89,0.56,0.84,5.3,0.05,High,7.7,48,28,39
2025-09-07,Uttar Pradesh,Cotton,Vegetative,0.52,0.31,0.61,2.3,0.08,Medium,5.7,39,20,25
2026-04-13,Maharashtra,Rice,Early,0.26,0.26,0.2,0.7,0.08,Low,2.9,38,16,32
2026-07-19,Maharashtra,Cotton,Vegetative,0.54,0.3,0.68,2.8,0.09,Medium,3.6,49,22,32
2025-05-29,Punjab,Rice,Mature,0.66,0.47,0.79,3.7,0.06,Medium,8.0,53,21,29
2026-01-28,Karnataka,Cotton,Mature,0.84,0.53,0.71,3.7,0.07,High,9.7,42,25,29
2025-07-15,Andhra Pradesh,Rice,Vegetative,0.51,0.46,0.48,2.5,0.05,Medium,4.5,35,20,36
2026-09-06,Tamil Nadu,Sugarcane,Mature,0.75,0.5,0.73,4.1,0.06,High,9.5,45,24,34
2026-06-05,Karnataka,Sugarcane,Early,0.43,0.2,0.25,1.5,0.08,Low,1.6,30,18,25
2025-05-20,Uttar Pradesh,Maize,Mature,0.67,0.5,0.79,3.9,0.05,Medium,8.4,38,19,30
2025-03-13,Maharashtra,Rice,Vegetative,0.64,0.46,0.65,2.6,0.08,Medium,5.0,35,23,34
2025-10-10,Karnataka,Wheat,Vegetative,0.56,0.46,0.68,2.7,0.06,Medium,4.9,40,15,30
2026-03-01,Andhra Pradesh,Maize,Vegetative,0.63,0.44,0.61,2.8,0.05,Medium,4.8,48,17,27
2025-12-15,Uttar Pradesh,Sugarcane,Flowering,0.79,0.51,0.89,3.6,0.04,High,7.2,49,20,36
2026-06-04,Tamil Nadu,Rice,Vegetative,0.48,0.46,0.62,1.8,0.07,Medium,4.7,36,15,31
2025-10-01,Tamil Nadu,Cotton,Early,0.42,0.26,0.41,1.7,0.12,Low,1.3,28,15,20
2025-01-03,Andhra Pradesh,Wheat,Mature,0.84,0.52,0.9,3.1,0.06,High,9.2,36,27,33
2025-10-17,Andhra Pradesh,Sugarcane,Mature,0.68,0.58,0.84,3.5,0.07,Medium,8.8,52,27,32
2025-11-02,Maharashtra,Maize,Flowering,0.83,0.53,0.88,3.9,0.04,High,6.8,52,23,34
2026-08-25,Tamil Nadu,Rice,Flowering,0.78,0.7,0.9,3.7,0.05,High,7.0,47,27,32
2026-08-17,Uttar Pradesh,Wheat,Early,0.32,0.25,0.27,1.2,0.09,Low,1.8,29,13,28
2026-11-07,Karnataka,Rice,Vegetative,0.62,0.34,0.74,2.0,0.07,Medium,3.8,49,19,26
2026-05-17,Uttar Pradesh,Cotton,Flowering,0.86,0.64,0.92,5.1,0.05,High,8.2,53,27,30
2025-06-02,Punjab,Maize,Mature,0.69,0.46,0.72,4.4,0.05,Medium,9.7,47,24,34
2026-04-03,Punjab,Rice,Flowering,0.73,0.65,0.89,4.3,0.03,High,6.5,53,27,31
2026-07-06,Andhra Pradesh,Sugarcane,Flowering,0.82,0.6,0.8,3.8,0.05,High,8.3,53,27,39
2026-05-11,Maharashtra,Maize,Vegetative,0.7,0.3,0.6,2.7,0.06,High,5.5,49,18,30
2025-12-20,Punjab,Sugarcane,Flowering,0.83,0.59,0.76,5.0,0.04,High,6.9,49,24,32
2025-12-07,Tamil Nadu,Rice,Early,0.25,0.23,0.33,0.7,0.08,Low,2.0,38,14,25
2026-07-20,Uttar Pradesh,Maize,Mature,0.65,0.56,0.75,4.3,0.07,Medium,7.6,35,24,40
2026-07-11,Uttar Pradesh,Sugarcane,Vegetative,0.47,0.32,0.72,2.9,0.08,Medium,6.2,42,20,36
2026-01-22,Andhra Pradesh,Cotton,Mature,0.69,0.46,0.74,3.7,0.03,Medium,8.0,36,25,38
2026-04-12,Karnataka,Cotton,Early,0.43,0.22,0.3,1.7,0.09,Low,2.8,38,12,22
2025-11-26,Andhra Pradesh,Rice,Early,0.25,0.27,0.43,1.3,0.08,Low,3.2,28,16,20
2025-07-13,Karnataka,Maize,Flowering,0.71,0.66,0.78,3.9,0.05,High,7.0,43,27,41
2026-12-16,Andhra Pradesh,Wheat,Flowering,0.89,0.57,0.83,5.0,0.04,High,8.4,59,25,33
2025-09-02,Andhra Pradesh,Maize,Flowering,0.89,0.59,0.8,3.9,0.06,High,8.0,50,27,40
2026-08-09,Andhra Pradesh,Cotton,Mature,0.73,0.5,0.79,3.5,0.04,High,9.2,38,20,41
2026-01-28,Karnataka,Sugarcane,Early,0.41,0.25,0.41,1.4,0.11,Low,1.4,31,19,22
2025-08-28,Karnataka,Wheat,Vegetative,0.51,0.43,0.56,2.9,0.06,Medium,5.4,45,19,34
2026-02-25,Andhra Pradesh,Rice,Flowering,0.88,0.68,0.94,4.9,0.05,High,7.6,57,26,30
2025-02-14,Punjab,Wheat,Mature,0.75,0.59,0.81,4.1,0.06,High,8.5,49,18,34
2025-11-22,Maharashtra,Rice,Flowering,0.89,0.55,0.81,3.9,0.03,High,7.0,48,25,40
2026-04-30,Maharashtra,Wheat,Early,0.34,0.17,0.4,1.5,0.07,Low,2.0,33,10,21
2026-12-24,Maharashtra,Rice,Vegetative,0.46,0.46,0.66,2.2,0.08,Medium,5.6,39,18,36
2026-01-26,Karnataka,Rice,Early,0.31,0.2,0.32,1.7,0.09,Low,2.0,28,14,27
2026-01-31,Karnataka,Wheat,Mature,0.81,0.57,0.81,3.3,0.06,High,9.6,53,27,40
2026-11-11,Punjab,Wheat,Flowering,0.83,0.61,0.82,3.8,0.06,High,7.4,42,23,36
2026-10-30,Maharashtra,Rice,Early,0.22,0.28,0.4,1.5,0.07,Low,2.3,27,16,31
2025-06-05,Maharashtra,Cotton,Mature,0.84,0.46,0.85,4.2,0.04,High,9.0,39,26,35
2026-05-23,Andhra Pradesh,Wheat,Flowering,0.77,0.63,0.78,3.9,0.06,High,8.0,55,28,41
2025-02-07,Karnataka,Maize,Vegetative,0.51,0.38,0.51,3.4,0.07,Medium,5.8,35,24,36
2025-05-10,Maharashtra,Sugarcane,Early,0.28,0.23,0.38,1.1,0.1,Low,1.3,38,12,20
2026-05-30,Uttar Pradesh,Rice,Flowering,0.7,0.61,0.88,5.5,0.06,High,8.2,51,24,34
2026-08-28,Punjab,Rice,Flowering,0.77,0.63,0.89,3.8,0.03,High,7.9,54,28,42
2025-12-06,Uttar Pradesh,Sugarcane,Flowering,0.71,0.53,0.78,4.3,0.06,High,6.8,46,23,38
2025-04-13,Uttar Pradesh,Cotton,Flowering,0.88,0.51,0.9,4.8,0.05,High,7.5,54,22,34
2026-03-27,Punjab,Sugarcane,Early,0.41,0.21,0.31,1.1,0.09,Low,1.8,36,13,25
2025-04-13,Uttar Pradesh,Wheat,Flowering,0.73,0.54,0.86,4.2,0.04,High,8.1,54,28,43
2026-06-23,Maharashtra,Sugarcane,Mature,0.81,0.57,0.89,3.3,0.05,High,9.2,44,26,28
2026-04-13,Karnataka,Rice,Early,0.37,0.21,0.3,0.9,0.1,Low,1.9,31,16,23
2025-01-16,Punjab,Sugarcane,Flowering,0.73,0.68,0.87,5.1,0.05,High,6.9,53,29,40
2025-05-28,Andhra Pradesh,Maize,Early,0.44,0.15,0.45,1.8,0.12,Low,2.2,34,13,22
2026-02-24,Uttar Pradesh,Wheat,Mature,0.66,0.48,0.89,3.0,0.05,Medium,7.7,47,18,35
2026-11-02,Punjab,Sugarcane,Mature,0.71,0.55,0.85,3.4,0.05,High,10.0,51,25,37
2025-06-08,Tamil Nadu,Rice,Early,0.34,0.22,0.41,1.3,0.11,Low,3.0,31,14,34
2025-03-18,Tamil Nadu,Wheat,Flowering,0.73,0.61,0.81,3.9,0.05,High,8.3,54,20,34
2026-04-26,Karnataka,Rice,Flowering,0.85,0.55,0.81,5.3,0.06,High,6.8,41,26,36
2025-09-29,Maharashtra,Cotton,Mature,0.77,0.58,0.72,3.7,0.04,High,7.5,46,22,38
2025-12-13,Karnataka,Maize,Flowering,0.71,0.65,0.82,4.9,0.05,High,7.6,57,28,34
2026-10-01,Karnataka,Cotton,Mature,0.8,0.47,0.86,4.0,0.06,High,7.5,52,18,39
2026-12-11,Karnataka,Maize,Flowering,0.89,0.64,0.81,4.1,0.06,High,8.3,47,28,36
2026-02-12,Karnataka,Sugarcane,Mature,0.77,0.6,0.82,4.4,0.06,High,8.6,48,24,40
2026-10-28,Andhra Pradesh,Wheat,Vegetative,0.57,0.41,0.66,3.1,0.06,Medium,3.9,37,24,26
2025-03-24,Andhra Pradesh,Sugarcane,Flowering,0.77,0.61,0.76,4.5,0.04,High,7.6,41,21,40
2025-12-03,Punjab,Maize,Flowering,0.88,0.69,0.94,4.5,0.05,High,6.8,59,29,32
2026-11-22,Tamil Nadu,Maize,Flowering,0.7,0.59,0.82,4.8,0.06,High,6.7,54,29,38
2026-07-01,Karnataka,Maize,Early,0.31,0.15,0.38,1.7,0.1,Low,2.5,30,11,27
2026-01-25,Punjab,Rice,Flowering,0.78,0.54,0.79,5.1,0.06,High,7.5,41,28,35
2025-11-21,Tamil Nadu,Wheat,Early,0.36,0.22,0.3,1.2,0.08,Low,1.2,29,12,26
2026-10-04,Uttar Pradesh,Sugarcane,Early,0.38,0.2,0.37,1.3,0.1,Low,3.1,25,10,24
2026-05-15,Maharashtra,Sugarcane,Mature,0.73,0.51,0.78,3.2,0.07,High,7.9,38,26,32
2026-07-09,Andhra Pradesh,Cotton,Early,0.22,0.17,0.21,0.9,0.11,Low,1.8,27,11,23
2025-02-06,Uttar Pradesh,Maize,Early,0.45,0.18,0.27,1.8,0.08,Medium,2.3,35,11,28
2026-09-25,Tamil Nadu,Maize,Vegetative,0.59,0.48,0.62,2.2,0.06,Medium,5.1,44,17,31
2025-03-12,Uttar Pradesh,Maize,Flowering,0.73,0.59,0.88,4.3,0.04,High,6.5,53,27,44
2025-08-29,Maharashtra,Sugarcane,Early,0.44,0.26,0.34,0.9,0.12,Low,2.5,31,18,25
2026-10-09,Tamil Nadu,Cotton,Flowering,0.87,0.5,0.79,4.8,0.06,High,7.9,59,22,41
2026-12-02,Uttar Pradesh,Rice,Early,0.25,0.16,0.35,1.2,0.11,Low,2.9,35,13,33
2025-10-22,Andhra Pradesh,Wheat,Mature,0.85,0.55,0.84,3.2,0.03,High,8.0,39,20,37
2025-08-21,Andhra Pradesh,Rice,Vegetative,0.68,0.41,0.48,2.1,0.09,Medium,4.1,41,21,34
2025-04-03,Punjab,Sugarcane,Early,0.26,0.21,0.38,0.7,0.11,Low,3.1,32,17,25
2026-03-21,Uttar Pradesh,Maize,Flowering,0.8,0.64,0.76,5.0,0.04,High,7.2,41,26,39
2025-04-11,Karnataka,Wheat,Mature,0.82,0.52,0.75,3.2,0.05,High,9.7,39,19,40
2026-10-11,Uttar Pradesh,Sugarcane,Flowering,0.84,0.56,0.89,4.8,0.04,High,7.0,57,28,41
2026-12-22,Tamil Nadu,Sugarcane,Mature,0.82,0.46,0.72,3.4,0.07,High,8.5,50,21,33
2025-04-13,Tamil Nadu,Sugarcane,Vegetative,0.59,0.45,0.68,2.1,0.06,Medium,3.7,49,23,37
2026-03-31,Uttar Pradesh,Wheat,Mature,0.82,0.54,0.73,3.4,0.05,High,9.8,46,25,35
2025-06-20,Maharashtra,Wheat,Flowering,0.8,0.55,0.88,5.5,0.04,High,6.8,42,27,32
2026-12-12,Andhra Pradesh,Cotton,Flowering,0.72,0.5,0.82,5.0,0.04,High,7.7,51,24,39
2025-11-03,Tamil Nadu,Cotton,Early,0.26,0.17,0.31,1.5,0.08,Low,2.3,36,17,24
2025-01-30,Andhra Pradesh,Rice,Mature,0.78,0.55,0.83,3.7,0.03,High,10.2,46,22,36
2025-02-17,Tamil Nadu,Wheat,Flowering,0.82,0.54,0.78,4.3,0.04,High,7.0,52,27,34
2025-11-29,Punjab,Wheat,Early,0.42,0.21,0.34,1.7,0.09,Low,3.0,26,10,30
2025-02-27,Karnataka,Wheat,Vegetative,0.52,0.4,0.66,2.2,0.07,Medium,5.6,42,17,27
2025-10-28,Tamil Nadu,Cotton,Flowering,0.84,0.57,0.91,4.2,0.04,High,8.1,59,25,38
2026-01-03,Andhra Pradesh,Sugarcane,Early,0.35,0.19,0.34,0.5,0.09,Low,1.5,28,15,24
2026-01-19,Punjab,Maize,Flowering,0.82,0.54,0.84,4.9,0.05,High,6.5,40,20,30
2026-03-18,Tamil Nadu,Cotton,Mature,0.77,0.59,0.72,3.9,0.05,High,8.7,42,21,40
2025-05-30,Maharashtra,Wheat,Early,0.44,0.18,0.44,1.7,0.09,Low,3.5,35,17,34
2025-09-08,Karnataka,Cotton,Mature,0.7,0.47,0.82,3.6,0.06,High,9.1,38,19,36
2026-06-28,Tamil Nadu,Rice,Vegetative,0.55,0.39,0.47,2.7,0.06,Medium,3.9,36,18,39
2026-02-26,Punjab,Wheat,Mature,0.85,0.56,0.79,3.8,0.05,High,9.5,52,22,39
2026-08-03,Maharashtra,Rice,Early,0.32,0.22,0.27,1.4,0.08,Low,1.1,38,17,31
2026-11-30,Uttar Pradesh,Wheat,Flowering,0.86,0.65,0.78,4.0,0.05,High,7.1,44,26,30
2025-07-04,Punjab,Cotton,Early,0.37,0.26,0.29,1.0,0.09,Low,2.3,29,17,27
2025-06-24,Punjab,Sugarcane,Mature,0.79,0.58,0.84,4.7,0.06,High,10.4,35,19,41
2025-06-29,Maharashtra,Maize,Mature,0.77,0.6,0.78,3.4,0.05,High,9.4,36,22,36
2025-03-22,Punjab,Rice,Flowering,0.88,0.56,0.82,4.2,0.04,High,6.7,41,26,36
2026-09-17,Maharashtra,Cotton,Vegetative,0.67,0.49,0.46,3.5,0.08,Medium,5.1,41,24,39
2026-01-27,Tamil Nadu,Sugarcane,Early,0.37,0.29,0.35,1.1,0.1,Low,1.5,27,10,25
2026-09-27,Maharashtra,Cotton,Flowering,0.82,0.59,0.76,5.3,0.05,High,6.7,51,28,35
2026-12-01,Maharashtra,Rice,Flowering,0.71,0.62,0.91,5.0,0.04,High,8.2,53,24,41
2025-09-04,Karnataka,Maize,Flowering,0.71,0.6,0.87,4.0,0.05,High,7.8,44,23,36
2026-05-25,Maharashtra,Cotton,Early,0.25,0.3,0.42,0.9,0.1,Low,1.8,27,15,21
2026-08-21,Maharashtra,Wheat,Early,0.29,0.27,0.32,1.0,0.12,Low,2.3,36,15,23
2025-05-27,Uttar Pradesh,Sugarcane,Early,0.37,0.29,0.25,1.2,0.08,Low,3.1,38,13,34
2025-08-26,Tamil Nadu,Cotton,Vegetative,0.69,0.36,0.5,2.7,0.07,Medium,4.0,42,21,27
2026-04-18,Karnataka,Sugarcane,Flowering,0.77,0.59,0.91,4.0,0.04,High,7.7,56,22,42
2026-10-16,Uttar Pradesh,Wheat,Mature,0.71,0.51,0.75,3.1,0.05,High,8.3,51,26,38
2025-09-18,Andhra Pradesh,Maize,Mature,0.77,0.54,0.82,3.2,0.05,High,8.7,48,22,40
2026-04-16,Tamil Nadu,Maize,Flowering,0.85,0.64,0.77,3.7,0.06,High,7.4,46,28,35
2025-09-19,Tamil Nadu,Wheat,Mature,0.69,0.48,0.7,4.3,0.05,Medium,10.3,43,20,29
2026-11-14,Andhra Pradesh,Sugarcane,Vegetative,0.63,0.33,0.63,2.7,0.09,Medium,5.7,45,16,31
2025-01-10,Maharashtra,Cotton,Vegetative,0.46,0.43,0.46,3.2,0.08,Medium,6.2,41,22,37
2026-04-22,Uttar Pradesh,Wheat,Early,0.33,0.19,0.35,1.2,0.08,Low,2.8,28,16,27
2025-10-22,Punjab,Rice,Early,0.31,0.2,0.38,1.6,0.11,Low,2.3,35,12,28
2026-11-25,Karnataka,Sugarcane,Early,0.29,0.16,0.41,0.9,0.08,Low,3.2,28,13,23
2026-07-14,Punjab,Maize,Early,0.36,0.21,0.21,1.7,0.09,Low,2.5,28,18,34
2025-06-11,Andhra Pradesh,Wheat,Early,0.41,0.29,0.24,1.7,0.08,Low,1.7,30,15,29
2025-03-17,Tamil Nadu,Maize,Mature,0.81,0.5,0.73,3.2,0.05,High,10.4,46,20,31
2026-03-29,Tamil Nadu,Sugarcane,Mature,0.73,0.55,0.75,4.4,0.04,High,8.8,45,18,36
2025-12-20,Karnataka,Maize,Early,0.35,0.17,0.45,1.5,0.11,Low,2.0,37,15,29
2026-08-25,Tamil Nadu,Wheat,Vegetative,0.47,0.31,0.53,3.5,0.07,Medium,4.3,42,19,36
2025-11-03,Tamil Nadu,Sugarcane,Mature,0.79,0.5,0.86,4.0,0.06,High,9.8,53,21,37
2026-10-17,Karnataka,Rice,Vegetative,0.51,0.32,0.58,3.3,0.07,Medium,6.0,38,16,37
2026-03-11,Uttar Pradesh,Wheat,Vegetative,0.67,0.39,0.69,2.2,0.09,Medium,5.2,38,15,27
2026-12-08,Uttar Pradesh,Cotton,Flowering,0.87,0.51,0.75,3.8,0.06,High,7.5,54,25,33
2025-09-14,Karnataka,Wheat,Flowering,0.85,0.54,0.82,4.8,0.04,High,8.0,56,25,40
2026-04-13,Andhra Pradesh,Sugarcane,Early,0.36,0.26,0.26,1.4,0.09,Low,1.2,37,17,34
2025-11-06,Tamil Nadu,Wheat,Vegetative,0.67,0.45,0.74,2.8,0.06,Medium,4.5,41,16,38
2025-07-23,Tamil Nadu,Rice,Mature,0.82,0.5,0.72,3.9,0.03,High,7.9,42,24,33
2026-01-29,Andhra Pradesh,Rice,Flowering,0.72,0.64,0.83,3.6,0.05,High,7.7,58,25,43
2026-05-10,Uttar Pradesh,Cotton,Flowering,0.71,0.56,0.95,3.7,0.05,High,8.2,48,25,37
2025-04-20,Maharashtra,Maize,Vegetative,0.5,0.4,0.72,1.9,0.08,Medium,5.2,45,15,28
2025-08-31,Maharashtra,Sugarcane,Flowering,0.83,0.68,0.93,5.4,0.05,High,6.9,55,22,31
2026-01-26,Maharashtra,Sugarcane,Flowering,0.76,0.52,0.94,4.2,0.05,High,7.6,50,21,43
2026-08-09,Uttar Pradesh,Maize,Mature,0.74,0.55,0.86,3.9,0.04,High,8.7,47,26,33
2026-01-03,Uttar Pradesh,Rice,Vegetative,0.6,0.49,0.69,2.4,0.07,Medium,4.1,47,21,34
2026-08-12,Andhra Pradesh,Rice,Flowering,0.8,0.64,0.9,5.0,0.04,High,7.8,42,29,30
2025-10-30,Tamil Nadu,Wheat,Vegetative,0.69,0.47,0.46,3.1,0.08,Medium,5.0,43,20,28
2026-12-18,Andhra Pradesh,Cotton,Flowering,0.73,0.68,0.92,4.8,0.04,High,8.4,44,27,40
2025-10-30,Andhra Pradesh,Cotton,Mature,0.8,0.6,0.72,3.8,0.03,High,9.8,42,27,31
2025-01-23,Uttar Pradesh,Cotton,Vegetative,0.55,0.48,0.49,3.3,0.07,Medium,5.2,49,15,31
2026-11-06,Maharashtra,Wheat,Flowering,0.89,0.69,0.92,3.9,0.04,High,7.5,43,24,34
2026-02-10,Punjab,Cotton,Mature,0.8,0.5,0.86,3.3,0.05,High,9.6,54,19,37
2025-10-09,Tamil Nadu,Maize,Flowering,0.74,0.52,0.93,4.8,0.04,High,7.3,58,25,34
2025-01-09,Uttar Pradesh,Wheat,Vegetative,0.62,0.44,0.72,3.3,0.06,Medium,5.4,47,15,29
2026-08-03,Maharashtra,Maize,Flowering,0.75,0.59,0.91,4.4,0.06,High,8.5,54,20,44
2026-12-04,Punjab,Wheat,Vegetative,0.49,0.38,0.49,3.3,0.05,Medium,4.4,45,16,30
2025-02-20,Punjab,Cotton,Vegetative,0.62,0.48,0.74,2.6,0.06,Medium,4.1,42,23,29
2026-09-13,Uttar Pradesh,Maize,Flowering,0.71,0.51,0.87,4.8,0.05,High,7.2,41,27,31
2026-05-24,Karnataka,Maize,Mature,0.7,0.6,0.88,4.0,0.05,High,10.2,41,25,30
2025-10-21,Tamil Nadu,Maize,Early,0.39,0.19,0.42,1.2,0.1,Low,1.2,26,16,22
2025-08-24,Punjab,Wheat,Mature,0.72,0.57,0.77,4.4,0.05,High,9.9,42,22,30
2026-09-14,Uttar Pradesh,Sugarcane,Mature,0.77,0.57,0.83,3.8,0.04,High,7.7,53,26,39
2025-12-27,Uttar Pradesh,Cotton,Flowering,0.78,0.55,0.92,5.2,0.04,High,7.1,50,23,35
2025-08-13,Maharashtra,Maize,Mature,0.77,0.59,0.78,3.3,0.04,High,9.5,36,22,40
2026-10-14,Karnataka,Sugarcane,Mature,0.71,0.53,0.72,3.0,0.07,High,8.4,54,21,36
2025-07-14,Tamil Nadu,Cotton,Early,0.31,0.24,0.22,1.7,0.1,Low,2.3,26,19,25
2026-09-28,Andhra Pradesh,Cotton,Mature,0.75,0.59,0.71,3.2,0.05,High,8.6,44,22,41
2025-09-14,Maharashtra,Maize,Early,0.26,0.26,0.37,0.7,0.09,Low,1.4,39,14,30
2026-11-26,Punjab,Maize,Flowering,0.77,0.67,0.76,4.0,0.06,High,7.8,58,20,42
2026-11-07,Punjab,Wheat,Early,0.38,0.26,0.24,0.6,0.11,Low,3.1,29,16,30
2026-11-29,Maharashtra,Sugarcane,Vegetative,0.58,0.48,0.55,2.1,0.08,Medium,5.1,46,19,38
2025-05-21,Uttar Pradesh,Sugarcane,Vegetative,0.61,0.31,0.63,3.0,0.06,Medium,4.1,41,15,36
2026-10-06,Punjab,Maize,Early,0.39,0.2,0.33,1.0,0.08,Low,1.9,30,15,20
2025-04-10,Karnataka,Cotton,Vegetative,0.62,0.33,0.75,2.8,0.07,Medium,4.6,40,17,37
2026-10-05,Tamil Nadu,Maize,Flowering,0.76,0.52,0.9,4.7,0.05,High,6.9,58,21,42
2026-10-24,Karnataka,Cotton,Vegetative,0.57,0.3,0.55,3.2,0.07,Medium,5.2,48,16,32
2025-02-10,Punjab,Cotton,Early,0.27,0.22,0.22,1.6,0.1,Low,2.0,25,11,22
2025-11-13,Andhra Pradesh,Maize,Flowering,0.81,0.56,0.82,4.0,0.05,High,8.4,49,28,34
2026-03-28,Tamil Nadu,Rice,Vegetative,0.48,0.42,0.57,2.1,0.07,Medium,6.3,43,18,28
2025-02-04,Tamil Nadu,Sugarcane,Flowering,0.87,0.69,0.81,4.2,0.03,High,7.2,42,20,41
2026-08-17,Maharashtra,Cotton,Early,0.4,0.22,0.31,1.2,0.1,Low,3.1,25,11,34
2026-01-09,Maharashtra,Cotton,Vegetative,0.52,0.49,0.56,2.0,0.05,Medium,4.3,41,21,36
2025-05-15,Andhra Pradesh,Rice,Flowering,0.87,0.56,0.87,5.0,0.04,High,6.6,53,23,32
2025-04-03,Uttar Pradesh,Wheat,Flowering,0.82,0.65,0.82,5.4,0.05,High,7.3,49,23,42
2025-10-30,Tamil Nadu,Rice,Vegetative,0.48,0.37,0.65,2.4,0.08,Medium,4.2,38,18,30
2025-12-01,Andhra Pradesh,Rice,Flowering,0.82,0.54,0.91,5.4,0.06,High,7.1,51,21,42
2026-03-02,Maharashtra,Cotton,Flowering,0.74,0.65,0.86,4.3,0.05,High,8.2,57,28,34
2025-06-29,Maharashtra,Sugarcane,Early,0.3,0.22,0.41,1.3,0.1,Low,1.7,36,11,22
2025-07-25,Tamil Nadu,Rice,Early,0.21,0.18,0.27,0.9,0.1,Low,1.5,25,10,33
2025-05-16,Karnataka,Wheat,Early,0.24,0.23,0.43,1.6,0.12,Low,2.6,32,12,34
2026-07-07,Punjab,Maize,Early,0.42,0.27,0.31,0.9,0.11,Low,2.6,32,11,21
2026-01-10,Maharashtra,Rice,Early,0.29,0.16,0.44,0.7,0.08,Low,3.2,38,14,20
2026-06-28,Uttar Pradesh,Rice,Early,0.21,0.28,0.43,0.8,0.11,Low,2.7,25,12,26
2026-05-29,Uttar Pradesh,Wheat,Vegetative,0.5,0.37,0.7,1.9,0.08,Medium,5.0,38,20,36
2025-10-07,Maharashtra,Sugarcane,Early,0.23,0.17,0.4,1.6,0.12,Low,3.1,26,16,27
2025-06-18,Karnataka,Rice,Flowering,0.82,0.64,0.94,4.3,0.03,High,7.7,51,23,39
2025-09-21,Karnataka,Rice,Vegetative,0.69,0.32,0.46,3.5,0.05,Medium,4.7,41,24,37
2026-05-09,Andhra Pradesh,Sugarcane,Flowering,0.74,0.55,0.79,4.8,0.06,High,7.8,55,28,31
2025-10-30,Uttar Pradesh,Wheat,Early,0.24,0.25,0.44,1.3,0.08,Low,3.5,33,16,34
2025-12-13,Andhra Pradesh,Rice,Early,0.24,0.25,0.43,1.2,0.08,Low,1.3,35,14,21
2025-04-28,Uttar Pradesh,Sugarcane,Flowering,0.84,0.54,0.77,4.3,0.04,High,7.8,44,27,34
2026-04-25,Punjab,Rice,Flowering,0.81,0.57,0.75,4.7,0.05,High,6.6,50,27,43
2025-03-19,Punjab,Maize,Flowering,0.81,0.6,0.76,4.6,0.04,High,8.0,51,23,38
2025-05-25,Tamil Nadu,Cotton,Mature,0.67,0.47,0.73,3.1,0.05,Medium,9.9,53,24,40
2025-08-20,Andhra Pradesh,Maize,Mature,0.79,0.5,0.77,3.6,0.06,High,8.0,37,24,40
2026-11-24,Maharashtra,Rice,Mature,0.77,0.57,0.83,3.9,0.06,High,10.0,37,19,36
2026-11-22,Andhra Pradesh,Wheat,Mature,0.69,0.52,0.88,3.6,0.04,Medium,10.1,39,26,34
2026-02-11,Maharashtra,Cotton,Vegetative,0.5,0.45,0.5,3.2,0.07,Medium,5.6,43,19,39
2026-07-25,Karnataka,Maize,Early,0.44,0.3,0.41,0.9,0.12,Low,2.7,35,12,27
2026-01-10,Andhra Pradesh,Sugarcane,Flowering,0.7,0.53,0.92,4.8,0.04,High,7.5,57,22,31
2025-04-03,Karnataka,Wheat,Early,0.43,0.19,0.34,0.9,0.08,Low,2.5,39,11,31
2026-02-09,Punjab,Maize,Flowering,0.88,0.62,0.89,4.3,0.03,High,8.4,42,28,44
2025-01-15,Punjab,Sugarcane,Early,0.4,0.25,0.41,1.3,0.08,Low,2.0,36,18,29
2025-09-28,Tamil Nadu,Rice,Vegetative,0.59,0.48,0.7,1.9,0.09,Medium,3.8,42,24,27
2026-07-04,Andhra Pradesh,Sugarcane,Mature,0.82,0.46,0.76,3.0,0.06,High,9.4,48,26,31
2025-05-07,Karnataka,Maize,Early,0.4,0.22,0.2,0.7,0.11,Low,2.9,31,18,28
2026-04-11,Maharashtra,Maize,Flowering,0.81,0.54,0.81,5.4,0.06,High,8.3,40,25,34
2026-01-13,Punjab,Rice,Early,0.29,0.16,0.3,1.3,0.08,Low,3.1,28,10,29
2026-11-20,Punjab,Sugarcane,Vegetative,0.52,0.38,0.52,2.2,0.07,Medium,4.9,46,24,39
2026-11-20,Maharashtra,Sugarcane,Vegetative,0.52,0.4,0.6,2.3,0.08,Medium,5.1,42,23,36
2025-09-26,Karnataka,Rice,Early,0.38,0.3,0.36,1.7,0.07,Low,2.4,38,18,22
2026-08-22,Karnataka,Sugarcane,Mature,0.68,0.5,0.86,3.2,0.05,Medium,7.9,47,24,30
2026-01-26,Andhra Pradesh,Rice,Flowering,0.71,0.59,0.87,4.1,0.05,High,8.4,47,27,35
2026-10-16,Andhra Pradesh,Wheat,Vegetative,0.48,0.38,0.69,2.6,0.08,Medium,4.5,37,24,31
2026-01-16,Uttar Pradesh,Maize,Vegetative,0.45,0.42,0.58,2.7,0.07,Medium,4.0,41,21,34
2025-04-21,Uttar Pradesh,Wheat,Early,0.27,0.29,0.2,1.4,0.09,Low,2.3,39,16,21
2026-11-23,Tamil Nadu,Cotton,Vegetative,0.5,0.47,0.63,3.1,0.09,Medium,5.4,41,23,39
2025-08-28,Punjab,Cotton,Vegetative,0.62,0.3,0.7,3.2,0.05,Medium,5.1,35,15,29
2026-04-28,Andhra Pradesh,Cotton,Flowering,0.8,0.53,0.87,5.3,0.06,High,7.7,59,29,37
2025-01-26,Karnataka,Rice,Mature,0.73,0.47,0.9,4.5,0.05,High,8.9,37,24,40
2026-09-27,Maharashtra,Sugarcane,Flowering,0.72,0.62,0.77,5.2,0.06,High,7.2,46,28,33
2026-07-29,Karnataka,Wheat,Mature,0.83,0.46,0.73,4.4,0.06,High,7.9,53,20,29
2025-12-02,Punjab,Wheat,Flowering,0.72,0.68,0.8,3.8,0.05,High,6.9,43,25,31
2026-09-17,Uttar Pradesh,Wheat,Early,0.23,0.29,0.37,1.2,0.09,Low,1.3,39,11,25
2025-08-15,Karnataka,Wheat,Vegetative,0.58,0.34,0.72,2.9,0.07,Medium,5.9,40,15,28
2026-10-26,Tamil Nadu,Cotton,Mature,0.65,0.51,0.76,4.6,0.06,Medium,7.8,37,27,39
2025-03-06,Punjab,Wheat,Early,0.21,0.28,0.33,1.3,0.09,Low,3.4,29,18,27
2026-10-13,Uttar Pradesh,Sugarcane,Vegetative,0.7,0.48,0.61,3.5,0.08,High,4.1,45,24,39
2026-04-21,Maharashtra,Cotton,Vegetative,0.53,0.37,0.61,2.9,0.06,Medium,6.2,38,20,26
2026-12-19,Uttar Pradesh,Wheat,Vegetative,0.69,0.49,0.69,2.2,0.07,Medium,4.2,49,18,25
2025-11-06,Tamil Nadu,Rice,Flowering,0.78,0.64,0.8,5.5,0.04,High,8.4,47,20,41
2026-10-27,Punjab,Maize,Early,0.37,0.19,0.31,1.1,0.12,Low,1.4,37,10,22
2026-02-23,Maharashtra,Maize,Early,0.42,0.23,0.36,1.2,0.07,Low,2.5,26,12,30
2025-04-30,Tamil Nadu,Maize,Vegetative,0.63,0.37,0.54,3.0,0.07,Medium,4.2,48,20,39
2025-05-24,Uttar Pradesh,Cotton,Mature,0.75,0.58,0.71,4.7,0.04,High,10.2,48,23,39
2025-02-16,Tamil Nadu,Wheat,Early,0.2,0.16,0.24,0.5,0.09,Low,1.1,36,15,29
2025-02-08,Punjab,Cotton,Flowering,0.74,0.6,0.92,3.8,0.05,High,7.9,48,29,43
2025-11-08,Andhra Pradesh,Sugarcane,Mature,0.81,0.55,0.79,3.2,0.06,High,10.5,47,27,34
2026-05-20,Tamil Nadu,Rice,Mature,0.8,0.53,0.77,3.8,0.07,High,8.7,54,21,34
2025-04-29,Tamil Nadu,Rice,Mature,0.83,0.58,0.78,3.1,0.03,High,8.4,39,19,30
2025-04-10,Uttar Pradesh,Maize,Mature,0.79,0.45,0.72,3.6,0.04,High,7.7,39,20,40
2025-08-29,Uttar Pradesh,Maize,Early,0.39,0.27,0.37,1.5,0.08,Low,3.5,30,17,24
2026-07-05,Maharashtra,Maize,Vegetative,0.57,0.47,0.69,1.9,0.05,Medium,5.5,36,16,25
2025-05-19,Uttar Pradesh,Wheat,Mature,0.68,0.51,0.72,3.5,0.03,Medium,10.4,49,18,33
2026-02-02,Karnataka,Sugarcane,Flowering,0.89,0.68,0.84,5.1,0.03,High,6.7,58,28,32
2026-04-10,Punjab,Sugarcane,Flowering,0.75,0.68,0.81,4.2,0.03,High,8.3,49,25,34
2026-01-15,Punjab,Sugarcane,Vegetative,0.55,0.31,0.54,2.3,0.05,Medium,3.5,48,20,28
2026-11-18,Andhra Pradesh,Sugarcane,Early,0.34,0.25,0.32,1.4,0.07,Low,2.9,28,14,26
2026-12-15,Andhra Pradesh,Maize,Vegetative,0.55,0.37,0.63,3.3,0.07,Medium,5.6,42,18,28
2026-07-08,Punjab,Rice,Mature,0.66,0.48,0.81,4.7,0.03,Medium,7.6,39,19,35
2026-03-06,Andhra Pradesh,Maize,Early,0.39,0.26,0.24,1.1,0.09,Low,1.8,36,17,28
2026-08-25,Maharashtra,Sugarcane,Early,0.38,0.3,0.21,0.5,0.11,Low,3.2,37,15,24
2025-06-08,Uttar Pradesh,Maize,Mature,0.82,0.47,0.75,4.2,0.07,High,9.9,38,26,39
2026-03-01,Punjab,Sugarcane,Flowering,0.83,0.52,0.95,4.5,0.05,High,8.3,50,20,44
2026-11-02,Andhra Pradesh,Cotton,Mature,0.85,0.58,0.85,3.7,0.06,High,10.4,43,23,34
2025-04-12,Punjab,Rice,Vegetative,0.57,0.42,0.62,3.4,0.07,Medium,6.0,41,22,25
2026-05-17,Karnataka,Cotton,Mature,0.74,0.49,0.78,4.1,0.05,High,9.4,51,25,38
2026-09-23,Tamil Nadu,Wheat,Flowering,0.82,0.53,0.8,3.6,0.03,High,7.0,47,28,42
2026-02-22,Uttar Pradesh,Maize,Mature,0.85,0.49,0.83,4.4,0.07,High,9.3,44,20,40
2025-10-14,Punjab,Wheat,Vegetative,0.7,0.47,0.59,2.9,0.08,High,4.1,39,17,25
2025-02-03,Tamil Nadu,Maize,Vegetative,0.45,0.46,0.47,2.6,0.08,Medium,5.6,49,22,26
2026-12-08,Andhra Pradesh,Cotton,Flowering,0.82,0.51,0.78,4.8,0.05,High,6.8,44,28,33
2026-01-15,Tamil Nadu,Sugarcane,Vegetative,0.45,0.5,0.62,2.1,0.06,Medium,5.4,40,21,39
2025-08-11,Uttar Pradesh,Sugarcane,Vegetative,0.65,0.44,0.54,1.9,0.07,Medium,4.3,36,20,35
2026-03-31,Punjab,Maize,Mature,0.69,0.56,0.89,3.0,0.05,Medium,9.4,38,24,40
2026-04-01,Karnataka,Sugarcane,Early,0.41,0.21,0.4,0.6,0.11,Low,1.5,26,12,20
2025-08-30,Andhra Pradesh,Cotton,Vegetative,0.5,0.4,0.58,3.0,0.05,Medium,5.0,43,21,31
2026-01-07,Punjab,Sugarcane,Vegetative,0.68,0.44,0.65,2.2,0.07,Medium,5.2,42,15,32
2025-04-12,Uttar Pradesh,Cotton,Flowering,0.75,0.58,0.87,3.9,0.04,High,7.7,41,23,31
2026-12-04,Andhra Pradesh,Wheat,Flowering,0.76,0.67,0.91,3.9,0.03,High,7.2,55,23,31
2026-01-12,Maharashtra,Cotton,Mature,0.79,0.51,0.76,3.3,0.06,High,7.7,53,19,38
2026-07-12,Tamil Nadu,Rice,Mature,0.75,0.45,0.76,4.7,0.04,High,8.6,43,23,32
2026-10-23,Uttar Pradesh,Rice,Vegetative,0.65,0.34,0.71,3.1,0.08,Medium,3.8,36,15,30
2026-01-03,Maharashtra,Rice,Early,0.3,0.22,0.24,0.6,0.09,Low,2.9,35,17,26
2025-03-04,Punjab,Maize,Early,0.33,0.19,0.29,1.7,0.09,Low,1.9,39,12,33
2026-02-12,Karnataka,Maize,Mature,0.83,0.58,0.76,4.4,0.06,High,9.5,43,25,28
2025-10-10,Andhra Pradesh,Maize,Flowering,0.79,0.53,0.77,4.8,0.04,High,6.7,46,29,31
2025-07-14,Tamil Nadu,Cotton,Vegetative,0.5,0.44,0.45,2.3,0.07,Medium,6.0,41,23,32
2025-05-06,Andhra Pradesh,Maize,Vegetative,0.57,0.47,0.73,2.4,0.06,Medium,4.9,44,18,38
2026-04-11,Punjab,Wheat,Early,0.28,0.24,0.35,1.2,0.08,Low,3.5,33,11,28
2025-04-04,Andhra Pradesh,Rice,Mature,0.75,0.6,0.72,3.7,0.07,High,10.1,39,26,34
2026-11-10,Tamil Nadu,Cotton,Early,0.24,0.26,0.35,0.7,0.11,Low,2.8,32,15,22
2025-08-06,Punjab,Rice,Early,0.35,0.25,0.21,1.2,0.1,Low,1.5,35,11,22
2026-10-20,Andhra Pradesh,Maize,Mature,0.79,0.54,0.87,3.5,0.07,High,9.7,46,20,28
2026-10-17,Karnataka,Cotton,Flowering,0.76,0.57,0.78,4.2,0.05,High,7.5,47,25,32
2026-09-04,Uttar Pradesh,Sugarcane,Vegetative,0.55,0.39,0.57,2.7,0.08,Medium,6.0,38,18,37
2025-01-22,Punjab,Wheat,Flowering,0.71,0.63,0.76,5.1,0.06,High,7.5,49,22,34
2025-02-21,Uttar Pradesh,Maize,Mature,0.8,0.48,0.73,4.4,0.04,High,7.9,48,22,32
2025-12-08,Punjab,Maize,Mature,0.74,0.55,0.86,3.7,0.03,High,9.6,42,21,37
2025-09-07,Karnataka,Wheat,Vegetative,0.62,0.4,0.65,3.0,0.05,Medium,3.7,49,22,27
2025-05-09,Uttar Pradesh,Wheat,Flowering,0.83,0.61,0.87,4.1,0.05,High,8.2,55,29,36
2026-08-02,Maharashtra,Sugarcane,Vegetative,0.67,0.36,0.52,3.1,0.07,Medium,5.2,49,19,37
2025-07-30,Tamil Nadu,Maize,Early,0.27,0.18,0.44,0.5,0.1,Low,2.3,38,19,23
2025-03-12,Maharashtra,Maize,Early,0.28,0.23,0.39,1.4,0.08,Low,2.3,27,18,22
2026-07-22,Andhra Pradesh,Rice,Early,0.34,0.25,0.25,1.5,0.1,Low,3.3,31,15,34
2025-08-01,Karnataka,Cotton,Flowering,0.85,0.62,0.92,4.9,0.04,High,7.6,42,28,35
2026-08-24,Maharashtra,Cotton,Early,0.22,0.21,0.23,1.7,0.1,Low,3.3,27,19,32
2025-08-10,Punjab,Rice,Vegetative,0.53,0.39,0.71,3.5,0.06,Medium,6.3,47,19,29
2025-08-27,Andhra Pradesh,Cotton,Flowering,0.81,0.69,0.93,3.8,0.04,High,7.0,56,20,43
2025-12-03,Andhra Pradesh,Wheat,Vegetative,0.63,0.3,0.56,1.8,0.09,Medium,3.9,40,21,39
2025-06-01,Maharashtra,Cotton,Mature,0.69,0.52,0.82,3.3,0.06,Medium,8.4,48,26,34
2026-09-03,Maharashtra,Cotton,Flowering,0.78,0.68,0.93,4.5,0.04,High,7.2,55,26,40
2025-01-03,Karnataka,Rice,Vegetative,0.65,0.36,0.51,2.6,0.05,Medium,5.6,48,15,29
2025-10-11,Tamil Nadu,Sugarcane,Vegetative,0.69,0.35,0.56,2.7,0.06,Medium,4.7,36,17,32
2025-05-29,Maharashtra,Cotton,Flowering,0.72,0.67,0.89,3.6,0.03,High,7.8,52,28,31
2025-05-14,Maharashtra,Cotton,Mature,0.83,0.49,0.88,3.9,0.06,High,8.2,43,22,38
2026-07-08,Uttar Pradesh,Sugarcane,Flowering,0.74,0.65,0.82,5.0,0.06,High,8.5,52,21,32
2025-09-14,Punjab,Rice,Early,0.33,0.2,0.26,0.5,0.08,Low,2.1,25,14,25
2025-06-28,Uttar Pradesh,Sugarcane,Early,0.38,0.28,0.43,1.3,0.07,Low,2.9,38,11,25
2025-04-23,Uttar Pradesh,Rice,Mature,0.8,0.5,0.85,3.4,0.05,High,10.2,39,26,35
2026-11-08,Andhra Pradesh,Wheat,Vegetative,0.48,0.47,0.45,3.2,0.06,Medium,6.2,43,16,27
2025-01-27,Tamil Nadu,Rice,Vegetative,0.54,0.45,0.51,2.3,0.05,Medium,3.9,44,19,31
2025-05-15,Punjab,Wheat,Vegetative,0.5,0.33,0.49,3.3,0.05,Medium,6.4,39,22,32
2025-01-16,Karnataka,Wheat,Flowering,0.71,0.62,0.86,3.9,0.05,High,7.7,49,24,41
2026-01-02,Karnataka,Rice,Flowering,0.73,0.54,0.93,3.7,0.06,High,7.6,58,20,40
2025-09-01,Maharashtra,Maize,Mature,0.8,0.52,0.87,3.2,0.07,High,10.0,37,23,35
2026-08-26,Maharashtra,Rice,Early,0.34,0.25,0.34,1.0,0.1,Low,1.6,39,11,32
2025-11-28,Karnataka,Cotton,Vegetative,0.51,0.48,0.48,3.0,0.06,Medium,4.4,47,23,32
2025-01-17,Maharashtra,Cotton,Early,0.23,0.24,0.35,0.8,0.09,Low,3.2,37,11,34
2025-06-28,Tamil Nadu,Maize,Flowering,0.72,0.59,0.94,4.3,0.04,High,8.0,47,20,38
2025-09-29,Uttar Pradesh,Wheat,Flowering,0.83,0.54,0.86,3.8,0.03,High,7.8,44,27,35
2025-02-23,Maharashtra,Maize,Flowering,0.74,0.62,0.76,4.7,0.05,High,7.8,57,22,43
2025-05-10,Andhra Pradesh,Cotton,Early,0.45,0.3,0.39,1.7,0.11,Medium,2.8,33,14,29
2026-03-08,Maharashtra,Maize,Mature,0.76,0.59,0.85,3.7,0.04,High,9.1,41,26,37
2026-06-23,Punjab,Rice,Mature,0.79,0.49,0.74,3.0,0.07,High,10.2,37,24,35
2025-04-27,Tamil Nadu,Maize,Flowering,0.73,0.65,0.88,4.1,0.03,High,8.2,42,29,39
2025-03-07,Punjab,Wheat,Vegetative,0.65,0.42,0.58,2.8,0.07,Medium,5.4,43,24,33
2026-05-03,Punjab,Rice,Early,0.24,0.28,0.26,1.8,0.1,Low,1.6,39,17,24
2026-04-05,Andhra Pradesh,Sugarcane,Flowering,0.76,0.58,0.78,4.7,0.05,High,7.4,41,23,41
2026-01-06,Tamil Nadu,Cotton,Early,0.35,0.21,0.42,1.4,0.08,Low,1.8,39,16,23
2026-06-10,Tamil Nadu,Cotton,Early,0.39,0.2,0.34,0.9,0.12,Low,3.3,36,18,20
2026-08-31,Tamil Nadu,Maize,Mature,0.75,0.54,0.83,4.0,0.04,High,10.2,38,21,34
2025-04-22,Tamil Nadu,Rice,Flowering,0.71,0.64,0.91,4.8,0.03,High,6.9,40,26,38
2026-04-08,Tamil Nadu,Sugarcane,Mature,0.84,0.55,0.76,4.7,0.06,High,8.4,49,24,37
2026-05-31,Andhra Pradesh,Rice,Flowering,0.85,0.58,0.9,3.5,0.03,High,7.2,50,29,42
2025-08-15,Maharashtra,Cotton,Early,0.21,0.28,0.39,0.8,0.09,Low,2.1,27,11,34
2026-09-22,Punjab,Rice,Mature,0.66,0.49,0.79,4.8,0.07,Medium,8.0,39,26,31
2025-02-14,Tamil Nadu,Sugarcane,Early,0.34,0.2,0.24,1.5,0.09,Low,2.3,29,17,31
2026-11-06,Maharashtra,Maize,Flowering,0.75,0.59,0.95,5.0,0.04,High,7.7,40,23,44
2026-06-18,Maharashtra,Wheat,Vegetative,0.53,0.43,0.52,2.0,0.05,Medium,4.4,48,20,29
2025-11-05,Punjab,Rice,Mature,0.82,0.51,0.7,4.1,0.06,High,8.4,51,26,33
2026-04-15,Andhra Pradesh,Wheat,Mature,0.77,0.5,0.83,3.3,0.04,High,10.3,39,18,32
2026-10-21,Karnataka,Cotton,Early,0.29,0.29,0.3,1.2,0.09,Low,2.5,32,11,33
2025-02-01,Karnataka,Maize,Early,0.37,0.18,0.45,1.3,0.09,Low,2.5,29,15,24
2025-03-04,Maharashtra,Maize,Vegetative,0.46,0.37,0.67,3.2,0.06,Medium,5.1,42,19,34
2026-05-06,Uttar Pradesh,Rice,Mature,0.85,0.59,0.85,4.0,0.05,High,9.1,37,27,33
2026-02-16,Uttar Pradesh,Maize,Flowering,0.86,0.52,0.9,4.3,0.04,High,6.8,57,21,35
2026-03-13,Punjab,Rice,Flowering,0.84,0.58,0.87,4.4,0.04,High,8.3,55,28,44
2026-12-04,Karnataka,Rice,Mature,0.82,0.58,0.7,4.5,0.04,High,9.7,41,27,40
2025-04-21,Maharashtra,Wheat,Mature,0.78,0.51,0.8,4.3,0.05,High,7.5,36,26,41
2026-05-18,Andhra Pradesh,Maize,Mature,0.81,0.5,0.71,3.5,0.04,High,9.1,35,18,31
2026-12-31,Karnataka,Rice,Vegetative,0.51,0.36,0.54,2.4,0.09,Medium,5.8,37,16,28
2026-03-31,Maharashtra,Wheat,Flowering,0.81,0.67,0.79,3.9,0.05,High,7.9,44,23,36
2025-03-17,Maharashtra,Sugarcane,Flowering,0.75,0.69,0.85,3.7,0.04,High,8.2,47,20,43
2025-03-24,Tamil Nadu,Wheat,Early,0.3,0.25,0.27,0.7,0.07,Low,1.6,26,18,32
2025-11-26,Andhra Pradesh,Wheat,Early,0.23,0.29,0.29,1.1,0.09,Low,2.0,27,19,27
2026-09-15,Tamil Nadu,Rice,Mature,0.79,0.52,0.72,3.8,0.03,High,9.5,51,24,31
2025-06-01,Punjab,Cotton,Early,0.39,0.27,0.21,1.1,0.1,Low,1.1,36,18,30
2025-03-09,Tamil Nadu,Cotton,Vegetative,0.56,0.34,0.6,1.9,0.07,Medium,5.3,42,18,39
2025-05-10,Tamil Nadu,Cotton,Flowering,0.85,0.51,0.76,3.7,0.03,High,7.6,44,26,39
2025-10-09,Karnataka,Wheat,Flowering,0.75,0.59,0.94,3.9,0.04,High,7.0,43,20,30
2026-10-02,Uttar Pradesh,Rice,Early,0.35,0.19,0.4,0.6,0.1,Low,2.1,36,11,20
2026-10-11,Maharashtra,Maize,Mature,0.82,0.53,0.87,4.7,0.07,High,7.8,51,18,38
2026-08-23,Andhra Pradesh,Wheat,Early,0.39,0.16,0.24,1.8,0.08,Low,1.4,27,15,34
2026-07-16,Tamil Nadu,Wheat,Mature,0.72,0.48,0.8,4.1,0.05,High,8.5,52,21,28
2026-12-31,Andhra Pradesh,Rice,Vegetative,0.54,0.44,0.45,3.4,0.07,Medium,5.4,43,22,25
2025-11-29,Uttar Pradesh,Sugarcane,Flowering,0.87,0.62,0.93,4.7,0.04,High,8.3,53,27,34
2026-01-26,Uttar Pradesh,Wheat,Vegetative,0.7,0.32,0.58,2.2,0.08,High,5.9,37,20,36
2026-09-04,Tamil Nadu,Sugarcane,Flowering,0.83,0.63,0.78,3.6,0.05,High,6.7,58,29,42
2026-06-28,Punjab,Sugarcane,Vegetative,0.47,0.43,0.58,2.3,0.07,Medium,6.0,48,21,31
2025-10-29,Tamil Nadu,Cotton,Early,0.34,0.19,0.33,1.5,0.09,Low,1.8,31,10,22
2026-04-10,Karnataka,Rice,Vegetative,0.62,0.38,0.57,2.4,0.06,Medium,4.9,44,20,34
2026-06-02,Maharashtra,Sugarcane,Vegetative,0.56,0.39,0.59,3.3,0.05,Medium,5.8,45,16,29
2026-09-12,Punjab,Rice,Early,0.32,0.25,0.43,1.2,0.11,Low,3.5,33,12,24
2026-03-17,Tamil Nadu,Cotton,Flowering,0.79,0.63,0.89,3.5,0.05,High,7.5,50,20,37
2025-04-12,Andhra Pradesh,Rice,Flowering,0.85,0.58,0.85,5.1,0.04,High,6.7,48,22,35
2026-12-20,Punjab,Wheat,Early,0.29,0.18,0.41,1.1,0.11,Low,2.2,25,10,25
2025-04-28,Punjab,Sugarcane,Vegetative,0.69,0.35,0.71,2.5,0.05,Medium,5.2,37,21,26
2026-11-02,Tamil Nadu,Rice,Vegetative,0.48,0.45,0.69,2.4,0.08,Medium,5.0,44,18,33
2026-10-29,Punjab,Maize,Vegetative,0.52,0.37,0.51,3.0,0.07,Medium,4.8,48,15,29
2026-07-19,Andhra Pradesh,Rice,Mature,0.77,0.52,0.78,3.4,0.06,High,9.7,41,21,38
2025-08-09,Uttar Pradesh,Sugarcane,Flowering,0.83,0.68,0.81,4.7,0.06,High,7.9,51,22,34
2026-03-17,Punjab,Cotton,Vegetative,0.56,0.47,0.55,3.3,0.07,Medium,5.1,48,23,37
2026-04-08,Uttar Pradesh,Cotton,Flowering,0.82,0.59,0.93,4.5,0.05,High,7.3,49,20,35
2025-08-22,Andhra Pradesh,Sugarcane,Vegetative,0.52,0.47,0.63,2.8,0.07,Medium,5.7,38,18,28
2026-02-28,Tamil Nadu,Wheat,Early,0.34,0.21,0.31,0.7,0.09,Low,3.1,27,17,27
2025-12-14,Maharashtra,Wheat,Early,0.36,0.18,0.29,1.7,0.09,Low,3.0,26,12,21
2026-04-10,Punjab,Cotton,Flowering,0.88,0.56,0.94,5.1,0.06,High,6.5,48,20,34
2026-02-13,Maharashtra,Cotton,Flowering,0.7,0.61,0.78,3.9,0.04,High,7.4,53,28,43
2026-03-02,Andhra Pradesh,Sugarcane,Early,0.29,0.2,0.28,0.8,0.08,Low,2.6,39,12,27
2025-04-08,Punjab,Wheat,Mature,0.71,0.47,0.87,4.7,0.04,High,8.4,40,22,41
2025-11-17,Uttar Pradesh,Cotton,Early,0.27,0.24,0.36,1.7,0.09,Low,2.3,32,12,33
2026-03-14,Karnataka,Wheat,Vegetative,0.63,0.41,0.6,3.0,0.07,Medium,3.9,46,19,36
2025-11-17,Maharashtra,Cotton,Mature,0.72,0.5,0.76,3.8,0.07,High,9.2,37,25,33
2026-11-13,Punjab,Rice,Early,0.32,0.18,0.21,1.5,0.1,Low,1.9,29,16,20
2025-09-19,Maharashtra,Maize,Mature,0.72,0.57,0.88,3.6,0.06,High,9.6,43,25,34
2026-01-19,Punjab,Rice,Mature,0.73,0.51,0.88,4.2,0.04,High,8.1,47,27,37
2025-06-06,Tamil Nadu,Cotton,Mature,0.7,0.48,0.78,3.7,0.05,High,10.1,37,22,39
2026-12-05,Uttar Pradesh,Maize,Flowering,0.73,0.67,0.88,3.6,0.04,High,7.1,44,23,34
2026-05-01,Maharashtra,Maize,Early,0.23,0.26,0.42,1.7,0.07,Low,2.8,26,19,24
2025-03-10,Karnataka,Cotton,Flowering,0.75,0.65,0.76,4.8,0.04,High,8.0,51,25,33
2025-04-04,Karnataka,Cotton,Flowering,0.81,0.52,0.83,4.2,0.04,High,8.3,54,24,44
2025-03-29,Andhra Pradesh,Wheat,Vegetative,0.49,0.34,0.69,2.3,0.08,Medium,5.1,36,15,34
2025-04-06,Punjab,Cotton,Vegetative,0.63,0.46,0.48,2.8,0.08,Medium,6.1,35,17,37
2026-03-19,Maharashtra,Sugarcane,Mature,0.66,0.54,0.84,3.2,0.03,Medium,9.9,50,18,41
2025-04-09,Andhra Pradesh,Cotton,Mature,0.76,0.6,0.9,3.2,0.05,High,10.0,43,26,28
2026-01-17,Maharashtra,Sugarcane,Vegetative,0.56,0.32,0.73,2.7,0.07,Medium,6.3,48,23,33
2025-05-14,Punjab,Cotton,Vegetative,0.52,0.5,0.65,2.5,0.07,Medium,4.7,37,15,34
2026-07-24,Karnataka,Wheat,Early,0.41,0.24,0.4,1.1,0.11,Low,3.2,38,13,23
2025-03-03,Tamil Nadu,Sugarcane,Mature,0.7,0.59,0.84,4.3,0.04,High,9.6,52,18,32
2026-08-24,Karnataka,Rice,Mature,0.84,0.5,0.77,3.7,0.03,High,9.4,41,27,28
2026-07-30,Andhra Pradesh,Sugarcane,Vegetative,0.69,0.43,0.58,2.9,0.05,Medium,5.0,41,18,34
2026-07-30,Uttar Pradesh,Wheat,Early,0.31,0.27,0.28,0.9,0.07,Low,1.7,27,19,31
2025-12-04,Tamil Nadu,Sugarcane,Vegetative,0.59,0.41,0.63,2.7,0.05,Medium,6.2,37,23,39
2026-11-18,Andhra Pradesh,Cotton,Vegetative,0.56,0.48,0.6,2.3,0.07,Medium,4.8,45,16,32
2025-05-06,Punjab,Cotton,Flowering,0.88,0.58,0.83,4.4,0.05,High,7.0,50,29,32
2026-02-25,Tamil Nadu,Wheat,Mature,0.71,0.56,0.72,4.7,0.07,High,10.2,51,27,35
2025-12-29,Andhra Pradesh,Maize,Early,0.22,0.21,0.31,1.3,0.1,Low,2.2,37,10,33
2026-11-13,Punjab,Cotton,Flowering,0.73,0.64,0.76,4.5,0.04,High,7.1,40,28,39
2026-03-10,Karnataka,Rice,Mature,0.83,0.52,0.87,4.5,0.06,High,7.7,53,18,32
2025-02-22,Uttar Pradesh,Wheat,Vegetative,0.46,0.49,0.45,3.4,0.08,Medium,6.2,40,24,26
2025-10-22,Punjab,Sugarcane,Early,0.26,0.29,0.2,0.5,0.1,Low,2.2,36,12,33
2026-09-07,Maharashtra,Sugarcane,Mature,0.69,0.49,0.71,3.3,0.04,Medium,8.1,37,26,35
2025-11-16,Punjab,Rice,Vegetative,0.68,0.38,0.49,2.2,0.08,Medium,5.5,36,23,39
2025-12-27,Punjab,Cotton,Flowering,0.86,0.52,0.93,4.7,0.06,High,6.8,58,28,44
2025-04-17,Uttar Pradesh,Wheat,Early,0.34,0.23,0.21,1.7,0.1,Low,1.2,38,18,32
2026-08-15,Maharashtra,Rice,Mature,0.77,0.54,0.8,3.6,0.05,High,9.0,43,25,35
2026-06-04,Andhra Pradesh,Cotton,Flowering,0.82,0.54,0.94,4.4,0.05,High,7.9,40,28,33
2025-08-06,Andhra Pradesh,Wheat,Vegetative,0.48,0.41,0.53,2.8,0.06,Medium,5.8,44,21,36
2025-06-08,Punjab,Sugarcane,Vegetative,0.55,0.47,0.68,2.8,0.06,Medium,6.3,41,21,33
2026-11-04,Maharashtra,Wheat,Mature,0.76,0.47,0.76,4.2,0.03,High,8.0,52,22,32
2026-05-09,Maharashtra,Maize,Vegetative,0.69,0.37,0.64,2.8,0.08,Medium,6.1,43,21,25
2025-08-18,Uttar Pradesh,Wheat,Early,0.41,0.22,0.37,1.6,0.1,Low,1.2,38,16,24
2025-04-21,Karnataka,Maize,Mature,0.81,0.46,0.83,4.2,0.07,High,9.6,41,20,31
2025-12-25,Andhra Pradesh,Wheat,Flowering,0.84,0.56,0.92,5.0,0.04,High,7.9,51,28,42
2026-07-24,Uttar Pradesh,Maize,Mature,0.73,0.47,0.85,3.3,0.04,High,9.8,50,22,30
2026-01-12,Tamil Nadu,Sugarcane,Mature,0.84,0.48,0.9,4.3,0.05,High,7.9,51,20,35
2025-04-28,Andhra Pradesh,Cotton,Flowering,0.77,0.56,0.9,4.0,0.05,High,6.9,58,28,31
2025-10-13,Uttar Pradesh,Maize,Vegetative,0.52,0.38,0.67,1.9,0.08,Medium,5.6,39,18,38
2026-08-11,Andhra Pradesh,Maize,Flowering,0.87,0.58,0.86,5.5,0.05,High,7.6,43,28,32
2025-08-20,Karnataka,Sugarcane,Early,0.43,0.15,0.42,0.8,0.09,Low,3.1,25,18,32
2026-03-16,Tamil Nadu,Maize,Vegetative,0.69,0.39,0.65,2.5,0.06,Medium,4.8,42,23,30
2026-07-29,Karnataka,Rice,Mature,0.81,0.59,0.87,3.9,0.05,High,8.3,50,22,33
2026-09-29,Tamil Nadu,Sugarcane,Vegetative,0.63,0.3,0.48,3.4,0.08,Medium,5.0,48,18,35
2026-09-21,Punjab,Rice,Vegetative,0.65,0.42,0.66,2.4,0.07,Medium,4.1,37,16,37
2026-11-23,Uttar Pradesh,Sugarcane,Early,0.37,0.22,0.33,1.3,0.11,Low,1.2,29,16,20
2026-10-21,Tamil Nadu,Maize,Vegetative,0.62,0.37,0.57,2.2,0.09,Medium,5.0,49,20,26
2026-07-25,Karnataka,Rice,Vegetative,0.5,0.39,0.68,3.0,0.05,Medium,6.4,44,22,36
2025-01-27,Andhra Pradesh,Maize,Vegetative,0.56,0.37,0.75,1.9,0.06,Medium,4.6,47,23,34
2026-09-16,Tamil Nadu,Sugarcane,Mature,0.77,0.48,0.8,4.3,0.06,High,7.5,35,20,28
2026-11-05,Uttar Pradesh,Maize,Vegetative,0.67,0.33,0.65,2.3,0.06,Medium,6.3,42,20,38
2026-12-12,Tamil Nadu,Rice,Flowering,0.71,0.62,0.79,4.0,0.04,High,6.6,49,22,37
2025-10-01,Maharashtra,Rice,Vegetative,0.7,0.49,0.56,2.5,0.08,High,3.9,47,24,37
2025-01-30,Andhra Pradesh,Maize,Early,0.26,0.25,0.27,1.2,0.1,Low,1.9,29,19,32
2025-07-04,Uttar Pradesh,Wheat,Vegetative,0.56,0.31,0.59,2.7,0.08,Medium,5.7,37,16,25
2025-10-07,Uttar Pradesh,Sugarcane,Vegetative,0.53,0.32,0.59,3.5,0.07,Medium,5.7,36,19,28
2026-12-21,Punjab,Sugarcane,Mature,0.81,0.56,0.73,4.6,0.06,High,7.5,37,18,41
2025-11-13,Karnataka,Maize,Flowering,0.8,0.51,0.87,5.0,0.04,High,7.8,56,23,38
2025-12-14,Punjab,Wheat,Vegetative,0.49,0.46,0.53,2.5,0.09,Medium,4.9,45,16,37
2025-12-26,Uttar Pradesh,Rice,Flowering,0.81,0.69,0.9,3.7,0.05,High,7.3,55,28,43
2025-01-07,Andhra Pradesh,Cotton,Early,0.22,0.26,0.38,1.8,0.11,Low,2.0,38,11,31
2025-07-05,Tamil Nadu,Cotton,Mature,0.67,0.48,0.86,3.9,0.06,Medium,9.2,41,25,28
2025-05-27,Tamil Nadu,Maize,Flowering,0.75,0.55,0.77,4.3,0.05,High,7.7,43,26,39
2026-08-03,Andhra Pradesh,Wheat,Mature,0.65,0.57,0.76,4.1,0.03,Medium,9.6,45,23,34
2026-11-05,Uttar Pradesh,Wheat,Vegetative,0.47,0.42,0.64,2.7,0.06,Medium,5.9,47,22,25
2026-02-15,Tamil Nadu,Sugarcane,Early,0.39,0.21,0.28,0.6,0.09,Low,1.4,36,15,32
2025-03-13,Tamil Nadu,Rice,Mature,0.84,0.59,0.74,4.6,0.04,High,9.0,44,25,28
2025-05-26,Tamil Nadu,Wheat,Vegetative,0.7,0.3,0.64,3.1,0.09,High,6.2,42,23,34
2026-10-11,Karnataka,Cotton,Flowering,0.84,0.64,0.85,4.1,0.05,High,8.4,53,24,40
2025-02-01,Karnataka,Rice,Early,0.29,0.28,0.43,1.1,0.09,Low,2.9,27,18,24
2025-04-04,Maharashtra,Rice,Early,0.43,0.22,0.3,1.0,0.09,Low,2.7,36,15,20
2026-06-28,Punjab,Maize,Flowering,0.85,0.54,0.79,4.9,0.06,High,7.0,47,22,30
2025-08-09,Andhra Pradesh,Wheat,Flowering,0.82,0.59,0.77,3.7,0.05,High,7.4,52,28,32
2026-01-21,Andhra Pradesh,Maize,Early,0.35,0.29,0.24,1.2,0.07,Low,1.9,28,16,30
2026-03-06,Andhra Pradesh,Wheat,Mature,0.67,0.52,0.79,4.2,0.05,Medium,7.9,51,20,29
2026-04-10,Maharashtra,Sugarcane,Early,0.24,0.25,0.35,1.5,0.08,Low,3.4,25,18,20
2025-12-16,Karnataka,Maize,Flowering,0.81,0.61,0.76,4.8,0.04,High,6.7,53,25,34
2025-06-11,Uttar Pradesh,Maize,Mature,0.8,0.46,0.74,4.2,0.03,High,10.4,50,18,29
2026-01-14,Uttar Pradesh,Cotton,Vegetative,0.47,0.46,0.61,2.1,0.07,Medium,3.7,49,20,38
2025-11-16,Maharashtra,Maize,Early,0.38,0.15,0.27,1.3,0.09,Low,2.9,29,16,27
2025-11-29,Uttar Pradesh,Wheat,Flowering,0.72,0.56,0.8,3.9,0.04,High,6.6,43,26,40
2026-08-05,Andhra Pradesh,Cotton,Vegetative,0.59,0.47,0.49,2.5,0.07,Medium,5.5,46,16,37
2026-09-03,Punjab,Maize,Early,0.29,0.15,0.28,1.1,0.1,Low,3.3,30,12,23
2025-03-28,Tamil Nadu,Maize,Early,0.42,0.3,0.39,1.3,0.07,Low,2.8,31,14,27
2025-02-23,Karnataka,Sugarcane,Mature,0.79,0.49,0.88,4.1,0.07,High,10.4,53,25,33
2025-06-09,Karnataka,Maize,Flowering,0.81,0.69,0.95,4.6,0.04,High,6.8,56,28,35
2025-06-11,Maharashtra,Rice,Vegetative,0.54,0.48,0.69,1.9,0.07,Medium,4.5,38,24,35
2026-09-25,Karnataka,Cotton,Early,0.43,0.2,0.27,0.8,0.08,Low,1.3,26,16,22
2025-02-20,Andhra Pradesh,Rice,Mature,0.66,0.5,0.76,3.8,0.04,Medium,9.0,44,27,33
2026-11-22,Uttar Pradesh,Cotton,Vegetative,0.67,0.38,0.57,2.8,0.06,Medium,5.6,49,22,28
2025-03-25,Andhra Pradesh,Sugarcane,Vegetative,0.52,0.5,0.54,3.3,0.07,Medium,4.2,42,24,25
2025-10-06,Maharashtra,Maize,Early,0.28,0.2,0.25,1.7,0.08,Low,1.6,31,17,29
2026-03-30,Andhra Pradesh,Maize,Vegetative,0.67,0.35,0.48,3.2,0.08,Medium,4.4,45,22,32
2026-11-09,Uttar Pradesh,Maize,Early,0.44,0.19,0.4,0.8,0.1,Low,1.2,25,15,26
2026-03-11,Punjab,Cotton,Mature,0.77,0.56,0.9,4.5,0.04,High,9.6,38,27,32
2026-05-13,Maharashtra,Maize,Mature,0.74,0.47,0.78,4.7,0.03,High,8.7,44,18,40
2026-09-14,Punjab,Rice,Vegetative,0.54,0.49,0.46,3.1,0.08,Medium,4.3,39,20,29
2026-03-29,Tamil Nadu,Maize,Early,0.39,0.17,0.25,1.3,0.09,Low,2.3,27,13,25
2026-03-01,Punjab,Sugarcane,Flowering,0.72,0.56,0.94,4.4,0.06,High,8.5,41,22,38
2025-10-07,Tamil Nadu,Rice,Mature,0.76,0.54,0.89,4.5,0.04,High,9.8,45,23,41
2025-08-09,Tamil Nadu,Maize,Early,0.25,0.24,0.25,1.0,0.08,Low,1.8,25,17,34
2026-06-09,Punjab,Maize,Early,0.2,0.17,0.26,0.9,0.08,Low,2.0,33,14,27
2025-04-27,Maharashtra,Wheat,Early,0.29,0.2,0.4,1.5,0.07,Low,1.7,33,18,34
2025-12-20,Uttar Pradesh,Cotton,Vegetative,0.58,0.36,0.59,2.7,0.07,Medium,6.3,42,16,32
2026-03-17,Andhra Pradesh,Rice,Flowering,0.82,0.64,0.78,4.2,0.06,High,7.6,55,23,32
2025-04-24,Andhra Pradesh,Wheat,Vegetative,0.59,0.37,0.64,1.9,0.06,Medium,5.1,42,17,34
2025-10-18,Uttar Pradesh,Sugarcane,Mature,0.72,0.47,0.73,4.3,0.06,High,9.4,48,25,33
2026-11-26,Tamil Nadu,Cotton,Vegetative,0.64,0.42,0.63,3.1,0.09,Medium,4.6,42,23,30
2026-11-26,Tamil Nadu,Rice,Early,0.29,0.21,0.41,1.2,0.11,Low,1.0,38,18,34
2026-08-31,Maharashtra,Maize,Vegetative,0.51,0.35,0.48,2.7,0.07,Medium,4.5,49,22,25
2026-05-14,Karnataka,Rice,Early,0.39,0.17,0.3,1.4,0.11,Low,3.0,31,10,28
2026-06-24,Punjab,Maize,Flowering,0.74,0.67,0.92,5.4,0.03,High,7.6,43,21,32
2026-11-15,Tamil Nadu,Cotton,Vegetative,0.59,0.36,0.53,1.8,0.07,Medium,5.0,37,22,28
2025-11-12,Andhra Pradesh,Maize,Vegetative,0.53,0.43,0.72,3.2,0.06,Medium,3.9,39,17,26
2025-02-16,Maharashtra,Sugarcane,Vegetative,0.59,0.34,0.7,2.5,0.09,Medium,4.3,44,21,28
2025-08-14,Punjab,Maize,Early,0.32,0.17,0.36,1.3,0.07,Low,1.8,39,19,26
2026-02-09,Maharashtra,Sugarcane,Early,0.21,0.2,0.4,1.0,0.09,Low,3.4,35,14,23
2026-09-06,Punjab,Cotton,Vegetative,0.49,0.49,0.54,3.2,0.08,Medium,5.9,38,24,27
2025-02-26,Punjab,Cotton,Vegetative,0.49,0.43,0.68,2.3,0.08,Medium,5.8,39,24,31
2025-01-08,Uttar Pradesh,Rice,Flowering,0.79,0.64,0.84,4.2,0.05,High,7.4,49,20,30
2025-07-29,Tamil Nadu,Sugarcane,Flowering,0.7,0.51,0.84,5.0,0.03,High,7.0,44,28,30
2025-11-05,Maharashtra,Sugarcane,Mature,0.84,0.48,0.81,3.6,0.03,High,7.7,51,20,32
2025-08-05,Maharashtra,Wheat,Flowering,0.89,0.56,0.9,5.0,0.04,High,8.3,53,22,36
2025-05-21,Uttar Pradesh,Wheat,Flowering,0.73,0.55,0.87,4.1,0.04,High,7.2,57,27,34
2025-09-19,Andhra Pradesh,Wheat,Flowering,0.86,0.53,0.95,4.2,0.06,High,6.9,58,24,30
2025-10-24,Andhra Pradesh,Maize,Early,0.21,0.27,0.31,1.4,0.08,Low,2.6,30,10,30
2025-12-02,Tamil Nadu,Wheat,Flowering,0.77,0.66,0.81,4.4,0.05,High,7.4,47,29,38
2025-05-03,Tamil Nadu,Sugarcane,Flowering,0.89,0.5,0.82,5.3,0.03,High,6.9,48,21,35
2025-01-08,Karnataka,Maize,Vegetative,0.47,0.48,0.58,1.9,0.09,Medium,4.3,48,19,37
2026-05-25,Uttar Pradesh,Cotton,Early,0.24,0.17,0.32,0.7,0.09,Low,2.2,35,12,22
2026-03-17,Andhra Pradesh,Rice,Mature,0.7,0.48,0.81,4.6,0.05,High,7.7,50,23,37
2025-06-29,Punjab,Wheat,Mature,0.76,0.53,0.9,3.4,0.04,High,9.3,35,18,39
2025-05-13,Maharashtra,Cotton,Flowering,0.77,0.69,0.8,5.3,0.05,High,6.7,53,23,36
2026-01-25,Tamil Nadu,Sugarcane,Mature,0.8,0.54,0.72,4.4,0.03,High,7.6,38,20,37
2026-06-30,Maharashtra,Rice,Mature,0.65,0.49,0.76,3.2,0.04,Medium,8.5,37,21,38
2026-12-22,Maharashtra,Cotton,Mature,0.74,0.58,0.87,4.6,0.06,High,8.4,37,21,33
2025-08-24,Karnataka,Rice,Flowering,0.72,0.53,0.78,5.4,0.05,High,7.8,41,27,33
2026-05-28,Andhra Pradesh,Wheat,Mature,0.83,0.52,0.81,3.5,0.05,High,8.0,35,20,38
2026-07-27,Tamil Nadu,Sugarcane,Flowering,0.83,0.63,0.83,4.3,0.05,High,8.0,41,23,38
2026-11-16,Maharashtra,Rice,Vegetative,0.69,0.38,0.7,2.7,0.07,Medium,3.7,37,22,39
2025-12-29,Tamil Nadu,Cotton,Vegetative,0.63,0.45,0.64,2.1,0.07,Medium,3.7,40,21,36
2025-03-15,Punjab,Wheat,Mature,0.72,0.53,0.79,3.5,0.03,High,10.2,47,21,33
2026-02-11,Karnataka,Wheat,Vegetative,0.49,0.43,0.62,3.2,0.06,Medium,6.0,39,21,33
2025-02-13,Punjab,Cotton,Flowering,0.75,0.5,0.75,4.7,0.03,High,8.5,41,27,32
2026-03-23,Tamil Nadu,Cotton,Vegetative,0.49,0.41,0.47,3.1,0.07,Medium,3.8,38,22,39
2025-01-20,Tamil Nadu,Rice,Mature,0.78,0.6,0.83,3.2,0.06,High,10.4,50,18,37
2026-04-16,Andhra Pradesh,Maize,Flowering,0.89,0.69,0.94,4.3,0.05,High,7.8,43,20,40
2025-03-21,Maharashtra,Wheat,Early,0.3,0.22,0.24,1.1,0.1,Low,2.3,37,10,33
2025-11-17,Maharashtra,Rice,Flowering,0.7,0.65,0.87,5.3,0.04,High,7.8,44,20,43
2026-08-13,Punjab,Cotton,Vegetative,0.68,0.48,0.62,3.0,0.08,Medium,6.4,37,15,39
2026-03-16,Karnataka,Rice,Early,0.32,0.26,0.21,1.1,0.08,Low,3.1,31,18,27
2026-08-11,Uttar Pradesh,Cotton,Flowering,0.81,0.52,0.79,5.3,0.04,High,8.0,49,29,36
2026-02-19,Maharashtra,Sugarcane,Early,0.28,0.24,0.4,1.1,0.11,Low,1.0,28,19,32
2026-12-28,Andhra Pradesh,Cotton,Early,0.44,0.28,0.41,1.3,0.1,Low,2.0,32,14,29
2026-10-18,Punjab,Cotton,Early,0.31,0.19,0.31,0.8,0.09,Low,2.6,38,17,21
2026-03-04,Punjab,Cotton,Flowering,0.75,0.65,0.91,4.0,0.03,High,6.9,55,27,38
2025-10-24,Uttar Pradesh,Maize,Vegetative,0.54,0.48,0.53,2.6,0.08,Medium,6.1,41,19,25
2025-04-28,Andhra Pradesh,Cotton,Flowering,0.88,0.69,0.8,4.5,0.05,High,8.2,49,22,30
2026-02-19,Karnataka,Wheat,Vegetative,0.52,0.36,0.58,2.4,0.08,Medium,5.4,48,18,25
2025-01-22,Andhra Pradesh,Wheat,Flowering,0.79,0.7,0.79,4.9,0.05,High,8.1,51,28,43
2025-11-29,Karnataka,Rice,Flowering,0.81,0.61,0.88,5.1,0.05,High,8.0,44,21,30
2025-06-25,Andhra Pradesh,Maize,Flowering,0.77,0.51,0.82,4.5,0.04,High,6.8,44,24,37
2026-09-25,Andhra Pradesh,Rice,Vegetative,0.53,0.5,0.66,2.4,0.08,Medium,5.2,49,23,39
2026-04-17,Tamil Nadu,Wheat,Flowering,0.72,0.6,0.87,4.4,0.04,High,7.8,57,23,38
2026-12-08,Punjab,Wheat,Early,0.43,0.16,0.28,1.3,0.1,Low,2.4,39,15,21
2026-01-06,Andhra Pradesh,Sugarcane,Flowering,0.87,0.63,0.82,5.4,0.06,High,7.4,41,21,33
2025-04-01,Uttar Pradesh,Cotton,Early,0.3,0.16,0.35,1.8,0.07,Low,2.6,36,19,26
2026-03-24,Andhra Pradesh,Wheat,Mature,0.7,0.48,0.76,3.2,0.04,High,8.6,45,23,33
2025-04-19,Maharashtra,Rice,Mature,0.76,0.5,0.78,3.6,0.05,High,10.3,45,22,39
2025-09-07,Punjab,Rice,Vegetative,0.56,0.49,0.72,2.2,0.07,Medium,5.4,43,22,30
2026-03-23,Maharashtra,Cotton,Vegetative,0.67,0.48,0.45,2.4,0.06,Medium,5.2,40,15,31
2026-08-27,Punjab,Cotton,Mature,0.83,0.5,0.81,4.3,0.04,High,7.7,48,23,31
2026-02-15,Maharashtra,Sugarcane,Flowering,0.7,0.52,0.79,4.2,0.05,High,7.1,59,20,38
2026-06-21,Andhra Pradesh,Maize,Flowering,0.8,0.69,0.88,4.9,0.04,High,6.5,58,22,44
2025-03-22,Andhra Pradesh,Rice,Flowering,0.72,0.59,0.93,3.9,0.04,High,7.4,56,26,30
2026-02-10,Tamil Nadu,Cotton,Mature,0.83,0.52,0.89,3.7,0.04,High,9.1,43,19,41
2025-11-14,Uttar Pradesh,Rice,Early,0.31,0.24,0.33,0.7,0.09,Low,2.4,30,16,29
2025-12-14,Maharashtra,Cotton,Vegetative,0.7,0.41,0.52,2.1,0.06,High,4.9,45,15,32
2025-08-15,Karnataka,Wheat,Early,0.4,0.17,0.36,1.7,0.08,Low,2.9,26,15,30
2025-12-08,Tamil Nadu,Rice,Mature,0.74,0.54,0.8,4.5,0.04,High,8.6,51,26,28
2025-06-22,Maharashtra,Wheat,Early,0.23,0.28,0.31,1.7,0.11,Low,1.3,35,15,30
2025-03-20,Maharashtra,Rice,Flowering,0.78,0.69,0.8,4.3,0.05,High,7.0,59,25,41
2026-06-07,Tamil Nadu,Maize,Flowering,0.76,0.6,0.92,3.6,0.06,High,8.5,44,29,34
2026-10-11,Andhra Pradesh,Sugarcane,Early,0.39,0.26,0.33,1.0,0.09,Low,2.8,28,13,24
2025-04-27,Maharashtra,Wheat,Mature,0.78,0.58,0.71,4.7,0.03,High,9.0,35,23,36
2026-06-28,Andhra Pradesh,Cotton,Early,0.41,0.2,0.44,0.9,0.12,Low,3.4,33,18,22
2026-06-07,Tamil Nadu,Maize,Flowering,0.75,0.51,0.9,4.7,0.06,High,7.9,53,26,32
2025-07-18,Andhra Pradesh,Rice,Flowering,0.86,0.54,0.81,3.7,0.05,High,6.9,58,24,40
2025-12-24,Punjab,Wheat,Mature,0.65,0.5,0.72,3.8,0.04,Medium,10.0,37,24,34
2025-12-26,Karnataka,Rice,Early,0.28,0.21,0.4,1.5,0.11,Low,3.4,37,14,23
2026-10-23,Maharashtra,Rice,Flowering,0.89,0.63,0.83,4.5,0.05,High,8.1,42,24,43
2025-06-01,Uttar Pradesh,Rice,Flowering,0.89,0.62,0.92,3.9,0.06,High,7.5,47,27,34
2025-08-30,Karnataka,Sugarcane,Early,0.33,0.24,0.32,1.1,0.1,Low,3.3,31,19,25
2025-04-16,Andhra Pradesh,Sugarcane,Early,0.26,0.19,0.37,1.6,0.09,Low,3.2,38,12,30
2025-05-30,Maharashtra,Cotton,Vegetative,0.64,0.31,0.47,3.0,0.07,Medium,4.8,46,24,35
2025-09-20,Andhra Pradesh,Wheat,Mature,0.74,0.53,0.84,3.4,0.06,High,9.7,54,26,28
2025-07-22,Punjab,Maize,Mature,0.78,0.52,0.73,4.0,0.04,High,8.8,37,26,35
2025-06-27,Tamil Nadu,Maize,Early,0.29,0.22,0.44,1.7,0.11,Low,3.5,25,17,28
2026-09-09,Maharashtra,Maize,Mature,0.67,0.51,0.81,3.2,0.06,Medium,7.9,37,23,34
2025-06-06,Punjab,Rice,Flowering,0.8,0.6,0.9,3.9,0.06,High,7.2,52,20,31
2026-11-03,Punjab,Sugarcane,Early,0.21,0.27,0.3,0.7,0.08,Low,2.9,27,15,29
2025-03-19,Maharashtra,Wheat,Early,0.36,0.17,0.28,1.0,0.09,Low,3.2,35,15,32
2025-07-01,Andhra Pradesh,Rice,Early,0.27,0.18,0.37,1.0,0.09,Low,2.8,36,12,22
2026-10-06,Uttar Pradesh,Sugarcane,Vegetative,0.47,0.34,0.67,2.1,0.07,Medium,5.3,36,16,38
2026-05-21,Punjab,Sugarcane,Mature,0.68,0.52,0.9,3.3,0.07,Medium,10.0,40,26,38
2026-04-21,Karnataka,Wheat,Vegetative,0.62,0.46,0.69,2.4,0.07,Medium,5.9,41,15,36
2026-08-01,Punjab,Wheat,Flowering,0.78,0.52,0.8,4.2,0.06,High,8.1,43,27,40
2026-08-17,Uttar Pradesh,Wheat,Mature,0.72,0.56,0.84,4.1,0.05,High,9.5,37,22,29
2026-04-05,Andhra Pradesh,Rice,Vegetative,0.53,0.38,0.67,2.6,0.07,Medium,6.0,43,16,35
2026-11-29,Andhra Pradesh,Cotton,Early,0.25,0.21,0.35,1.4,0.1,Low,3.5,31,12,28
2026-08-02,Karnataka,Wheat,Vegetative,0.57,0.34,0.55,3.5,0.05,Medium,5.7,35,22,38
2026-10-21,Punjab,Cotton,Early,0.44,0.28,0.23,0.9,0.08,Low,1.4,39,10,31
2026-10-13,Andhra Pradesh,Rice,Vegetative,0.46,0.4,0.6,1.9,0.06,Medium,6.0,49,16,26
2026-10-02,Uttar Pradesh,Cotton,Vegetative,0.54,0.35,0.52,2.0,0.08,Medium,3.8,41,19,25
2025-11-27,Maharashtra,Maize,Vegetative,0.66,0.32,0.62,3.0,0.07,Medium,4.3,47,20,36
2026-10-05,Tamil Nadu,Cotton,Early,0.4,0.3,0.29,0.6,0.07,Low,2.9,32,16,28
2025-11-20,Tamil Nadu,Wheat,Vegetative,0.45,0.37,0.68,3.4,0.07,Medium,4.6,40,18,29
2025-06-04,Tamil Nadu,Rice,Mature,0.77,0.48,0.83,3.8,0.05,High,8.2,39,23,33
2026-03-27,Punjab,Wheat,Mature,0.74,0.57,0.79,3.9,0.04,High,10.0,42,19,28
2025-03-11,Karnataka,Maize,Mature,0.78,0.49,0.86,3.6,0.07,High,9.3,38,22,40
2026-04-26,Andhra Pradesh,Wheat,Early,0.42,0.22,0.23,0.5,0.09,Low,1.1,28,10,30
2026-03-29,Maharashtra,Wheat,Early,0.29,0.2,0.25,1.0,0.08,Low,3.4,27,14,22
2026-10-09,Uttar Pradesh,Wheat,Mature,0.81,0.56,0.88,3.2,0.06,High,9.5,46,19,39
2025-11-07,Maharashtra,Sugarcane,Mature,0.83,0.6,0.79,4.1,0.05,High,8.5,35,21,29
2025-10-09,Uttar Pradesh,Maize,Mature,0.77,0.58,0.74,3.3,0.06,High,8.3,38,23,28
2026-08-29,Punjab,Wheat,Flowering,0.78,0.67,0.87,4.3,0.05,High,8.4,47,23,41
2025-02-27,Tamil Nadu,Wheat,Mature,0.84,0.59,0.74,3.3,0.05,High,7.6,37,27,36
2025-12-27,Punjab,Wheat,Vegetative,0.46,0.4,0.74,2.5,0.06,Medium,6.5,37,16,35
2026-06-04,Karnataka,Rice,Flowering,0.72,0.64,0.87,5.5,0.05,High,7.4,44,22,42
2025-03-17,Karnataka,Sugarcane,Flowering,0.8,0.55,0.79,4.1,0.06,High,7.3,50,27,38
2025-11-14,Uttar Pradesh,Rice,Early,0.21,0.24,0.42,1.0,0.08,Low,2.2,30,13,20
2026-04-18,Andhra Pradesh,Sugarcane,Vegetative,0.45,0.32,0.67,2.5,0.08,Medium,5.4,37,24,31
2026-04-08,Andhra Pradesh,Wheat,Early,0.21,0.17,0.36,0.6,0.1,Low,3.5,31,10,32
2025-02-08,Uttar Pradesh,Maize,Early,0.44,0.17,0.23,1.5,0.09,Low,2.8,27,13,34
2025-02-28,Karnataka,Cotton,Vegetative,0.56,0.45,0.68,2.7,0.09,Medium,4.3,46,21,38
2026-01-13,Karnataka,Cotton,Early,0.35,0.2,0.29,1.4,0.09,Low,2.4,35,19,31
2025-10-21,Karnataka,Wheat,Vegetative,0.45,0.43,0.67,2.2,0.07,Medium,6.4,40,23,27
2025-03-20,Punjab,Rice,Vegetative,0.5,0.41,0.73,2.8,0.06,Medium,5.4,44,22,29
2026-10-23,Karnataka,Maize,Early,0.24,0.25,0.31,0.5,0.1,Low,3.5,34,15,33
2025-04-03,Maharashtra,Sugarcane,Mature,0.67,0.56,0.72,3.5,0.05,Medium,9.3,48,26,33
2026-09-22,Tamil Nadu,Wheat,Early,0.32,0.28,0.2,0.9,0.12,Low,2.1,27,11,29
2026-09-01,Karnataka,Maize,Flowering,0.81,0.67,0.87,5.0,0.04,High,6.8,42,21,31
2026-06-04,Uttar Pradesh,Maize,Early,0.4,0.2,0.34,1.5,0.08,Low,3.2,37,17,30
2026-01-29,Tamil Nadu,Sugarcane,Vegetative,0.47,0.46,0.51,3.0,0.07,Medium,6.0,43,16,38
2026-04-19,Punjab,Maize,Flowering,0.83,0.69,0.87,5.2,0.06,High,7.5,55,22,38
2026-08-18,Uttar Pradesh,Rice,Vegetative,0.49,0.46,0.5,1.9,0.08,Medium,6.4,38,18,29
2026-07-22,Tamil Nadu,Rice,Mature,0.78,0.54,0.84,3.8,0.03,High,10.4,52,18,29
2025-02-12,Uttar Pradesh,Rice,Mature,0.76,0.46,0.89,4.4,0.04,High,10.4,50,25,31
2026-04-06,Punjab,Maize,Flowering,0.86,0.69,0.94,4.7,0.05,High,7.9,49,24,39
2026-08-09,Maharashtra,Rice,Mature,0.83,0.54,0.82,3.3,0.06,High,10.3,39,20,41
2026-10-30,Punjab,Sugarcane,Mature,0.82,0.52,0.73,4.2,0.06,High,8.4,49,27,29
2025-07-12,Punjab,Maize,Early,0.3,0.18,0.25,1.0,0.12,Low,2.9,30,12,31
2025-11-26,Uttar Pradesh,Cotton,Early,0.22,0.23,0.33,1.4,0.08,Low,3.3,35,17,25
2026-09-12,Andhra Pradesh,Maize,Mature,0.76,0.56,0.77,4.3,0.05,High,10.4,44,21,29
2026-05-03,Karnataka,Sugarcane,Mature,0.81,0.55,0.83,3.2,0.07,High,7.8,36,24,28
2026-05-29,Karnataka,Cotton,Early,0.29,0.15,0.38,1.5,0.1,Low,2.0,35,11,23
2025-06-04,Maharashtra,Maize,Mature,0.75,0.47,0.79,4.3,0.05,High,8.0,53,26,39
2025-03-05,Maharashtra,Rice,Mature,0.77,0.46,0.78,3.7,0.04,High,9.2,53,27,29
2026-04-07,Karnataka,Wheat,Vegetative,0.6,0.4,0.54,3.0,0.07,Medium,4.9,49,19,29
2025-04-16,Andhra Pradesh,Wheat,Mature,0.84,0.54,0.87,3.0,0.05,High,8.1,47,18,28
2025-12-18,Karnataka,Rice,Flowering,0.75,0.67,0.81,4.2,0.05,High,8.2,59,21,30
2025-03-28,Andhra Pradesh,Wheat,Vegetative,0.63,0.5,0.73,2.7,0.08,Medium,5.2,38,24,25
2026-06-01,Maharashtra,Wheat,Flowering,0.86,0.68,0.89,3.6,0.05,High,7.0,51,23,34
2026-10-24,Tamil Nadu,Rice,Mature,0.84,0.55,0.76,4.7,0.03,High,10.4,54,21,32
2025-06-26,Uttar Pradesh,Rice,Early,0.36,0.27,0.27,1.5,0.09,Low,2.7,39,15,30
2025-02-10,Maharashtra,Maize,Vegetative,0.49,0.44,0.62,2.1,0.05,Medium,5.9,37,22,34
2025-09-11,Maharashtra,Maize,Early,0.44,0.26,0.26,1.3,0.1,Low,3.1,36,16,33
2026-12-26,Punjab,Rice,Vegetative,0.65,0.44,0.46,2.8,0.06,Medium,4.1,37,23,31
2026-03-25,Punjab,Sugarcane,Early,0.41,0.21,0.21,1.4,0.12,Low,2.8,28,10,32
2026-03-26,Punjab,Wheat,Vegetative,0.68,0.37,0.48,2.5,0.08,Medium,4.9,48,23,35
2026-06-21,Uttar Pradesh,Maize,Vegetative,0.64,0.43,0.73,3.5,0.09,Medium,6.0,44,24,35
2026-06-20,Punjab,Wheat,Flowering,0.81,0.51,0.79,4.4,0.05,High,7.5,47,29,44
2026-09-17,Andhra Pradesh,Cotton,Early,0.26,0.27,0.4,1.7,0.12,Low,3.4,39,18,20
2025-06-12,Karnataka,Rice,Flowering,0.85,0.56,0.91,4.6,0.05,High,7.1,56,20,32
2026-01-08,Tamil Nadu,Sugarcane,Flowering,0.72,0.52,0.76,4.1,0.06,High,7.2,41,26,37
2026-01-17,Maharashtra,Cotton,Early,0.26,0.18,0.42,1.4,0.08,Low,2.5,28,10,26
2025-10-17,Andhra Pradesh,Cotton,Vegetative,0.56,0.47,0.74,3.0,0.09,Medium,3.9,35,20,35
2026-02-01,Tamil Nadu,Cotton,Flowering,0.83,0.68,0.93,3.7,0.04,High,8.1,53,25,37
2026-02-23,Andhra Pradesh,Rice,Early,0.27,0.27,0.29,0.7,0.09,Low,2.4,25,13,23
2025-12-13,Andhra Pradesh,Maize,Vegetative,0.6,0.38,0.71,1.9,0.09,Medium,5.6,44,24,33
2026-11-27,Maharashtra,Rice,Flowering,0.84,0.66,0.89,3.9,0.04,High,7.6,43,29,32
2026-09-05,Karnataka,Maize,Flowering,0.78,0.67,0.84,3.6,0.03,High,7.8,54,21,39
2025-02-23,Punjab,Cotton,Flowering,0.75,0.55,0.82,5.2,0.06,High,6.9,48,25,39
2026-10-09,Uttar Pradesh,Cotton,Vegetative,0.69,0.41,0.5,2.9,0.05,Medium,5.4,43,17,33
2026-10-25,Karnataka,Sugarcane,Flowering,0.83,0.64,0.79,5.3,0.05,High,8.2,43,29,37
2025-12-09,Uttar Pradesh,Maize,Vegetative,0.57,0.42,0.49,3.2,0.07,Medium,6.4,40,16,32
2025-03-09,Maharashtra,Cotton,Mature,0.85,0.59,0.83,3.6,0.06,High,8.3,42,20,41
2025-12-04,Maharashtra,Wheat,Flowering,0.86,0.68,0.94,4.9,0.04,High,6.6,40,23,32
2025-04-07,Maharashtra,Sugarcane,Mature,0.82,0.51,0.84,4.2,0.04,High,10.3,41,18,30
2026-07-26,Tamil Nadu,Rice,Early,0.24,0.22,0.38,1.3,0.11,Low,3.0,35,11,25
2026-11-26,Uttar Pradesh,Sugarcane,Flowering,0.78,0.63,0.94,3.5,0.03,High,8.0,54,27,40
2026-01-31,Karnataka,Wheat,Early,0.24,0.26,0.43,1.7,0.1,Low,2.2,34,11,27
2025-10-18,Karnataka,Maize,Early,0.42,0.18,0.29,1.8,0.12,Low,1.6,29,12,29
2025-09-16,Andhra Pradesh,Rice,Early,0.3,0.22,0.35,1.7,0.09,Low,3.1,29,14,32
2026-11-04,Andhra Pradesh,Rice,Mature,0.84,0.49,0.71,3.7,0.04,High,8.9,39,27,37
2026-09-10,Andhra Pradesh,Maize,Vegetative,0.46,0.41,0.7,2.5,0.07,Medium,6.2,41,18,39
2025-06-03,Maharashtra,Sugarcane,Mature,0.67,0.55,0.71,3.2,0.04,Medium,8.6,39,23,40
2025-12-08,Karnataka,Cotton,Mature,0.66,0.47,0.72,3.8,0.04,Medium,8.4,43,19,39
2025-03-25,Uttar Pradesh,Sugarcane,Early,0.36,0.25,0.35,0.7,0.07,Low,1.8,27,16,21
2026-08-20,Maharashtra,Wheat,Flowering,0.86,0.57,0.93,3.8,0.03,High,7.5,42,21,42
2026-11-11,Tamil Nadu,Cotton,Vegetative,0.7,0.45,0.54,2.3,0.06,High,3.8,37,15,37
2025-05-25,Andhra Pradesh,Sugarcane,Early,0.4,0.16,0.34,1.0,0.11,Low,1.4,26,10,25
2025-12-25,Maharashtra,Maize,Vegetative,0.67,0.34,0.75,3.2,0.06,Medium,4.4,40,24,26
2025-11-14,Maharashtra,Wheat,Mature,0.69,0.6,0.78,3.2,0.03,Medium,9.3,38,27,34
2026-11-03,Tamil Nadu,Wheat,Vegetative,0.55,0.45,0.5,3.0,0.08,Medium,4.8,40,22,32
2026-12-17,Punjab,Wheat,Vegetative,0.68,0.32,0.49,3.2,0.08,Medium,4.9,44,23,31
2026-11-10,Karnataka,Cotton,Flowering,0.9,0.61,0.79,4.4,0.06,High,7.2,48,28,36
2026-02-06,Uttar Pradesh,Rice,Early,0.31,0.23,0.35,1.4,0.07,Low,3.3,37,18,21
2025-05-13,Punjab,Cotton,Vegetative,0.56,0.41,0.7,2.4,0.09,Medium,4.9,48,20,30
2026-09-02,Andhra Pradesh,Sugarcane,Vegetative,0.64,0.39,0.63,3.2,0.07,Medium,5.7,35,21,37
2026-12-27,Maharashtra,Rice,Mature,0.67,0.53,0.75,3.7,0.03,Medium,8.6,35,19,32
2025-03-28,Tamil Nadu,Sugarcane,Mature,0.65,0.52,0.76,3.9,0.05,Medium,10.3,52,27,41
2025-11-14,Tamil Nadu,Rice,Vegetative,0.66,0.49,0.5,2.7,0.05,Medium,5.0,36,23,26
2026-07-27,Karnataka,Cotton,Early,0.23,0.23,0.33,1.8,0.1,Low,1.7,34,14,26
2026-01-21,Punjab,Wheat,Vegetative,0.64,0.44,0.63,1.9,0.08,Medium,5.4,46,21,30
2026-10-21,Karnataka,Maize,Vegetative,0.53,0.38,0.5,3.0,0.08,Medium,4.1,37,23,31
2025-12-03,Maharashtra,Wheat,Flowering,0.88,0.55,0.82,4.1,0.04,High,7.9,56,26,41
2025-05-11,Karnataka,Cotton,Early,0.37,0.2,0.45,0.9,0.07,Low,2.3,26,16,22
2026-11-18,Uttar Pradesh,Rice,Flowering,0.84,0.65,0.84,4.9,0.05,High,7.8,56,20,43
2026-12-21,Tamil Nadu,Wheat,Early,0.23,0.16,0.28,1.6,0.09,Low,1.6,35,14,33
2026-12-03,Tamil Nadu,Cotton,Early,0.38,0.22,0.38,1.0,0.11,Low,3.5,37,15,29
2026-06-24,Andhra Pradesh,Sugarcane,Early,0.41,0.16,0.38,1.5,0.1,Low,2.2,31,10,20
2025-04-06,Andhra Pradesh,Maize,Flowering,0.71,0.62,0.81,4.4,0.05,High,8.3,56,22,42
2026-10-24,Maharashtra,Wheat,Flowering,0.83,0.61,0.88,4.4,0.05,High,8.3,41,20,38
2026-11-18,Uttar Pradesh,Rice,Flowering,0.71,0.59,0.84,4.9,0.04,High,8.1,40,27,42
2026-03-10,Punjab,Sugarcane,Mature,0.69,0.55,0.72,3.7,0.04,Medium,8.2,44,18,36
2026-06-05,Karnataka,Cotton,Flowering,0.87,0.63,0.75,4.2,0.06,High,6.6,55,29,44
2026-01-06,Maharashtra,Maize,Mature,0.72,0.57,0.85,4.6,0.07,High,7.5,44,25,30
2025-01-19,Andhra Pradesh,Rice,Mature,0.78,0.47,0.8,4.0,0.06,High,8.2,48,23,37
2026-01-07,Karnataka,Cotton,Mature,0.85,0.48,0.9,4.3,0.06,High,7.8,43,27,33
2025-11-13,Andhra Pradesh,Cotton,Vegetative,0.58,0.43,0.52,2.0,0.06,Medium,4.6,35,21,34
2025-07-04,Karnataka,Wheat,Vegetative,0.53,0.45,0.48,2.2,0.05,Medium,6.4,38,22,27
2025-08-08,Punjab,Wheat,Vegetative,0.61,0.33,0.63,2.0,0.07,Medium,5.2,44,23,34
2025-12-16,Maharashtra,Rice,Mature,0.79,0.54,0.7,3.4,0.05,High,8.8,43,24,36
2026-05-13,Karnataka,Cotton,Mature,0.79,0.51,0.88,3.1,0.05,High,10.3,53,24,32
2025-07-16,Uttar Pradesh,Wheat,Early,0.4,0.21,0.38,0.8,0.07,Low,1.8,36,19,29
2025-08-20,Tamil Nadu,Maize,Mature,0.82,0.53,0.7,3.4,0.06,High,7.8,36,22,36
2025-05-21,Uttar Pradesh,Maize,Vegetative,0.66,0.39,0.7,3.1,0.08,Medium,4.8,41,21,26
2025-06-08,Uttar Pradesh,Cotton,Mature,0.67,0.47,0.81,4.7,0.04,Medium,10.4,53,22,32
2025-03-21,Tamil Nadu,Wheat,Mature,0.69,0.51,0.79,4.7,0.07,Medium,10.0,35,23,31
2025-10-30,Uttar Pradesh,Rice,Early,0.37,0.3,0.35,1.4,0.07,Low,2.6,25,18,24
2025-04-14,Karnataka,Rice,Mature,0.81,0.52,0.71,3.3,0.04,High,8.0,47,18,39
2026-06-04,Karnataka,Rice,Flowering,0.87,0.51,0.93,3.8,0.03,High,7.6,58,23,37
2026-07-07,Karnataka,Maize,Early,0.39,0.23,0.32,0.8,0.09,Low,2.5,29,14,28
2026-06-24,Tamil Nadu,Wheat,Mature,0.82,0.59,0.81,3.4,0.07,High,8.1,50,25,39
2025-02-08,Uttar Pradesh,Wheat,Mature,0.8,0.59,0.83,4.7,0.03,High,7.7,53,21,38
2026-11-09,Tamil Nadu,Maize,Early,0.43,0.24,0.3,1.4,0.08,Low,1.2,34,16,21
2025-12-11,Karnataka,Rice,Mature,0.78,0.46,0.71,4.1,0.07,High,9.1,44,25,37
2026-09-25,Uttar Pradesh,Rice,Vegetative,0.65,0.37,0.66,3.4,0.07,Medium,3.6,46,18,29
2025-05-15,Uttar Pradesh,Cotton,Flowering,0.76,0.61,0.89,4.8,0.06,High,8.1,46,21,42
2026-09-04,Andhra Pradesh,Sugarcane,Flowering,0.79,0.64,0.92,5.4,0.05,High,7.6,45,29,37
2026-01-21,Andhra Pradesh,Wheat,Vegetative,0.51,0.32,0.61,2.1,0.09,Medium,3.5,43,17,33
2025-06-07,Punjab,Wheat,Mature,0.74,0.49,0.89,3.2,0.07,High,8.4,42,18,39
2025-06-16,Maharashtra,Wheat,Mature,0.8,0.49,0.81,3.5,0.05,High,10.2,48,27,37
2025-07-05,Andhra Pradesh,Sugarcane,Flowering,0.75,0.54,0.94,3.9,0.05,High,7.2,52,26,36
2026-12-11,Tamil Nadu,Cotton,Mature,0.72,0.55,0.89,4.8,0.06,High,9.8,44,18,38
2026-10-02,Andhra Pradesh,Sugarcane,Flowering,0.8,0.62,0.86,4.6,0.06,High,7.2,42,23,43
2025-06-19,Punjab,Rice,Flowering,0.85,0.6,0.9,3.8,0.04,High,6.6,47,29,41
2026-03-25,Uttar Pradesh,Rice,Vegetative,0.62,0.45,0.72,3.4,0.07,Medium,3.8,45,24,29
2025-02-14,Punjab,Wheat,Flowering,0.79,0.57,0.88,3.6,0.05,High,6.5,58,23,44
2026-02-25,Uttar Pradesh,Maize,Mature,0.73,0.5,0.87,4.7,0.06,High,9.1,40,27,39
2026-01-09,Uttar Pradesh,Wheat,Mature,0.82,0.49,0.83,3.3,0.06,High,7.6,45,23,38
2026-11-24,Maharashtra,Maize,Early,0.32,0.29,0.29,1.6,0.08,Low,2.5,32,15,26
2025-09-01,Andhra Pradesh,Sugarcane,Mature,0.65,0.48,0.74,4.7,0.04,Medium,7.6,44,22,35
2026-03-31,Tamil Nadu,Rice,Early,0.41,0.29,0.33,1.7,0.11,Low,1.7,27,18,27
2026-09-18,Tamil Nadu,Maize,Flowering,0.84,0.55,0.76,5.4,0.06,High,8.4,50,25,30
2025-10-19,Karnataka,Sugarcane,Mature,0.68,0.46,0.88,4.4,0.06,Medium,10.3,41,27,41
2026-04-05,Uttar Pradesh,Rice,Vegetative,0.67,0.5,0.69,2.6,0.08,Medium,6.0,41,18,28
2025-08-28,Tamil Nadu,Maize,Vegetative,0.7,0.46,0.74,2.4,0.05,High,5.0,45,23,39
2026-07-01,Maharashtra,Wheat,Vegetative,0.52,0.4,0.73,2.3,0.09,Medium,4.2,43,17,34
2025-09-02,Uttar Pradesh,Wheat,Flowering,0.86,0.6,0.84,4.7,0.04,High,7.6,42,28,36
2025-11-13,Maharashtra,Wheat,Flowering,0.89,0.68,0.79,5.0,0.05,High,6.6,45,23,36
2026-04-26,Tamil Nadu,Sugarcane,Early,0.23,0.25,0.39,0.9,0.09,Low,3.4,35,16,28
2025-07-18,Tamil Nadu,Wheat,Vegetative,0.64,0.36,0.55,2.5,0.06,Medium,5.6,43,16,31
2026-01-12,Karnataka,Cotton,Early,0.4,0.19,0.23,1.1,0.12,Low,2.3,30,16,29
2026-11-26,Tamil Nadu,Rice,Early,0.38,0.16,0.4,1.5,0.1,Low,1.2,37,15,29
2026-08-08,Uttar Pradesh,Sugarcane,Mature,0.7,0.51,0.81,3.4,0.04,High,9.8,39,19,40
2026-03-28,Uttar Pradesh,Wheat,Mature,0.79,0.49,0.89,4.2,0.06,High,7.6,41,25,36
2026-04-18,Uttar Pradesh,Rice,Vegetative,0.54,0.33,0.56,2.1,0.08,Medium,3.7,49,22,39
2025-10-16,Karnataka,Maize,Flowering,0.73,0.62,0.81,4.4,0.04,High,7.8,55,27,35
2026-01-27,Karnataka,Wheat,Mature,0.72,0.56,0.75,3.9,0.05,High,8.5,40,18,33
2026-05-30,Tamil Nadu,Rice,Flowering,0.7,0.54,0.89,5.0,0.04,High,7.3,55,29,41
2026-06-25,Punjab,Cotton,Early,0.39,0.24,0.25,0.8,0.11,Low,1.5,36,19,27
2026-03-05,Punjab,Maize,Early,0.34,0.22,0.42,0.8,0.11,Low,1.4,37,17,24
2025-06-15,Karnataka,Cotton,Early,0.36,0.19,0.24,1.7,0.1,Low,1.6,35,12,28
2025-07-24,Tamil Nadu,Rice,Early,0.25,0.17,0.26,0.6,0.1,Low,1.2,27,16,28
2026-09-12,Punjab,Cotton,Vegetative,0.53,0.31,0.48,2.0,0.08,Medium,3.6,42,20,37
2025-05-22,Tamil Nadu,Rice,Early,0.22,0.23,0.36,1.7,0.11,Low,2.1,27,12,25
2025-09-14,Tamil Nadu,Rice,Mature,0.77,0.59,0.78,4.5,0.05,High,10.0,50,22,30
2025-02-23,Tamil Nadu,Cotton,Early,0.37,0.18,0.26,0.9,0.1,Low,3.2,37,18,31
2026-10-19,Andhra Pradesh,Rice,Flowering,0.81,0.51,0.77,4.6,0.04,High,6.9,55,28,37
2026-05-08,Uttar Pradesh,Wheat,Mature,0.71,0.53,0.78,3.4,0.06,High,9.9,36,19,39
2026-01-16,Tamil Nadu,Rice,Flowering,0.87,0.62,0.91,4.3,0.05,High,6.6,57,28,33
2026-07-22,Andhra Pradesh,Sugarcane,Flowering,0.89,0.63,0.87,4.9,0.03,High,7.3,52,23,31
2025-04-16,Karnataka,Rice,Vegetative,0.56,0.43,0.6,3.0,0.08,Medium,4.1,36,24,32
2026-12-30,Punjab,Sugarcane,Vegetative,0.69,0.37,0.56,2.9,0.07,Medium,6.4,44,18,39
2026-06-13,Uttar Pradesh,Rice,Flowering,0.84,0.69,0.78,5.0,0.04,High,7.2,54,26,31
2025-05-08,Punjab,Rice,Flowering,0.73,0.57,0.91,3.9,0.05,High,8.0,59,21,37
2025-10-19,Uttar Pradesh,Cotton,Early,0.43,0.29,0.44,1.7,0.07,Low,3.3,32,18,20
2025-03-27,Punjab,Wheat,Mature,0.79,0.49,0.9,4.5,0.06,High,7.6,43,22,32
2025-06-14,Uttar Pradesh,Wheat,Early,0.39,0.19,0.25,0.8,0.09,Low,2.5,38,17,21
2025-10-07,Punjab,Maize,Vegetative,0.54,0.37,0.74,2.2,0.08,Medium,5.6,42,18,36
2026-04-06,Punjab,Cotton,Vegetative,0.62,0.49,0.56,2.1,0.06,Medium,3.6,36,22,30
2026-06-10,Punjab,Cotton,Early,0.24,0.27,0.39,0.7,0.09,Low,2.1,33,10,23
2025-05-31,Punjab,Wheat,Mature,0.77,0.52,0.83,4.0,0.04,High,9.3,45,22,29
2026-03-24,Karnataka,Cotton,Flowering,0.76,0.59,0.91,3.7,0.06,High,7.1,52,23,31
2025-04-04,Tamil Nadu,Wheat,Early,0.37,0.18,0.43,1.2,0.09,Low,2.1,25,17,28
2025-08-16,Maharashtra,Cotton,Vegetative,0.48,0.48,0.58,1.9,0.07,Medium,5.4,46,17,28
2026-04-07,Andhra Pradesh,Rice,Mature,0.78,0.55,0.78,4.7,0.04,High,9.2,43,23,35
2025-12-24,Maharashtra,Wheat,Vegetative,0.46,0.31,0.69,2.5,0.06,Medium,5.3,46,20,31
2025-01-28,Maharashtra,Wheat,Mature,0.78,0.59,0.79,3.9,0.04,High,8.6,40,18,41
2026-03-01,Uttar Pradesh,Sugarcane,Mature,0.73,0.58,0.71,3.4,0.07,High,7.9,37,19,33
2025-02-24,Tamil Nadu,Cotton,Mature,0.73,0.47,0.82,4.2,0.06,High,9.4,42,20,29
2026-02-10,Uttar Pradesh,Cotton,Early,0.3,0.2,0.27,0.5,0.08,Low,2.2,36,18,32
2026-05-30,Tamil Nadu,Wheat,Early,0.43,0.26,0.34,0.8,0.08,Low,3.2,34,18,27
2026-01-18,Tamil Nadu,Rice,Early,0.4,0.22,0.28,1.5,0.1,Low,3.0,36,16,25
2025-08-30,Punjab,Rice,Mature,0.69,0.58,0.87,4.2,0.05,Medium,10.4,52,18,38
2026-01-31,Karnataka,Rice,Mature,0.69,0.5,0.7,3.2,0.04,Medium,7.7,51,19,33
2025-03-25,Punjab,Cotton,Vegetative,0.55,0.5,0.54,3.1,0.07,Medium,4.2,35,19,25
2026-01-19,Karnataka,Sugarcane,Flowering,0.76,0.52,0.83,5.3,0.05,High,7.9,58,26,43
2025-08-18,Uttar Pradesh,Wheat,Early,0.41,0.19,0.21,0.7,0.1,Low,2.5,39,18,34
2025-01-29,Karnataka,Maize,Mature,0.8,0.59,0.82,4.4,0.06,High,8.3,45,22,41
2025-11-23,Uttar Pradesh,Sugarcane,Vegetative,0.46,0.49,0.58,2.8,0.06,Medium,5.8,44,20,39
2025-04-12,Maharashtra,Maize,Vegetative,0.51,0.32,0.59,3.2,0.07,Medium,3.6,35,15,38
2026-10-28,Maharashtra,Sugarcane,Vegetative,0.63,0.34,0.6,2.6,0.07,Medium,5.1,38,17,31
2025-12-10,Karnataka,Rice,Early,0.43,0.15,0.24,0.6,0.08,Low,2.1,31,12,34
2025-05-30,Karnataka,Cotton,Early,0.43,0.29,0.24,1.6,0.09,Low,2.1,34,16,22
2025-05-21,Uttar Pradesh,Maize,Flowering,0.8,0.61,0.8,4.3,0.03,High,7.9,54,27,35
2025-02-09,Punjab,Sugarcane,Vegetative,0.51,0.42,0.58,2.6,0.09,Medium,5.6,38,15,33
2025-10-21,Uttar Pradesh,Cotton,Early,0.32,0.22,0.33,0.5,0.1,Low,2.2,39,17,23
2026-04-29,Punjab,Maize,Vegetative,0.51,0.31,0.66,3.5,0.07,Medium,4.3,48,16,31
2026-12-14,Maharashtra,Wheat,Mature,0.65,0.47,0.7,4.8,0.06,Medium,8.6,44,26,30
2025-05-23,Tamil Nadu,Sugarcane,Vegetative,0.69,0.4,0.53,2.1,0.08,Medium,5.1,45,17,37
2026-12-24,Karnataka,Wheat,Flowering,0.85,0.51,0.91,4.6,0.04,High,7.6,58,24,38
2026-04-26,Punjab,Rice,Early,0.29,0.16,0.24,0.7,0.09,Low,3.2,37,17,33
2026-04-05,Uttar Pradesh,Wheat,Mature,0.71,0.57,0.71,3.4,0.04,High,10.5,50,18,32
2026-09-23,Maharashtra,Wheat,Early,0.27,0.18,0.23,1.5,0.09,Low,2.6,25,16,24
2025-01-06,Punjab,Sugarcane,Mature,0.74,0.5,0.89,3.0,0.04,High,9.3,35,20,29
2025-03-23,Uttar Pradesh,Rice,Vegetative,0.63,0.34,0.48,3.1,0.06,Medium,3.5,40,24,38
2025-01-20,Karnataka,Wheat,Vegetative,0.51,0.37,0.53,3.4,0.06,Medium,4.9,47,17,34
2025-09-20,Karnataka,Cotton,Flowering,0.86,0.62,0.82,4.4,0.05,High,7.2,53,22,31
2025-08-09,Andhra Pradesh,Maize,Flowering,0.78,0.57,0.79,5.3,0.04,High,7.8,46,20,38
2025-06-03,Tamil Nadu,Wheat,Mature,0.82,0.51,0.83,3.7,0.06,High,8.3,41,27,36
2026-07-16,Andhra Pradesh,Rice,Flowering,0.87,0.52,0.81,4.5,0.06,High,6.6,46,20,36
2026-09-16,Maharashtra,Wheat,Flowering,0.88,0.67,0.81,5.2,0.05,High,7.7,54,24,34
2026-06-25,Punjab,Maize,Flowering,0.86,0.66,0.85,4.6,0.05,High,7.5,48,23,41
2026-03-10,Maharashtra,Rice,Flowering,0.86,0.64,0.89,4.4,0.05,High,6.5,46,29,31
2025-04-24,Uttar Pradesh,Sugarcane,Vegetative,0.55,0.44,0.49,3.1,0.07,Medium,4.3,40,17,37
2025-10-23,Karnataka,Rice,Flowering,0.7,0.66,0.81,5.0,0.06,High,8.5,56,20,32
2025-09-01,Andhra Pradesh,Sugarcane,Vegetative,0.57,0.44,0.73,2.0,0.07,Medium,3.7,40,15,39
2025-11-05,Andhra Pradesh,Rice,Vegetative,0.5,0.38,0.62,3.2,0.07,Medium,6.4,49,21,36
2025-05-05,Andhra Pradesh,Maize,Early,0.39,0.24,0.21,1.8,0.08,Low,1.6,33,10,27
2025-02-18,Maharashtra,Maize,Vegetative,0.64,0.38,0.58,2.7,0.07,Medium,6.2,49,17,37
2025-09-02,Karnataka,Rice,Vegetative,0.45,0.48,0.49,2.2,0.06,Medium,4.0,45,18,27
2026-03-06,Punjab,Wheat,Flowering,0.89,0.55,0.85,5.5,0.05,High,8.0,49,21,44
2026-10-17,Uttar Pradesh,Maize,Vegetative,0.66,0.32,0.73,3.5,0.09,Medium,5.7,42,18,36
2026-09-30,Punjab,Sugarcane,Mature,0.74,0.55,0.76,3.6,0.03,High,8.8,43,24,31
2026-04-14,Maharashtra,Sugarcane,Flowering,0.81,0.65,0.75,5.3,0.04,High,8.2,52,23,44
2025-03-06,Uttar Pradesh,Cotton,Flowering,0.9,0.62,0.81,4.4,0.04,High,6.6,46,24,43
2025-04-24,Andhra Pradesh,Sugarcane,Flowering,0.87,0.6,0.79,5.1,0.04,High,7.9,43,24,36
2026-05-27,Tamil Nadu,Cotton,Early,0.35,0.23,0.45,1.2,0.09,Low,3.3,27,17,27
2026-09-04,Maharashtra,Rice,Flowering,0.87,0.65,0.76,5.2,0.04,High,7.2,59,25,41
2026-07-03,Maharashtra,Rice,Vegetative,0.6,0.45,0.59,2.2,0.07,Medium,5.1,40,21,31
2025-01-17,Karnataka,Rice,Mature,0.74,0.6,0.87,4.3,0.07,High,9.7,53,20,36
2026-10-10,Punjab,Wheat,Flowering,0.79,0.62,0.86,4.6,0.04,High,7.8,43,20,40
2026-06-12,Maharashtra,Wheat,Flowering,0.87,0.65,0.92,5.3,0.04,High,7.2,59,23,31
2026-08-12,Maharashtra,Cotton,Mature,0.73,0.59,0.7,4.0,0.07,High,10.2,50,22,28
2025-09-05,Andhra Pradesh,Sugarcane,Flowering,0.82,0.7,0.85,5.4,0.05,High,8.1,43,22,43
2025-05-28,Andhra Pradesh,Sugarcane,Early,0.35,0.16,0.39,1.7,0.12,Low,2.8,25,10,30
2025-10-26,Uttar Pradesh,Rice,Vegetative,0.47,0.47,0.56,2.5,0.08,Medium,3.8,38,16,36
2026-03-16,Tamil Nadu,Maize,Mature,0.75,0.53,0.8,3.8,0.07,High,8.9,54,21,28
2025-01-02,Karnataka,Wheat,Mature,0.73,0.57,0.7,4.2,0.03,High,7.7,36,27,28
2026-09-22,Tamil Nadu,Wheat,Early,0.26,0.22,0.45,0.8,0.11,Low,3.1,29,14,26
2025-12-28,Uttar Pradesh,Rice,Vegetative,0.61,0.42,0.46,2.0,0.06,Medium,3.9,36,21,28
2025-09-04,Andhra Pradesh,Wheat,Early,0.29,0.28,0.35,1.6,0.1,Low,1.2,33,19,34
2026-08-08,Punjab,Rice,Vegetative,0.5,0.32,0.55,2.5,0.06,Medium,3.9,48,15,28
2026-03-03,Andhra Pradesh,Cotton,Early,0.25,0.24,0.28,1.6,0.08,Low,3.4,39,13,20
2025-07-11,Karnataka,Sugarcane,Flowering,0.79,0.61,0.79,4.0,0.04,High,6.6,40,24,30
2026-11-12,Andhra Pradesh,Maize,Early,0.44,0.17,0.21,0.5,0.11,Low,1.1,32,17,22
2026-11-16,Karnataka,Sugarcane,Mature,0.68,0.56,0.71,3.6,0.05,Medium,8.7,35,18,38
2025-03-29,Karnataka,Sugarcane,Mature,0.85,0.51,0.85,3.1,0.06,High,10.3,45,26,32
2026-06-21,Karnataka,Cotton,Mature,0.76,0.51,0.77,3.2,0.07,High,9.7,41,19,38
2026-01-05,Uttar Pradesh,Wheat,Early,0.34,0.18,0.31,1.3,0.08,Low,1.8,35,18,24
2025-03-11,Karnataka,Maize,Mature,0.73,0.48,0.77,4.5,0.05,High,8.6,41,25,37
2026-06-23,Karnataka,Wheat,Mature,0.77,0.55,0.85,3.2,0.07,High,10.0,41,20,32
2026-07-12,Punjab,Sugarcane,Flowering,0.85,0.51,0.76,3.7,0.04,High,6.9,52,25,41
2026-06-04,Tamil Nadu,Rice,Flowering,0.76,0.53,0.8,4.7,0.06,High,7.7,44,20,37
2026-06-04,Maharashtra,Sugarcane,Vegetative,0.65,0.37,0.57,3.2,0.06,Medium,3.9,41,21,30
2026-07-22,Tamil Nadu,Wheat,Vegetative,0.58,0.34,0.67,2.8,0.08,Medium,5.7,37,16,30
2025-01-21,Karnataka,Sugarcane,Vegetative,0.47,0.35,0.48,2.3,0.07,Medium,6.4,46,16,39
2026-02-04,Punjab,Rice,Early,0.36,0.24,0.27,1.1,0.11,Low,2.9,31,17,23
2026-04-27,Andhra Pradesh,Cotton,Vegetative,0.59,0.37,0.66,2.6,0.06,Medium,4.3,39,19,31
2025-02-14,Punjab,Wheat,Early,0.35,0.27,0.2,1.0,0.12,Low,2.4,30,15,33
2026-10-13,Karnataka,Sugarcane,Early,0.4,0.26,0.25,1.2,0.11,Low,2.6,30,10,30
2026-02-01,Punjab,Wheat,Vegetative,0.68,0.46,0.75,3.4,0.08,Medium,6.1,44,23,34
2026-01-18,Punjab,Cotton,Vegetative,0.67,0.45,0.49,3.3,0.07,Medium,5.3,46,24,37
2025-09-17,Karnataka,Sugarcane,Early,0.21,0.27,0.43,1.6,0.11,Low,1.4,31,10,21
2025-01-17,Uttar Pradesh,Sugarcane,Flowering,0.72,0.52,0.94,4.9,0.04,High,7.2,57,21,32
2026-01-01,Punjab,Wheat,Mature,0.69,0.57,0.87,4.1,0.06,Medium,8.0,42,24,41
2025-03-11,Maharashtra,Wheat,Mature,0.71,0.46,0.88,4.2,0.06,High,7.7,48,25,36
2025-12-20,Maharashtra,Rice,Mature,0.8,0.46,0.88,4.0,0.03,High,9.4,52,26,35
2025-09-04,Punjab,Cotton,Flowering,0.85,0.69,0.81,4.5,0.03,High,8.4,55,22,42
2026-11-04,Uttar Pradesh,Rice,Early,0.37,0.15,0.3,0.6,0.1,Low,3.4,26,16,24
2026-10-06,Andhra Pradesh,Sugarcane,Vegetative,0.51,0.41,0.57,3.1,0.08,Medium,4.5,44,18,28
2025-04-17,Karnataka,Wheat,Early,0.33,0.27,0.38,1.7,0.11,Low,1.4,35,16,23
2026-08-19,Maharashtra,Sugarcane,Early,0.29,0.17,0.32,1.0,0.11,Low,3.4,29,11,33
2025-12-07,Andhra Pradesh,Sugarcane,Vegetative,0.68,0.38,0.59,2.5,0.06,Medium,6.2,42,19,33
2025-05-17,Punjab,Maize,Flowering,0.75,0.66,0.9,4.1,0.05,High,7.9,44,29,35
2025-02-15,Andhra Pradesh,Maize,Mature,0.71,0.51,0.76,4.3,0.05,High,7.6,48,21,36
2025-12-27,Tamil Nadu,Sugarcane,Mature,0.67,0.46,0.76,4.8,0.04,Medium,9.5,52,20,34
2026-07-14,Maharashtra,Wheat,Early,0.45,0.19,0.41,1.8,0.1,Medium,1.8,31,15,31
2025-12-13,Punjab,Sugarcane,Flowering,0.85,0.56,0.89,4.0,0.05,High,8.2,46,24,36
2026-10-21,Karnataka,Maize,Mature,0.69,0.48,0.8,3.7,0.04,Medium,7.7,35,19,37
2025-06-29,Uttar Pradesh,Wheat,Flowering,0.87,0.55,0.87,5.2,0.04,High,8.4,54,24,30
2026-12-03,Punjab,Sugarcane,Vegetative,0.5,0.34,0.72,3.4,0.05,Medium,5.3,41,18,31
2026-04-21,Karnataka,Cotton,Early,0.4,0.25,0.23,1.2,0.11,Low,2.4,30,17,26
2026-12-14,Uttar Pradesh,Cotton,Early,0.31,0.23,0.39,1.0,0.09,Low,3.1,39,16,28
2026-05-06,Uttar Pradesh,Sugarcane,Flowering,0.72,0.63,0.78,4.6,0.05,High,6.8,51,21,40
2026-10-09,Punjab,Wheat,Mature,0.8,0.58,0.9,3.1,0.04,High,9.8,50,20,28
2025-07-06,Andhra Pradesh,Sugarcane,Flowering,0.74,0.56,0.84,3.9,0.06,High,6.7,45,22,36
2025-05-19,Andhra Pradesh,Sugarcane,Vegetative,0.56,0.45,0.65,2.2,0.06,Medium,5.0,45,17,35
2025-03-06,Uttar Pradesh,Maize,Mature,0.71,0.46,0.73,3.2,0.04,High,9.3,41,18,30
2026-04-14,Andhra Pradesh,Cotton,Mature,0.84,0.54,0.85,4.6,0.07,High,9.1,40,26,31
2025-02-07,Tamil Nadu,Maize,Flowering,0.78,0.55,0.81,4.0,0.04,High,6.7,46,25,42
2025-10-28,Uttar Pradesh,Maize,Vegetative,0.56,0.46,0.58,3.4,0.06,Medium,6.1,40,22,35
2025-07-26,Uttar Pradesh,Sugarcane,Mature,0.77,0.57,0.8,4.1,0.06,High,10.2,43,21,35
2025-02-14,Karnataka,Maize,Early,0.38,0.29,0.45,1.3,0.08,Low,1.3,29,18,32
2025-07-24,Andhra Pradesh,Cotton,Vegetative,0.5,0.49,0.48,3.0,0.08,Medium,3.8,43,19,28
2025-02-12,Uttar Pradesh,Maize,Mature,0.75,0.55,0.72,3.9,0.05,High,8.9,48,21,35
2025-11-20,Tamil Nadu,Cotton,Flowering,0.77,0.56,0.8,4.2,0.04,High,7.0,48,21,30
2025-11-14,Karnataka,Maize,Mature,0.72,0.49,0.85,3.3,0.07,High,8.0,44,22,35
2026-06-12,Punjab,Cotton,Early,0.27,0.26,0.32,0.7,0.07,Low,1.6,38,13,33
2026-02-12,Uttar Pradesh,Maize,Vegetative,0.56,0.4,0.72,2.8,0.09,Medium,5.0,40,20,26
2026-07-11,Tamil Nadu,Maize,Mature,0.76,0.55,0.73,4.2,0.05,High,8.5,48,21,28
2026-04-30,Maharashtra,Wheat,Early,0.25,0.2,0.36,0.5,0.1,Low,1.7,26,17,26
2025-09-17,Tamil Nadu,Cotton,Mature,0.8,0.55,0.89,4.6,0.04,High,7.6,51,23,38
2025-02-07,Tamil Nadu,Cotton,Mature,0.77,0.45,0.75,3.6,0.06,High,9.1,49,20,34
2026-10-25,Karnataka,Cotton,Vegetative,0.46,0.39,0.68,3.1,0.07,Medium,3.8,36,24,25
2025-07-15,Punjab,Rice,Flowering,0.83,0.66,0.89,5.1,0.05,High,8.2,59,22,42
2025-10-20,Maharashtra,Maize,Flowering,0.89,0.65,0.92,3.8,0.05,High,7.4,59,28,34
2026-01-01,Andhra Pradesh,Cotton,Early,0.37,0.21,0.42,1.5,0.07,Low,2.7,35,18,30
2025-02-18,Andhra Pradesh,Rice,Early,0.27,0.21,0.41,0.9,0.11,Low,1.9,29,11,28
2026-11-03,Tamil Nadu,Wheat,Early,0.38,0.15,0.42,1.5,0.08,Low,3.5,31,13,29
2025-12-06,Karnataka,Cotton,Vegetative,0.58,0.37,0.62,2.6,0.07,Medium,5.8,37,16,38
2025-10-07,Karnataka,Cotton,Flowering,0.83,0.63,0.87,4.8,0.04,High,7.4,42,28,36
2025-05-08,Andhra Pradesh,Rice,Early,0.31,0.2,0.38,0.8,0.07,Low,2.2,37,15,23
2026-01-12,Maharashtra,Maize,Early,0.31,0.29,0.38,1.6,0.08,Low,2.5,28,13,23
2026-03-24,Punjab,Wheat,Mature,0.77,0.56,0.71,4.0,0.05,High,7.7,43,25,37
2026-02-14,Maharashtra,Cotton,Mature,0.85,0.49,0.82,4.5,0.06,High,7.8,44,23,38
2026-03-27,Uttar Pradesh,Maize,Early,0.32,0.27,0.24,0.6,0.08,Low,1.5,39,11,22
2026-01-31,Uttar Pradesh,Wheat,Mature,0.78,0.59,0.89,4.2,0.03,High,8.6,51,26,32
2025-12-14,Punjab,Sugarcane,Mature,0.81,0.53,0.83,4.7,0.06,High,10.0,51,19,35
2025-07-11,Andhra Pradesh,Sugarcane,Mature,0.8,0.55,0.79,3.4,0.07,High,9.5,43,25,31
2026-05-24,Punjab,Wheat,Vegetative,0.64,0.48,0.52,3.5,0.06,Medium,5.3,35,20,29
2026-12-10,Karnataka,Rice,Early,0.39,0.3,0.21,0.6,0.09,Low,2.6,37,15,21
2026-05-25,Uttar Pradesh,Wheat,Early,0.44,0.26,0.44,0.5,0.1,Low,1.1,27,10,20
2026-01-12,Tamil Nadu,Wheat,Mature,0.78,0.46,0.83,3.6,0.07,High,10.0,54,18,32
2026-06-16,Tamil Nadu,Rice,Vegetative,0.46,0.46,0.58,2.5,0.06,Medium,5.0,40,15,38
2025-10-01,Andhra Pradesh,Rice,Mature,0.7,0.56,0.82,4.3,0.06,High,8.1,48,26,36
2025-03-26,Karnataka,Maize,Vegetative,0.68,0.42,0.67,3.3,0.09,Medium,5.1,49,17,28
2026-03-11,Maharashtra,Maize,Early,0.4,0.25,0.35,1.3,0.09,Low,3.1,35,18,32
2025-03-22,Karnataka,Rice,Mature,0.78,0.59,0.89,3.3,0.04,High,9.9,40,24,31
2026-03-17,Tamil Nadu,Sugarcane,Early,0.32,0.25,0.34,1.7,0.07,Low,1.7,25,11,33
2026-09-09,Tamil Nadu,Sugarcane,Vegetative,0.6,0.43,0.74,2.9,0.07,Medium,5.6,45,20,28
2025-07-04,Uttar Pradesh,Wheat,Flowering,0.74,0.59,0.89,4.8,0.05,High,7.2,56,28,42
2026-07-13,Karnataka,Cotton,Vegetative,0.47,0.39,0.61,2.4,0.06,Medium,5.5,48,22,35
2025-10-28,Karnataka,Wheat,Flowering,0.8,0.66,0.89,5.4,0.03,High,7.0,58,24,31
2025-11-25,Tamil Nadu,Wheat,Early,0.24,0.15,0.44,1.0,0.12,Low,1.7,25,10,23
2025-04-16,Maharashtra,Cotton,Early,0.24,0.24,0.34,1.6,0.09,Low,2.1,31,12,24
2025-03-23,Andhra Pradesh,Rice,Mature,0.82,0.51,0.82,4.4,0.03,High,10.0,54,19,37
2025-12-02,Andhra Pradesh,Sugarcane,Flowering,0.84,0.63,0.77,4.7,0.03,High,7.0,44,23,34
2026-11-08,Karnataka,Wheat,Vegetative,0.5,0.39,0.68,3.2,0.07,Medium,5.4,45,24,37
2025-10-30,Andhra Pradesh,Cotton,Early,0.44,0.18,0.32,0.6,0.1,Low,2.5,26,16,33
2025-11-10,Tamil Nadu,Maize,Flowering,0.79,0.56,0.89,4.4,0.06,High,6.9,54,29,30
2026-04-02,Tamil Nadu,Wheat,Vegetative,0.48,0.42,0.54,2.2,0.06,Medium,4.5,42,21,30
2026-09-10,Karnataka,Sugarcane,Flowering,0.9,0.54,0.93,5.5,0.04,High,7.8,40,25,32
2026-03-13,Karnataka,Rice,Vegetative,0.52,0.49,0.75,2.0,0.09,Medium,5.5,45,24,35
2025-06-20,Uttar Pradesh,Wheat,Vegetative,0.46,0.47,0.72,2.3,0.05,Medium,4.9,43,21,32
2026-12-08,Karnataka,Wheat,Vegetative,0.54,0.44,0.7,2.9,0.07,Medium,4.4,39,23,30
2026-03-31,Maharashtra,Cotton,Vegetative,0.64,0.42,0.52,1.8,0.08,Medium,6.0,43,19,31
2025-12-26,Andhra Pradesh,Maize,Flowering,0.82,0.66,0.78,4.7,0.05,High,8.0,56,29,35
2026-04-03,Karnataka,Maize,Flowering,0.8,0.59,0.79,4.1,0.03,High,7.4,43,21,31
2025-02-13,Punjab,Rice,Mature,0.68,0.58,0.87,3.8,0.05,Medium,8.4,43,19,35
2025-12-28,Uttar Pradesh,Sugarcane,Flowering,0.79,0.63,0.76,3.7,0.03,High,8.1,41,23,42
2026-09-22,Punjab,Rice,Flowering,0.83,0.59,0.89,4.0,0.05,High,7.6,53,23,41
2026-03-22,Tamil Nadu,Wheat,Mature,0.82,0.58,0.87,4.6,0.05,High,9.4,53,26,28
2025-10-09,Andhra Pradesh,Wheat,Flowering,0.72,0.66,0.9,5.1,0.04,High,7.0,51,22,33
2026-10-17,Karnataka,Maize,Vegetative,0.5,0.31,0.55,2.7,0.08,Medium,4.7,48,16,27
2025-02-28,Punjab,Sugarcane,Early,0.38,0.2,0.44,0.7,0.11,Low,2.5,28,16,28
2025-03-18,Andhra Pradesh,Cotton,Early,0.24,0.19,0.23,1.5,0.08,Low,1.4,33,14,33
2026-11-19,Tamil Nadu,Sugarcane,Mature,0.74,0.48,0.77,4.6,0.07,High,8.9,50,21,34
2026-10-15,Maharashtra,Wheat,Flowering,0.86,0.6,0.89,4.4,0.04,High,8.4,42,23,33
2026-02-20,Uttar Pradesh,Cotton,Flowering,0.78,0.57,0.79,5.4,0.06,High,6.9,56,23,31
2026-01-08,Andhra Pradesh,Sugarcane,Mature,0.66,0.57,0.9,4.3,0.06,Medium,8.2,43,23,34
2026-06-10,Andhra Pradesh,Sugarcane,Early,0.35,0.21,0.44,1.2,0.12,Low,2.4,37,14,25
2026-11-27,Maharashtra,Cotton,Vegetative,0.45,0.32,0.62,3.4,0.07,Medium,4.2,45,19,38
2025-06-13,Andhra Pradesh,Wheat,Flowering,0.8,0.67,0.8,3.7,0.06,High,6.6,58,25,42
2025-02-01,Tamil Nadu,Sugarcane,Mature,0.75,0.47,0.88,4.3,0.07,High,9.5,39,22,31
2025-05-27,Tamil Nadu,Cotton,Vegetative,0.64,0.43,0.64,3.1,0.07,Medium,4.7,36,22,27
2026-09-15,Maharashtra,Wheat,Mature,0.84,0.59,0.84,4.6,0.07,High,9.9,35,18,33
2026-11-26,Uttar Pradesh,Cotton,Mature,0.67,0.6,0.82,4.5,0.03,Medium,8.7,42,24,28
2026-03-25,Karnataka,Cotton,Mature,0.75,0.52,0.74,3.5,0.07,High,8.4,43,22,29
2025-02-05,Punjab,Sugarcane,Early,0.37,0.26,0.39,0.5,0.09,Low,2.9,28,10,25
2025-05-10,Karnataka,Wheat,Early,0.29,0.16,0.42,1.6,0.08,Low,3.0,37,12,24
2025-03-10,Andhra Pradesh,Sugarcane,Mature,0.74,0.51,0.79,4.3,0.04,High,9.1,39,27,41
2025-08-30,Punjab,Rice,Flowering,0.85,0.65,0.9,3.5,0.06,High,8.2,56,22,42
2026-10-23,Maharashtra,Rice,Vegetative,0.55,0.42,0.46,2.5,0.07,Medium,6.4,38,17,34
2026-01-11,Maharashtra,Wheat,Flowering,0.72,0.66,0.93,4.6,0.03,High,7.6,49,20,41
2026-01-06,Uttar Pradesh,Cotton,Early,0.42,0.26,0.23,1.2,0.09,Low,1.8,31,10,32
2026-01-28,Punjab,Sugarcane,Vegetative,0.46,0.49,0.74,2.8,0.09,Medium,4.2,42,16,26
2026-08-04,Tamil Nadu,Sugarcane,Mature,0.8,0.53,0.89,4.8,0.07,High,9.5,37,22,39
2025-02-03,Punjab,Wheat,Flowering,0.85,0.65,0.9,5.5,0.04,High,7.9,40,28,31
2026-09-12,Andhra Pradesh,Wheat,Flowering,0.8,0.54,0.93,4.9,0.04,High,6.8,52,20,35
2025-06-07,Tamil Nadu,Rice,Mature,0.82,0.53,0.72,3.4,0.04,High,9.4,48,21,29
2026-11-27,Maharashtra,Maize,Flowering,0.82,0.6,0.92,4.9,0.05,High,6.8,50,26,38
2026-04-06,Punjab,Wheat,Early,0.22,0.2,0.21,0.7,0.08,Low,3.0,25,18,30
2026-01-15,Karnataka,Maize,Mature,0.76,0.58,0.89,3.3,0.05,High,9.5,53,23,38
2026-01-16,Uttar Pradesh,Wheat,Flowering,0.86,0.64,0.76,4.5,0.03,High,8.4,51,25,42
2026-03-31,Karnataka,Cotton,Mature,0.69,0.47,0.82,3.9,0.04,Medium,7.8,35,24,40
2025-03-20,Uttar Pradesh,Cotton,Vegetative,0.56,0.43,0.58,2.0,0.08,Medium,4.5,46,17,33
2026-08-11,Andhra Pradesh,Rice,Mature,0.65,0.5,0.85,4.6,0.05,Medium,8.2,49,23,33
2025-05-21,Karnataka,Rice,Flowering,0.85,0.53,0.84,4.9,0.04,High,6.6,49,26,32
2026-06-27,Punjab,Maize,Early,0.27,0.18,0.28,1.6,0.1,Low,1.4,38,14,25
2026-01-11,Punjab,Wheat,Mature,0.65,0.52,0.86,3.3,0.06,Medium,9.5,40,26,28
2026-02-12,Karnataka,Sugarcane,Mature,0.79,0.6,0.79,3.3,0.06,High,9.8,36,25,31
2025-11-18,Punjab,Rice,Flowering,0.76,0.51,0.91,5.5,0.03,High,7.4,40,22,31
2026-10-28,Andhra Pradesh,Sugarcane,Early,0.43,0.22,0.37,1.6,0.08,Low,3.1,32,14,29
2025-10-13,Tamil Nadu,Sugarcane,Early,0.42,0.16,0.44,0.7,0.1,Low,3.5,33,10,32
2025-09-13,Andhra Pradesh,Wheat,Vegetative,0.62,0.45,0.68,2.9,0.08,Medium,3.9,39,21,33
2025-04-27,Uttar Pradesh,Maize,Vegetative,0.58,0.39,0.59,2.3,0.06,Medium,3.8,43,21,39
2025-01-27,Andhra Pradesh,Wheat,Flowering,0.75,0.53,0.77,5.3,0.05,High,8.3,56,29,40
2025-07-10,Uttar Pradesh,Rice,Early,0.32,0.23,0.28,1.4,0.11,Low,3.0,27,19,20
2026-05-27,Punjab,Sugarcane,Early,0.4,0.23,0.21,1.7,0.07,Low,2.5,25,15,28
2026-06-15,Tamil Nadu,Wheat,Vegetative,0.45,0.33,0.54,2.6,0.05,Medium,5.0,46,18,28
2026-02-01,Punjab,Wheat,Vegetative,0.62,0.47,0.48,2.0,0.08,Medium,6.4,40,23,31
2026-07-30,Maharashtra,Wheat,Flowering,0.74,0.63,0.88,4.4,0.04,High,8.2,56,23,40
2025-05-01,Punjab,Rice,Early,0.3,0.22,0.25,1.3,0.08,Low,2.2,35,11,23
2025-09-26,Uttar Pradesh,Maize,Mature,0.68,0.58,0.77,4.3,0.04,Medium,9.0,54,20,28
2025-09-24,Punjab,Wheat,Vegetative,0.51,0.49,0.64,2.8,0.09,Medium,5.3,35,24,37
2026-12-22,Punjab,Rice,Flowering,0.84,0.51,0.85,5.1,0.05,High,6.9,55,24,34
2026-04-02,Tamil Nadu,Sugarcane,Early,0.28,0.24,0.4,1.7,0.07,Low,1.7,27,17,34
2025-08-08,Punjab,Cotton,Early,0.31,0.21,0.44,1.1,0.1,Low,2.9,30,18,28
2026-09-19,Tamil Nadu,Rice,Vegetative,0.67,0.42,0.71,2.3,0.06,Medium,6.0,40,24,37
2025-10-20,Karnataka,Cotton,Flowering,0.89,0.62,0.9,4.1,0.05,High,6.8,45,23,40
2026-12-12,Maharashtra,Wheat,Mature,0.83,0.56,0.77,3.2,0.05,High,7.8,42,26,35
2026-05-18,Tamil Nadu,Wheat,Vegetative,0.51,0.48,0.47,3.0,0.07,Medium,4.8,38,17,28
2025-07-24,Uttar Pradesh,Rice,Flowering,0.87,0.67,0.94,4.1,0.04,High,6.5,52,24,37
2025-05-06,Karnataka,Cotton,Early,0.3,0.29,0.33,1.2,0.08,Low,2.2,36,18,32
2025-05-19,Tamil Nadu,Wheat,Mature,0.73,0.58,0.85,4.7,0.05,High,9.7,35,20,28
2025-03-17,Tamil Nadu,Sugarcane,Flowering,0.71,0.66,0.85,4.2,0.06,High,6.8,49,26,36
2026-04-08,Maharashtra,Maize,Mature,0.67,0.5,0.8,4.2,0.04,Medium,10.0,38,20,38
2025-06-26,Uttar Pradesh,Maize,Flowering,0.86,0.63,0.91,4.2,0.03,High,6.6,57,28,38
2027-01-01,Andhra Pradesh,Wheat,Flowering,0.83,0.67,0.89,4.5,0.06,High,7.9,56,29,35
2026-04-01,Andhra Pradesh,Cotton,Flowering,0.88,0.56,0.75,3.9,0.03,High,7.1,44,24,33
2025-03-31,Tamil Nadu,Wheat,Flowering,0.73,0.66,0.85,4.5,0.04,High,8.2,54,25,33
2026-11-30,Punjab,Cotton,Mature,0.71,0.56,0.83,3.3,0.03,High,9.5,45,22,31
2025-11-24,Uttar Pradesh,Sugarcane,Vegetative,0.66,0.49,0.65,3.4,0.06,Medium,6.4,44,23,33
2026-11-15,Karnataka,Cotton,Mature,0.8,0.57,0.72,3.1,0.04,High,9.4,39,18,30
2025-12-22,Punjab,Wheat,Flowering,0.86,0.61,0.87,4.5,0.06,High,7.0,42,23,30
2026-12-28,Punjab,Sugarcane,Mature,0.72,0.48,0.73,3.6,0.03,High,8.8,41,22,36
2025-03-08,Uttar Pradesh,Rice,Mature,0.73,0.53,0.72,4.0,0.06,High,8.6,37,25,34
2026-07-18,Tamil Nadu,Maize,Mature,0.82,0.49,0.75,4.0,0.05,High,8.2,52,22,32
2026-07-10,Tamil Nadu,Wheat,Flowering,0.83,0.53,0.94,4.7,0.05,High,7.4,46,21,38
2025-10-25,Tamil Nadu,Wheat,Mature,0.77,0.59,0.77,4.6,0.04,High,10.3,47,23,37
2025-11-04,Tamil Nadu,Wheat,Early,0.32,0.26,0.38,1.1,0.1,Low,1.1,25,12,24
2025-06-11,Andhra Pradesh,Sugarcane,Flowering,0.81,0.62,0.81,5.4,0.05,High,6.5,53,27,38
2026-12-30,Tamil Nadu,Rice,Mature,0.66,0.51,0.85,3.9,0.06,Medium,9.4,54,25,32
2026-12-28,Andhra Pradesh,Cotton,Early,0.24,0.29,0.41,0.9,0.09,Low,3.3,37,14,31
2026-12-19,Andhra Pradesh,Rice,Mature,0.69,0.52,0.84,3.4,0.07,Medium,8.5,51,25,35
2026-10-16,Tamil Nadu,Sugarcane,Vegetative,0.47,0.33,0.74,2.2,0.07,Medium,5.0,38,19,30
2025-06-28,Maharashtra,Wheat,Mature,0.78,0.53,0.84,4.2,0.07,High,9.1,48,21,36
2026-01-06,Karnataka,Maize,Mature,0.82,0.59,0.78,3.4,0.03,High,8.2,37,23,38
2026-06-05,Punjab,Wheat,Vegetative,0.59,0.44,0.53,2.8,0.08,Medium,6.0,44,18,29
2025-08-18,Andhra Pradesh,Cotton,Flowering,0.86,0.66,0.81,4.3,0.05,High,7.2,55,26,39
2025-05-05,Uttar Pradesh,Maize,Vegetative,0.61,0.31,0.54,2.8,0.06,Medium,4.8,42,18,36
2025-07-25,Uttar Pradesh,Wheat,Flowering,0.8,0.52,0.87,5.3,0.03,High,7.1,41,25,37
2025-05-23,Karnataka,Maize,Vegetative,0.66,0.47,0.56,2.4,0.08,Medium,4.4,39,19,25
2025-08-31,Uttar Pradesh,Rice,Mature,0.65,0.57,0.8,3.3,0.03,Medium,7.7,49,18,29
2026-05-21,Maharashtra,Sugarcane,Mature,0.66,0.46,0.77,3.4,0.07,Medium,9.2,41,27,39
2025-01-27,Uttar Pradesh,Wheat,Flowering,0.79,0.62,0.93,3.9,0.03,High,7.3,48,25,40
2026-01-05,Punjab,Cotton,Flowering,0.84,0.67,0.89,4.8,0.06,High,6.6,50,21,37
2026-07-22,Punjab,Rice,Early,0.36,0.21,0.28,0.9,0.09,Low,3.0,29,14,28
2026-08-10,Andhra Pradesh,Wheat,Early,0.21,0.26,0.27,0.8,0.09,Low,2.8,33,16,32
2026-01-13,Tamil Nadu,Rice,Mature,0.71,0.55,0.71,3.5,0.04,High,8.3,50,26,29
2026-04-24,Maharashtra,Cotton,Mature,0.84,0.57,0.73,4.3,0.05,High,8.1,49,20,34
2026-07-19,Andhra Pradesh,Wheat,Early,0.24,0.3,0.37,1.2,0.12,Low,3.0,38,13,25
2025-05-13,Maharashtra,Cotton,Early,0.3,0.25,0.25,1.8,0.1,Low,3.0,37,11,33
2026-09-19,Tamil Nadu,Maize,Flowering,0.78,0.62,0.91,3.7,0.04,High,7.6,42,21,35
2025-03-30,Uttar Pradesh,Cotton,Vegetative,0.52,0.35,0.7,3.4,0.08,Medium,3.6,43,16,34
2025-03-09,Uttar Pradesh,Maize,Flowering,0.88,0.61,0.93,5.1,0.03,High,6.9,52,26,31
2025-11-13,Tamil Nadu,Wheat,Early,0.29,0.26,0.32,0.8,0.09,Low,1.6,33,13,25
2026-02-12,Andhra Pradesh,Maize,Mature,0.65,0.5,0.71,4.5,0.05,Medium,9.4,45,21,36
2026-05-06,Tamil Nadu,Wheat,Early,0.26,0.27,0.37,1.0,0.09,Low,1.0,34,16,28
2026-06-23,Karnataka,Wheat,Mature,0.74,0.57,0.8,3.7,0.04,High,10.0,52,20,28
2026-02-25,Punjab,Sugarcane,Mature,0.78,0.51,0.86,4.7,0.05,High,9.7,39,21,33
2026-02-24,Andhra Pradesh,Wheat,Mature,0.8,0.46,0.79,3.1,0.05,High,7.6,41,22,40
2026-08-12,Maharashtra,Maize,Mature,0.81,0.54,0.89,4.4,0.04,High,8.3,44,20,39
2025-03-17,Karnataka,Sugarcane,Vegetative,0.69,0.4,0.68,2.3,0.06,Medium,5.9,42,19,39
2025-05-09,Andhra Pradesh,Sugarcane,Early,0.41,0.21,0.38,0.9,0.07,Low,2.7,30,11,24
2025-11-21,Tamil Nadu,Wheat,Flowering,0.82,0.53,0.92,4.8,0.05,High,8.0,56,20,32
2026-10-20,Tamil Nadu,Cotton,Mature,0.67,0.49,0.79,4.6,0.06,Medium,9.7,45,23,33
2025-03-17,Tamil Nadu,Cotton,Mature,0.79,0.47,0.86,4.6,0.04,High,9.6,43,19,33
2026-04-06,Tamil Nadu,Sugarcane,Flowering,0.73,0.64,0.89,4.8,0.04,High,7.8,44,28,38
2026-04-23,Maharashtra,Wheat,Flowering,0.79,0.55,0.85,4.3,0.05,High,7.0,53,26,34
2026-11-28,Karnataka,Cotton,Mature,0.81,0.54,0.79,3.0,0.04,High,8.8,51,23,29
2026-06-14,Uttar Pradesh,Wheat,Flowering,0.72,0.6,0.82,5.5,0.06,High,7.4,53,21,37
2025-12-19,Punjab,Wheat,Flowering,0.73,0.61,0.8,4.8,0.06,High,8.1,46,21,30
2025-05-12,Maharashtra,Sugarcane,Vegetative,0.47,0.36,0.48,2.6,0.08,Medium,5.8,43,15,31
2026-07-19,Maharashtra,Sugarcane,Flowering,0.72,0.57,0.81,4.8,0.06,High,7.4,57,25,39
2026-10-18,Uttar Pradesh,Rice,Early,0.38,0.3,0.22,0.5,0.11,Low,1.3,36,18,29
2026-08-25,Uttar Pradesh,Cotton,Early,0.22,0.17,0.34,1.5,0.09,Low,2.1,32,19,32
2025-07-06,Punjab,Cotton,Early,0.39,0.17,0.25,1.4,0.11,Low,2.0,35,15,34
2025-05-13,Punjab,Cotton,Mature,0.73,0.51,0.89,3.5,0.05,High,8.1,48,21,40
2026-03-20,Uttar Pradesh,Maize,Early,0.35,0.27,0.4,0.6,0.08,Low,2.7,33,13,25
2026-05-30,Tamil Nadu,Wheat,Vegetative,0.63,0.3,0.63,3.4,0.08,Medium,6.3,39,22,33
2025-02-26,Maharashtra,Sugarcane,Early,0.21,0.2,0.33,1.2,0.08,Low,2.9,32,18,28
2025-05-08,Andhra Pradesh,Cotton,Mature,0.7,0.51,0.74,4.1,0.05,High,7.5,35,18,28
2026-06-15,Punjab,Rice,Vegetative,0.6,0.38,0.65,3.4,0.07,Medium,5.9,44,20,36
2025-06-06,Punjab,Cotton,Early,0.25,0.27,0.43,1.0,0.09,Low,3.4,38,15,29
2025-11-08,Uttar Pradesh,Wheat,Vegetative,0.62,0.36,0.57,2.9,0.06,Medium,5.8,36,18,28
2025-06-18,Karnataka,Wheat,Vegetative,0.53,0.42,0.51,2.5,0.08,Medium,4.1,37,17,31
2025-06-15,Andhra Pradesh,Sugarcane,Mature,0.81,0.48,0.89,3.6,0.04,High,7.9,49,22,28
2025-11-27,Andhra Pradesh,Maize,Mature,0.73,0.59,0.76,3.3,0.04,High,9.5,40,25,40
2026-12-28,Punjab,Sugarcane,Vegetative,0.49,0.46,0.58,3.5,0.07,Medium,6.0,49,15,30
2025-08-19,Tamil Nadu,Cotton,Early,0.43,0.27,0.26,0.9,0.09,Low,3.3,32,10,25
2025-12-21,Karnataka,Rice,Mature,0.79,0.51,0.83,4.1,0.05,High,10.3,52,27,33
2026-06-16,Andhra Pradesh,Sugarcane,Vegetative,0.62,0.3,0.54,2.1,0.06,Medium,5.7,37,22,26
2025-10-18,Punjab,Maize,Flowering,0.72,0.66,0.85,3.5,0.04,High,6.9,55,20,41
2025-03-22,Andhra Pradesh,Sugarcane,Flowering,0.73,0.55,0.85,3.5,0.04,High,7.9,45,20,40
2025-09-14,Karnataka,Wheat,Mature,0.69,0.57,0.88,3.9,0.04,Medium,9.0,40,25,39
2025-07-21,Karnataka,Cotton,Early,0.22,0.2,0.22,1.8,0.08,Low,2.6,35,12,30
2026-10-13,Maharashtra,Cotton,Flowering,0.74,0.66,0.77,5.3,0.06,High,7.9,47,29,31
2026-07-19,Uttar Pradesh,Cotton,Flowering,0.72,0.68,0.84,4.9,0.03,High,6.5,46,29,40
2025-10-09,Uttar Pradesh,Cotton,Flowering,0.9,0.6,0.85,4.7,0.03,High,7.6,52,29,40
2025-05-09,Punjab,Cotton,Early,0.26,0.15,0.41,0.9,0.1,Low,3.4,33,18,26
2026-10-03,Karnataka,Cotton,Early,0.43,0.23,0.38,1.6,0.07,Low,1.4,32,15,33
2025-11-07,Maharashtra,Rice,Mature,0.71,0.54,0.79,3.0,0.06,High,7.9,49,20,30
2026-09-22,Maharashtra,Maize,Mature,0.8,0.58,0.72,4.4,0.07,High,10.4,54,21,36
2026-07-01,Andhra Pradesh,Cotton,Flowering,0.78,0.62,0.85,4.8,0.03,High,6.7,40,29,32
2025-04-06,Andhra Pradesh,Maize,Early,0.35,0.15,0.44,0.9,0.09,Low,1.7,29,12,22
2026-05-30,Maharashtra,Cotton,Vegetative,0.64,0.47,0.67,3.4,0.07,Medium,5.5,45,21,26
2026-10-19,Andhra Pradesh,Sugarcane,Flowering,0.76,0.56,0.92,3.8,0.05,High,8.4,52,29,30
2025-06-22,Karnataka,Cotton,Mature,0.65,0.49,0.84,4.7,0.04,Medium,8.2,47,19,39
2026-08-30,Tamil Nadu,Wheat,Early,0.28,0.16,0.45,1.4,0.12,Low,1.9,35,13,20
2026-08-18,Karnataka,Rice,Mature,0.81,0.54,0.8,4.1,0.03,High,8.9,41,21,30
2025-06-07,Maharashtra,Sugarcane,Mature,0.75,0.49,0.81,4.0,0.05,High,10.1,44,18,38
2025-06-25,Maharashtra,Sugarcane,Early,0.42,0.28,0.33,0.6,0.08,Low,2.1,25,13,23
2026-11-06,Karnataka,Wheat,Flowering,0.72,0.52,0.81,3.6,0.05,High,6.9,42,20,35
2026-10-02,Andhra Pradesh,Cotton,Early,0.35,0.25,0.27,1.6,0.09,Low,3.3,25,16,21
2026-09-12,Andhra Pradesh,Rice,Flowering,0.73,0.52,0.76,4.9,0.04,High,8.2,46,25,41
2025-12-12,Uttar Pradesh,Sugarcane,Mature,0.81,0.52,0.82,3.6,0.03,High,8.6,54,20,31
2026-08-01,Maharashtra,Rice,Early,0.29,0.2,0.45,1.8,0.08,Low,2.6,38,18,27
2025-02-12,Punjab,Sugarcane,Vegetative,0.69,0.38,0.49,2.8,0.09,Medium,6.2,48,24,35
2025-01-30,Uttar Pradesh,Cotton,Flowering,0.72,0.59,0.85,4.1,0.04,High,8.3,49,27,34
2025-03-25,Andhra Pradesh,Sugarcane,Vegetative,0.53,0.49,0.48,2.8,0.08,Medium,5.9,44,21,36
2025-02-16,Karnataka,Sugarcane,Flowering,0.83,0.52,0.87,4.5,0.03,High,7.8,57,28,36
2026-10-19,Andhra Pradesh,Maize,Early,0.41,0.22,0.34,1.0,0.08,Low,2.1,29,12,30
2026-08-14,Karnataka,Cotton,Vegetative,0.7,0.48,0.61,2.9,0.09,High,5.1,48,16,37
2025-09-29,Uttar Pradesh,Wheat,Early,0.3,0.17,0.28,1.4,0.11,Low,1.8,34,13,26
2026-10-29,Maharashtra,Wheat,Flowering,0.78,0.51,0.89,5.1,0.03,High,7.7,58,29,44
2025-08-04,Andhra Pradesh,Cotton,Flowering,0.85,0.59,0.89,4.5,0.04,High,7.7,43,20,34
2026-08-09,Karnataka,Wheat,Flowering,0.86,0.55,0.84,4.8,0.05,High,6.8,46,20,40
2026-03-03,Maharashtra,Cotton,Flowering,0.87,0.68,0.85,3.9,0.03,High,7.7,41,23,32
2026-09-25,Punjab,Wheat,Mature,0.71,0.51,0.7,4.1,0.05,High,10.3,43,23,36
2026-10-17,Karnataka,Maize,Flowering,0.9,0.54,0.81,4.7,0.05,High,7.0,59,26,33
2025-02-01,Uttar Pradesh,Wheat,Vegetative,0.66,0.34,0.52,2.1,0.06,Medium,6.4,38,17,36
2026-05-25,Punjab,Sugarcane,Flowering,0.84,0.66,0.76,4.7,0.05,High,7.3,57,24,35
2026-10-05,Punjab,Cotton,Early,0.31,0.19,0.27,0.8,0.09,Low,1.9,34,12,20
2026-07-13,Tamil Nadu,Rice,Mature,0.68,0.49,0.79,4.7,0.04,Medium,10.3,54,23,37
2025-10-24,Andhra Pradesh,Rice,Vegetative,0.63,0.31,0.48,2.4,0.05,Medium,6.5,40,24,39
2026-10-20,Karnataka,Cotton,Mature,0.71,0.46,0.72,4.0,0.07,High,7.9,53,27,37
2025-11-06,Punjab,Maize,Mature,0.76,0.49,0.76,3.8,0.04,High,10.2,43,26,35
2026-05-10,Tamil Nadu,Wheat,Mature,0.81,0.58,0.72,4.8,0.06,High,8.3,46,22,37
2025-09-08,Uttar Pradesh,Maize,Early,0.3,0.23,0.27,1.6,0.11,Low,2.2,29,16,24
2026-12-03,Maharashtra,Rice,Mature,0.69,0.46,0.71,3.1,0.05,Medium,8.3,39,27,29
2026-02-20,Karnataka,Cotton,Mature,0.74,0.58,0.81,4.7,0.03,High,8.9,36,24,28
2025-11-01,Punjab,Cotton,Flowering,0.86,0.67,0.88,4.8,0.06,High,7.3,43,23,38
2026-04-10,Andhra Pradesh,Maize,Early,0.32,0.26,0.29,0.7,0.1,Low,1.5,36,18,29
2025-03-16,Tamil Nadu,Maize,Vegetative,0.63,0.48,0.68,1.9,0.07,Medium,4.8,36,22,37
2026-12-07,Punjab,Wheat,Vegetative,0.67,0.34,0.58,3.5,0.08,Medium,3.8,43,22,25
2025-03-03,Andhra Pradesh,Sugarcane,Vegetative,0.62,0.45,0.59,2.1,0.07,Medium,5.4,40,18,25
2025-06-11,Punjab,Sugarcane,Early,0.41,0.17,0.21,0.9,0.12,Low,1.3,32,13,28
2026-03-27,Karnataka,Wheat,Vegetative,0.65,0.38,0.63,2.5,0.07,Medium,3.7,47,22,36
2026-03-02,Karnataka,Sugarcane,Early,0.39,0.18,0.35,0.7,0.08,Low,2.3,33,12,29
2026-05-11,Karnataka,Rice,Flowering,0.88,0.55,0.77,3.9,0.04,High,6.7,53,26,32
2026-04-21,Uttar Pradesh,Sugarcane,Flowering,0.78,0.69,0.82,3.8,0.04,High,7.0,46,28,44
2025-07-28,Uttar Pradesh,Wheat,Early,0.33,0.25,0.39,1.4,0.08,Low,1.3,34,10,34
2025-12-15,Tamil Nadu,Sugarcane,Vegetative,0.47,0.41,0.55,3.1,0.06,Medium,6.4,43,18,39
2026-09-14,Karnataka,Cotton,Early,0.23,0.16,0.3,0.6,0.08,Low,2.0,31,15,26
2025-05-28,Andhra Pradesh,Maize,Early,0.37,0.21,0.22,1.3,0.09,Low,1.1,29,18,24
2025-11-17,Punjab,Rice,Mature,0.75,0.58,0.89,3.4,0.06,High,10.0,38,22,39
2025-11-23,Maharashtra,Cotton,Early,0.22,0.24,0.37,1.0,0.11,Low,3.0,27,10,33
2025-12-20,Andhra Pradesh,Cotton,Mature,0.82,0.51,0.82,3.2,0.05,High,9.7,46,25,38
2026-02-13,Uttar Pradesh,Wheat,Flowering,0.79,0.5,0.79,5.2,0.04,High,7.8,53,26,42
2025-05-14,Uttar Pradesh,Maize,Mature,0.81,0.54,0.79,4.2,0.05,High,9.4,51,25,31
2026-01-15,Andhra Pradesh,Maize,Early,0.36,0.19,0.36,0.6,0.12,Low,3.0,28,12,21
2026-06-12,Uttar Pradesh,Rice,Flowering,0.73,0.52,0.82,5.2,0.06,High,7.0,42,26,44
2026-07-30,Karnataka,Wheat,Mature,0.74,0.53,0.9,4.4,0.06,High,8.6,40,27,31
2025-04-19,Tamil Nadu,Rice,Early,0.29,0.2,0.42,1.1,0.11,Low,3.2,27,17,23
2025-11-23,Punjab,Sugarcane,Flowering,0.72,0.63,0.89,5.3,0.04,High,7.7,56,29,30
2025-09-05,Tamil Nadu,Cotton,Mature,0.84,0.59,0.83,4.2,0.04,High,10.0,42,18,40
2026-04-23,Punjab,Rice,Early,0.27,0.18,0.22,1.3,0.08,Low,2.6,35,13,27
2025-05-06,Punjab,Cotton,Early,0.27,0.21,0.21,1.4,0.08,Low,1.0,30,13,22
2025-10-01,Tamil Nadu,Wheat,Vegetative,0.48,0.42,0.71,2.0,0.08,Medium,5.9,35,16,25
2026-04-06,Andhra Pradesh,Sugarcane,Vegetative,0.65,0.34,0.67,2.9,0.05,Medium,3.6,46,16,32
2025-09-11,Punjab,Wheat,Mature,0.78,0.55,0.86,3.2,0.05,High,7.7,36,24,36
2025-05-25,Tamil Nadu,Sugarcane,Mature,0.79,0.6,0.77,3.9,0.04,High,9.5,43,21,34
2025-04-10,Punjab,Sugarcane,Mature,0.76,0.55,0.71,4.0,0.05,High,7.9,54,21,29
2025-02-21,Maharashtra,Cotton,Early,0.21,0.25,0.34,1.7,0.12,Low,2.4,31,16,25
2025-10-25,Andhra Pradesh,Wheat,Mature,0.8,0.57,0.74,4.3,0.04,High,9.5,36,19,36
2026-01-29,Karnataka,Wheat,Early,0.37,0.24,0.44,1.7,0.07,Low,1.2,26,16,20
2026-09-23,Punjab,Rice,Mature,0.7,0.58,0.79,3.5,0.03,High,10.1,48,21,38
2026-03-05,Maharashtra,Wheat,Early,0.38,0.16,0.35,0.5,0.1,Low,1.9,39,16,24
2025-09-12,Karnataka,Rice,Early,0.33,0.24,0.42,0.7,0.07,Low,2.6,35,10,26
2025-06-13,Karnataka,Maize,Vegetative,0.48,0.41,0.54,3.5,0.07,Medium,4.1,37,20,33
2025-12-02,Punjab,Maize,Flowering,0.8,0.6,0.84,5.1,0.04,High,8.3,50,27,41
2026-08-15,Tamil Nadu,Maize,Early,0.42,0.16,0.42,0.9,0.1,Low,1.7,31,19,28
2025-11-17,Punjab,Wheat,Mature,0.77,0.54,0.85,4.3,0.06,High,8.2,52,22,33
2025-07-14,Maharashtra,Wheat,Vegetative,0.69,0.38,0.52,2.9,0.07,Medium,4.3,43,18,32
2025-06-13,Karnataka,Rice,Mature,0.78,0.51,0.76,4.7,0.04,High,8.5,46,26,36
2026-05-26,Punjab,Sugarcane,Mature,0.66,0.52,0.79,3.6,0.06,Medium,9.7,51,20,28
2026-06-12,Tamil Nadu,Rice,Early,0.42,0.3,0.44,1.4,0.08,Low,1.1,37,16,32
2026-04-24,Punjab,Maize,Early,0.27,0.25,0.28,1.1,0.09,Low,3.3,29,13,26
2026-05-26,Andhra Pradesh,Rice,Flowering,0.77,0.63,0.86,5.3,0.03,High,6.9,51,26,41
2025-11-12,Tamil Nadu,Sugarcane,Early,0.24,0.23,0.36,0.6,0.08,Low,3.0,34,18,29
2026-05-25,Maharashtra,Wheat,Early,0.27,0.25,0.25,1.6,0.1,Low,2.2,36,14,26
2025-01-24,Karnataka,Rice,Flowering,0.83,0.61,0.82,4.2,0.04,High,7.1,49,28,31
2025-04-03,Punjab,Maize,Mature,0.7,0.46,0.83,4.8,0.03,High,8.8,47,25,28
2026-02-07,Tamil Nadu,Maize,Flowering,0.85,0.58,0.94,5.2,0.06,High,8.3,41,26,42
2026-06-02,Andhra Pradesh,Wheat,Flowering,0.73,0.64,0.87,4.5,0.05,High,7.4,52,28,44
2026-04-14,Tamil Nadu,Rice,Flowering,0.79,0.66,0.82,3.8,0.04,High,6.6,46,23,41
2025-09-04,Uttar Pradesh,Sugarcane,Vegetative,0.52,0.48,0.61,2.3,0.07,Medium,4.2,48,21,28
2025-08-09,Andhra Pradesh,Wheat,Mature,0.78,0.48,0.84,3.0,0.05,High,8.7,43,18,28
2026-08-21,Maharashtra,Rice,Vegetative,0.69,0.47,0.67,2.6,0.07,Medium,3.6,41,22,31
2025-12-28,Karnataka,Cotton,Vegetative,0.55,0.39,0.53,2.3,0.05,Medium,5.3,36,19,38
2025-02-19,Maharashtra,Maize,Early,0.41,0.18,0.33,1.2,0.09,Low,1.6,37,11,26
2025-02-21,Punjab,Sugarcane,Flowering,0.71,0.53,0.83,4.7,0.03,High,7.9,56,20,43
2025-10-16,Tamil Nadu,Sugarcane,Flowering,0.7,0.69,0.78,4.9,0.05,High,7.2,40,26,36
2026-05-22,Uttar Pradesh,Sugarcane,Vegetative,0.6,0.41,0.71,2.9,0.08,Medium,3.6,37,16,26
2026-09-04,Andhra Pradesh,Maize,Early,0.26,0.26,0.4,1.0,0.11,Low,2.1,25,12,28
2026-11-01,Andhra Pradesh,Rice,Early,0.39,0.24,0.34,1.3,0.12,Low,2.6,39,12,21
2026-11-20,Tamil Nadu,Wheat,Early,0.42,0.19,0.35,1.3,0.08,Low,2.3,30,10,21
2026-04-27,Uttar Pradesh,Rice,Mature,0.77,0.54,0.88,3.8,0.03,High,8.1,46,26,34
2025-10-20,Tamil Nadu,Wheat,Vegetative,0.45,0.35,0.63,3.4,0.05,Medium,3.9,40,18,29
2026-07-04,Punjab,Sugarcane,Mature,0.66,0.58,0.78,4.8,0.03,Medium,10.3,46,20,28
2025-01-09,Maharashtra,Rice,Early,0.25,0.23,0.37,1.1,0.1,Low,1.9,27,10,22
2025-04-21,Andhra Pradesh,Sugarcane,Early,0.4,0.16,0.31,1.3,0.08,Low,2.4,32,19,21
2026-03-18,Punjab,Cotton,Early,0.31,0.28,0.24,1.7,0.12,Low,1.1,30,18,29
2025-05-18,Maharashtra,Sugarcane,Flowering,0.84,0.57,0.84,5.0,0.04,High,7.4,46,29,37
2025-09-28,Punjab,Sugarcane,Vegetative,0.6,0.41,0.51,2.5,0.07,Medium,5.8,36,24,25
2026-01-10,Uttar Pradesh,Wheat,Flowering,0.89,0.52,0.79,4.2,0.04,High,7.8,51,29,37
2026-02-17,Andhra Pradesh,Cotton,Mature,0.71,0.55,0.88,4.4,0.04,High,9.2,47,25,36
2026-01-10,Tamil Nadu,Sugarcane,Flowering,0.79,0.65,0.86,4.7,0.04,High,7.1,51,26,30
2025-02-16,Tamil Nadu,Sugarcane,Vegetative,0.62,0.45,0.59,2.9,0.06,Medium,6.1,40,17,38
2026-02-15,Maharashtra,Cotton,Flowering,0.82,0.57,0.77,4.4,0.05,High,8.4,44,29,35
2025-02-22,Karnataka,Cotton,Early,0.22,0.17,0.27,0.8,0.12,Low,2.0,31,15,28
2026-08-07,Uttar Pradesh,Rice,Mature,0.81,0.48,0.79,3.6,0.07,High,10.1,40,23,31
2026-07-30,Maharashtra,Wheat,Mature,0.69,0.52,0.86,4.5,0.06,Medium,9.2,46,26,34
2025-07-19,Karnataka,Cotton,Early,0.39,0.21,0.22,1.0,0.1,Low,1.5,32,10,26
2026-01-07,Punjab,Cotton,Early,0.4,0.23,0.28,0.9,0.09,Low,3.0,28,19,24
2026-07-21,Uttar Pradesh,Maize,Early,0.26,0.29,0.3,1.7,0.08,Low,1.5,34,11,33
2025-10-23,Punjab,Cotton,Vegetative,0.49,0.31,0.62,2.6,0.05,Medium,6.0,35,20,35
2025-03-17,Andhra Pradesh,Wheat,Flowering,0.74,0.58,0.88,5.2,0.05,High,8.2,47,22,32
2026-01-31,Uttar Pradesh,Sugarcane,Mature,0.85,0.47,0.89,3.9,0.06,High,10.1,45,24,41
2026-06-01,Karnataka,Sugarcane,Flowering,0.76,0.58,0.83,4.2,0.03,High,7.4,50,23,44
2026-04-07,Andhra Pradesh,Sugarcane,Early,0.29,0.23,0.44,1.5,0.1,Low,2.0,28,16,26
2026-07-18,Tamil Nadu,Sugarcane,Early,0.32,0.23,0.4,0.8,0.09,Low,1.3,29,10,34
2025-10-14,Karnataka,Maize,Flowering,0.75,0.57,0.91,3.7,0.04,High,6.7,41,25,43
2026-10-01,Maharashtra,Cotton,Mature,0.78,0.47,0.83,3.7,0.05,High,9.9,53,18,40
2026-11-28,Tamil Nadu,Sugarcane,Vegetative,0.5,0.36,0.66,3.0,0.08,Medium,4.1,46,21,36
2026-09-18,Tamil Nadu,Rice,Flowering,0.72,0.54,0.84,4.1,0.04,High,8.0,43,29,39
2025-05-02,Maharashtra,Sugarcane,Early,0.29,0.26,0.31,0.8,0.09,Low,2.1,36,10,33
2025-05-12,Uttar Pradesh,Cotton,Early,0.32,0.18,0.22,1.0,0.09,Low,2.3,34,18,20
2025-04-10,Tamil Nadu,Sugarcane,Vegetative,0.46,0.36,0.56,2.9,0.07,Medium,5.3,48,23,25
2026-02-08,Karnataka,Maize,Flowering,0.8,0.58,0.85,3.9,0.05,High,6.8,54,23,37
2026-01-18,Andhra Pradesh,Wheat,Vegetative,0.54,0.44,0.49,3.1,0.06,Medium,5.6,35,24,26
2025-12-14,Tamil Nadu,Wheat,Vegetative,0.46,0.31,0.73,3.4,0.05,Medium,5.6,35,21,33
2026-07-26,Karnataka,Cotton,Mature,0.67,0.49,0.7,3.1,0.03,Medium,9.9,35,26,40
2026-01-10,Punjab,Wheat,Mature,0.81,0.52,0.79,3.0,0.05,High,7.9,54,23,32
2025-05-28,Karnataka,Wheat,Early,0.38,0.23,0.37,0.9,0.12,Low,1.2,27,16,33
2025-07-23,Andhra Pradesh,Rice,Flowering,0.75,0.69,0.75,4.3,0.05,High,6.9,54,23,44
2026-09-09,Karnataka,Cotton,Mature,0.85,0.45,0.83,3.7,0.03,High,9.3,52,27,41
2026-06-06,Maharashtra,Cotton,Early,0.27,0.2,0.32,1.0,0.1,Low,1.6,27,14,20
2026-02-16,Andhra Pradesh,Wheat,Flowering,0.89,0.5,0.76,4.5,0.06,High,8.0,59,29,37
2026-05-28,Uttar Pradesh,Wheat,Early,0.33,0.15,0.33,1.4,0.11,Low,1.3,32,18,30
2025-02-11,Punjab,Wheat,Mature,0.78,0.55,0.9,3.3,0.03,High,9.7,36,21,38
2025-02-16,Maharashtra,Maize,Early,0.26,0.23,0.31,0.9,0.09,Low,2.0,28,13,21
2025-02-09,Uttar Pradesh,Sugarcane,Flowering,0.9,0.55,0.92,4.3,0.05,High,6.9,54,29,39
2025-05-21,Karnataka,Maize,Flowering,0.84,0.65,0.79,4.7,0.05,High,8.4,49,25,44
2027-01-01,Andhra Pradesh,Cotton,Early,0.39,0.19,0.34,0.6,0.12,Low,1.3,35,14,22
2025-12-08,Punjab,Rice,Flowering,0.81,0.5,0.76,4.7,0.06,High,7.5,57,27,41
2026-05-01,Maharashtra,Sugarcane,Early,0.42,0.26,0.44,0.6,0.12,Low,3.1,32,18,24
2026-06-16,Uttar Pradesh,Rice,Flowering,0.81,0.6,0.82,4.9,0.05,High,8.4,56,29,36
2026-04-13,Uttar Pradesh,Cotton,Early,0.28,0.27,0.22,1.1,0.09,Low,1.2,27,15,29
2025-06-02,Punjab,Cotton,Early,0.22,0.23,0.44,1.8,0.1,Low,2.3,38,10,34
2026-09-13,Karnataka,Rice,Early,0.24,0.19,0.34,1.2,0.1,Low,3.1,33,11,24
2026-06-12,Punjab,Rice,Vegetative,0.55,0.47,0.64,2.1,0.06,Medium,5.9,39,24,39
2025-05-24,Uttar Pradesh,Rice,Flowering,0.81,0.53,0.89,3.8,0.04,High,7.1,59,20,37
2025-12-02,Tamil Nadu,Cotton,Mature,0.68,0.57,0.7,4.0,0.05,Medium,9.4,36,24,29
2026-09-20,Maharashtra,Wheat,Early,0.22,0.28,0.24,1.1,0.09,Low,2.4,28,11,26
2025-11-23,Punjab,Rice,Vegetative,0.46,0.3,0.58,2.8,0.06,Medium,4.3,39,17,35
2025-06-16,Uttar Pradesh,Sugarcane,Mature,0.7,0.51,0.84,3.6,0.04,High,9.1,35,25,29
2026-02-07,Karnataka,Cotton,Early,0.24,0.25,0.37,0.7,0.07,Low,3.0,29,12,22
2026-09-24,Uttar Pradesh,Maize,Mature,0.76,0.54,0.86,4.2,0.04,High,7.7,54,24,40
2025-11-03,Karnataka,Maize,Vegetative,0.46,0.31,0.69,3.3,0.07,Medium,4.8,42,19,29
2026-08-31,Punjab,Sugarcane,Mature,0.77,0.5,0.74,3.8,0.04,High,8.5,44,24,37
2025-12-11,Karnataka,Wheat,Early,0.38,0.2,0.38,1.1,0.08,Low,2.0,27,13,27
2026-06-04,Andhra Pradesh,Rice,Mature,0.85,0.54,0.86,3.0,0.07,High,10.4,43,20,38
2026-06-06,Andhra Pradesh,Cotton,Mature,0.74,0.57,0.8,3.8,0.04,High,10.1,53,18,32
2026-06-30,Andhra Pradesh,Rice,Early,0.37,0.23,0.42,0.6,0.1,Low,2.2,35,16,27
2026-05-17,Tamil Nadu,Cotton,Vegetative,0.53,0.43,0.58,3.2,0.08,Medium,4.4,36,17,32
2026-12-27,Punjab,Maize,Vegetative,0.51,0.46,0.56,3.2,0.07,Medium,6.1,40,17,27
2026-07-31,Uttar Pradesh,Rice,Mature,0.81,0.48,0.82,3.2,0.07,High,8.9,50,20,32
2025-11-03,Uttar Pradesh,Sugarcane,Flowering,0.73,0.56,0.8,4.1,0.04,High,7.6,40,29,40
2026-05-02,Tamil Nadu,Wheat,Mature,0.83,0.47,0.77,3.7,0.03,High,7.8,37,19,36
2025-01-18,Karnataka,Sugarcane,Flowering,0.81,0.62,0.84,4.8,0.06,High,7.7,46,24,38
2026-01-13,Tamil Nadu,Wheat,Mature,0.85,0.51,0.82,3.2,0.04,High,10.1,49,22,39
2025-12-06,Karnataka,Rice,Vegetative,0.68,0.42,0.64,2.9,0.07,Medium,4.0,37,23,32
2026-11-21,Karnataka,Rice,Mature,0.78,0.54,0.76,3.9,0.05,High,8.3,37,20,37
2025-04-23,Maharashtra,Wheat,Mature,0.8,0.52,0.84,3.8,0.06,High,8.5,42,19,33
2026-03-03,Uttar Pradesh,Maize,Flowering,0.8,0.63,0.89,4.2,0.04,High,7.0,50,28,41
2026-08-21,Andhra Pradesh,Cotton,Vegetative,0.54,0.34,0.71,3.4,0.08,Medium,5.9,48,19,31
2025-11-12,Karnataka,Sugarcane,Flowering,0.86,0.56,0.92,5.3,0.05,High,8.0,55,24,40
2026-12-06,Maharashtra,Sugarcane,Mature,0.67,0.57,0.75,4.3,0.04,Medium,7.7,44,22,40
2026-10-07,Uttar Pradesh,Sugarcane,Early,0.39,0.17,0.4,1.8,0.11,Low,2.2,39,16,31
2025-01-28,Andhra Pradesh,Rice,Mature,0.66,0.53,0.71,4.6,0.06,Medium,8.6,49,23,39
2026-09-04,Karnataka,Sugarcane,Mature,0.68,0.55,0.89,4.0,0.03,Medium,7.7,48,25,38
2026-05-01,Karnataka,Cotton,Flowering,0.88,0.61,0.76,4.3,0.05,High,7.3,48,27,43
2025-09-29,Tamil Nadu,Cotton,Early,0.36,0.24,0.2,0.9,0.1,Low,3.0,35,18,29
2026-11-03,Tamil Nadu,Wheat,Early,0.37,0.25,0.23,1.4,0.09,Low,1.4,30,18,25
2026-08-16,Uttar Pradesh,Rice,Flowering,0.76,0.68,0.87,4.3,0.05,High,7.3,48,24,31
2026-08-15,Andhra Pradesh,Cotton,Vegetative,0.7,0.42,0.55,3.3,0.06,High,4.3,35,18,33
2025-08-22,Karnataka,Maize,Early,0.38,0.25,0.38,1.4,0.11,Low,1.5,38,16,28
2025-02-22,Uttar Pradesh,Rice,Early,0.24,0.17,0.34,0.6,0.11,Low,3.0,35,13,21
2026-08-21,Uttar Pradesh,Rice,Flowering,0.71,0.61,0.95,4.2,0.04,High,6.8,55,29,35
2026-05-07,Punjab,Cotton,Vegetative,0.48,0.39,0.65,2.6,0.08,Medium,5.9,48,17,26
2025-06-24,Tamil Nadu,Maize,Vegetative,0.66,0.48,0.57,2.1,0.08,Medium,4.1,45,19,27
2026-06-21,Andhra Pradesh,Wheat,Mature,0.82,0.45,0.83,4.2,0.06,High,9.1,47,22,32
2026-10-07,Karnataka,Cotton,Mature,0.66,0.59,0.79,4.2,0.06,Medium,10.1,40,21,34
2026-09-27,Uttar Pradesh,Maize,Flowering,0.74,0.52,0.76,4.2,0.04,High,7.7,40,25,41
2026-01-25,Karnataka,Rice,Vegetative,0.64,0.41,0.52,2.8,0.09,Medium,3.9,39,16,29
2025-06-01,Punjab,Maize,Flowering,0.76,0.62,0.92,5.0,0.04,High,8.3,52,27,40
2026-11-29,Andhra Pradesh,Rice,Mature,0.7,0.59,0.76,4.0,0.06,High,9.0,42,26,31
2025-09-06,Uttar Pradesh,Cotton,Flowering,0.85,0.6,0.75,4.0,0.04,High,8.2,56,26,37
2025-02-02,Karnataka,Cotton,Flowering,0.85,0.5,0.81,3.8,0.03,High,7.1,50,26,41
2026-08-10,Tamil Nadu,Sugarcane,Early,0.44,0.2,0.24,1.4,0.11,Low,1.8,32,18,29
2026-12-19,Punjab,Sugarcane,Early,0.26,0.15,0.29,1.2,0.08,Low,2.8,37,14,20
2025-04-23,Andhra Pradesh,Sugarcane,Early,0.3,0.21,0.37,1.7,0.07,Low,3.4,29,18,24
2025-07-15,Punjab,Cotton,Mature,0.82,0.57,0.84,3.8,0.05,High,8.3,51,24,33
2025-01-20,Tamil Nadu,Wheat,Flowering,0.77,0.53,0.9,5.0,0.06,High,6.8,50,21,40
2026-03-28,Andhra Pradesh,Cotton,Early,0.22,0.26,0.3,0.9,0.08,Low,1.6,29,15,33
2025-11-18,Punjab,Maize,Early,0.4,0.17,0.39,1.4,0.08,Low,1.2,30,16,32
2026-03-05,Maharashtra,Cotton,Early,0.24,0.2,0.3,0.9,0.12,Low,3.2,31,13,26
2025-06-05,Tamil Nadu,Cotton,Mature,0.85,0.51,0.9,3.3,0.04,High,8.0,35,26,40
2026-02-27,Tamil Nadu,Rice,Mature,0.84,0.49,0.9,3.4,0.04,High,9.3,51,23,30
2026-12-09,Tamil Nadu,Rice,Flowering,0.8,0.52,0.85,4.2,0.05,High,6.9,50,29,32
2025-07-28,Maharashtra,Rice,Flowering,0.72,0.62,0.77,3.8,0.05,High,7.4,53,25,33
2026-02-25,Maharashtra,Cotton,Flowering,0.86,0.68,0.87,4.5,0.04,High,8.0,55,26,43
2026-05-29,Karnataka,Wheat,Early,0.28,0.27,0.42,1.5,0.08,Low,1.7,30,10,34
2026-09-19,Uttar Pradesh,Maize,Vegetative,0.69,0.38,0.74,3.4,0.08,Medium,3.5,42,17,37
2026-04-28,Punjab,Maize,Mature,0.81,0.46,0.86,4.2,0.04,High,9.1,42,23,28
2025-03-05,Karnataka,Wheat,Early,0.43,0.17,0.24,0.6,0.12,Low,2.2,27,19,22
2026-12-24,Punjab,Wheat,Early,0.45,0.19,0.25,1.1,0.1,Medium,1.9,32,16,26
2025-05-22,Uttar Pradesh,Maize,Flowering,0.8,0.66,0.94,4.8,0.04,High,7.9,44,20,35
2026-06-16,Maharashtra,Sugarcane,Flowering,0.72,0.54,0.83,5.2,0.04,High,8.5,53,26,42
2025-08-01,Uttar Pradesh,Rice,Early,0.23,0.25,0.26,1.3,0.08,Low,2.0,35,15,33
2026-07-29,Maharashtra,Rice,Mature,0.68,0.54,0.83,3.2,0.05,Medium,8.3,35,22,32
2025-11-29,Uttar Pradesh,Maize,Mature,0.84,0.53,0.77,3.2,0.05,High,9.2,47,20,40
2026-11-10,Karnataka,Wheat,Early,0.23,0.24,0.37,0.7,0.1,Low,1.8,25,12,34
2026-05-05,Andhra Pradesh,Sugarcane,Vegetative,0.62,0.36,0.58,3.3,0.09,Medium,5.7,35,20,31
2026-06-23,Karnataka,Maize,Vegetative,0.55,0.49,0.65,2.2,0.05,Medium,5.6,43,15,27
2026-01-21,Punjab,Rice,Mature,0.7,0.53,0.77,4.5,0.03,High,8.3,53,21,34
2025-11-18,Karnataka,Cotton,Flowering,0.89,0.63,0.95,4.2,0.06,High,6.8,50,29,39
2025-06-27,Tamil Nadu,Wheat,Vegetative,0.57,0.32,0.6,2.4,0.06,Medium,5.4,37,24,32
2026-04-16,Punjab,Cotton,Vegetative,0.64,0.44,0.55,2.9,0.07,Medium,4.9,35,17,37
2026-06-30,Uttar Pradesh,Maize,Flowering,0.85,0.66,0.76,4.7,0.05,High,7.6,54,24,35
2025-12-17,Punjab,Rice,Vegetative,0.65,0.31,0.49,2.3,0.08,Medium,6.4,37,23,28
2026-07-14,Andhra Pradesh,Sugarcane,Early,0.29,0.28,0.32,0.9,0.1,Low,1.7,31,14,25
2025-12-29,Maharashtra,Cotton,Vegetative,0.56,0.3,0.66,3.3,0.09,Medium,6.0,38,15,32
2026-11-24,Uttar Pradesh,Sugarcane,Flowering,0.8,0.69,0.93,5.5,0.06,High,7.6,59,28,38
2026-11-29,Punjab,Rice,Early,0.43,0.26,0.21,1.6,0.1,Low,1.8,37,19,24
2026-10-21,Uttar Pradesh,Cotton,Vegetative,0.57,0.4,0.64,2.6,0.09,Medium,4.4,48,17,34
2026-12-11,Uttar Pradesh,Sugarcane,Mature,0.69,0.55,0.72,4.0,0.04,Medium,8.1,49,25,39
2025-09-28,Uttar Pradesh,Sugarcane,Early,0.33,0.24,0.41,1.7,0.09,Low,1.2,38,17,22
2026-09-17,Maharashtra,Cotton,Early,0.28,0.27,0.25,0.7,0.07,Low,3.3,33,19,29
2026-05-11,Karnataka,Rice,Mature,0.66,0.58,0.71,4.3,0.04,Medium,8.6,43,24,32
2025-07-16,Uttar Pradesh,Sugarcane,Mature,0.73,0.46,0.87,4.5,0.06,High,10.0,46,23,31
2025-09-10,Tamil Nadu,Maize,Vegetative,0.51,0.47,0.51,3.2,0.08,Medium,5.0,48,18,25
2025-10-13,Andhra Pradesh,Cotton,Vegetative,0.51,0.47,0.74,1.9,0.06,Medium,4.1,49,20,34
2026-07-26,Maharashtra,Wheat,Flowering,0.87,0.67,0.91,4.1,0.06,High,8.4,52,22,34
2025-11-02,Punjab,Wheat,Flowering,0.78,0.57,0.81,4.8,0.05,High,8.2,51,23,32
2025-08-19,Maharashtra,Rice,Early,0.4,0.18,0.23,1.3,0.09,Low,1.1,39,16,34
2025-11-01,Punjab,Maize,Mature,0.73,0.52,0.85,3.6,0.06,High,10.4,39,22,39
2025-10-23,Maharashtra,Sugarcane,Mature,0.77,0.56,0.77,4.4,0.05,High,10.0,35,25,40
2026-12-23,Punjab,Wheat,Flowering,0.83,0.59,0.76,4.5,0.04,High,7.8,59,21,31
2025-08-01,Uttar Pradesh,Rice,Early,0.3,0.18,0.36,0.9,0.11,Low,1.0,38,13,24
2026-12-08,Karnataka,Maize,Early,0.39,0.24,0.39,0.6,0.09,Low,1.8,25,11,24
2026-12-23,Punjab,Maize,Flowering,0.81,0.7,0.93,3.6,0.03,High,7.5,41,28,36
2026-05-16,Punjab,Rice,Flowering,0.71,0.63,0.8,3.5,0.03,High,8.4,51,26,36
2025-11-21,Tamil Nadu,Rice,Flowering,0.82,0.69,0.95,4.6,0.06,High,6.7,45,22,41
2026-05-07,Punjab,Sugarcane,Vegetative,0.59,0.35,0.47,2.5,0.08,Medium,6.5,45,20,35
2025-12-24,Tamil Nadu,Rice,Early,0.44,0.17,0.31,1.4,0.09,Low,1.7,26,18,27
2026-07-28,Andhra Pradesh,Sugarcane,Early,0.37,0.19,0.43,0.9,0.08,Low,1.8,39,12,32
2025-10-08,Uttar Pradesh,Sugarcane,Early,0.35,0.15,0.33,1.1,0.08,Low,1.8,26,15,20
2025-10-22,Tamil Nadu,Cotton,Flowering,0.79,0.66,0.8,4.1,0.06,High,7.5,43,20,35
2025-05-05,Karnataka,Maize,Flowering,0.78,0.53,0.93,5.3,0.06,High,7.3,45,22,38
2026-08-11,Uttar Pradesh,Maize,Flowering,0.79,0.67,0.79,3.9,0.04,High,8.1,46,21,36
2026-11-24,Tamil Nadu,Maize,Flowering,0.73,0.61,0.85,4.4,0.06,High,7.1,42,20,30
2026-07-11,Uttar Pradesh,Cotton,Mature,0.66,0.53,0.75,3.6,0.05,Medium,10.3,35,23,34
2026-01-24,Uttar Pradesh,Sugarcane,Flowering,0.78,0.66,0.88,5.1,0.04,High,8.3,41,27,34
2026-02-09,Uttar Pradesh,Sugarcane,Vegetative,0.69,0.49,0.57,2.9,0.08,Medium,6.0,43,16,27
2025-12-20,Andhra Pradesh,Rice,Mature,0.84,0.48,0.86,4.0,0.04,High,7.7,53,27,33
2025-05-30,Karnataka,Cotton,Mature,0.73,0.52,0.8,3.4,0.06,High,9.6,35,24,41
2025-10-25,Maharashtra,Rice,Flowering,0.74,0.68,0.85,3.7,0.04,High,7.5,44,29,38
2025-02-13,Maharashtra,Cotton,Early,0.21,0.23,0.28,1.7,0.1,Low,2.9,37,13,32
2025-10-22,Tamil Nadu,Rice,Flowering,0.87,0.58,0.92,4.6,0.04,High,7.9,59,28,43
2025-03-22,Uttar Pradesh,Wheat,Early,0.24,0.22,0.26,1.7,0.09,Low,1.0,35,13,29
2025-12-21,Tamil Nadu,Maize,Flowering,0.72,0.68,0.92,5.4,0.05,High,7.8,44,27,35
2026-03-29,Andhra Pradesh,Maize,Flowering,0.82,0.67,0.92,4.7,0.05,High,8.3,53,26,38
2026-11-03,Andhra Pradesh,Sugarcane,Early,0.4,0.24,0.21,1.0,0.08,Low,1.8,25,15,32
2025-09-20,Punjab,Wheat,Early,0.21,0.22,0.4,0.5,0.11,Low,2.0,36,14,26
2026-05-06,Andhra Pradesh,Maize,Early,0.4,0.27,0.38,1.7,0.08,Low,1.3,39,12,30
2025-08-08,Punjab,Sugarcane,Early,0.35,0.29,0.4,1.4,0.07,Low,1.3,27,14,28
2025-07-26,Karnataka,Wheat,Vegetative,0.69,0.46,0.75,2.4,0.09,Medium,4.5,39,23,35
2026-07-06,Tamil Nadu,Maize,Early,0.36,0.26,0.2,0.9,0.08,Low,3.5,31,17,30
2025-10-05,Karnataka,Rice,Flowering,0.77,0.66,0.85,4.9,0.05,High,6.8,58,25,38
2026-07-30,Andhra Pradesh,Cotton,Flowering,0.89,0.61,0.91,4.7,0.06,High,7.2,53,24,43
2026-12-14,Karnataka,Wheat,Vegetative,0.63,0.41,0.55,2.1,0.07,Medium,5.5,40,21,37
2025-10-06,Karnataka,Sugarcane,Early,0.28,0.17,0.32,1.5,0.12,Low,2.3,30,18,30
2025-05-21,Karnataka,Wheat,Flowering,0.82,0.59,0.84,5.4,0.05,High,6.8,47,27,37
2025-04-22,Andhra Pradesh,Sugarcane,Vegetative,0.45,0.32,0.5,3.1,0.07,Medium,5.1,40,21,38
2026-09-23,Uttar Pradesh,Wheat,Flowering,0.79,0.67,0.9,5.2,0.06,High,8.1,59,29,30
2026-08-24,Karnataka,Sugarcane,Vegetative,0.69,0.46,0.49,1.9,0.06,Medium,5.4,38,18,30
2025-09-03,Punjab,Maize,Vegetative,0.47,0.31,0.54,2.2,0.07,Medium,5.5,37,23,29
2025-09-06,Andhra Pradesh,Rice,Mature,0.75,0.55,0.72,3.4,0.07,High,8.5,47,19,29
2025-02-21,Karnataka,Maize,Mature,0.73,0.54,0.73,4.4,0.05,High,8.3,40,25,35
2026-11-17,Uttar Pradesh,Rice,Early,0.21,0.18,0.31,1.3,0.08,Low,3.3,34,16,31
2026-06-28,Andhra Pradesh,Maize,Mature,0.78,0.51,0.84,4.8,0.06,High,8.5,48,27,35
2025-08-20,Maharashtra,Maize,Vegetative,0.56,0.5,0.61,3.1,0.05,Medium,5.0,41,16,34
2026-10-16,Uttar Pradesh,Wheat,Flowering,0.73,0.58,0.83,3.7,0.04,High,8.1,56,21,43
2025-08-27,Punjab,Cotton,Flowering,0.8,0.58,0.93,5.0,0.03,High,7.6,47,21,32
2025-02-23,Karnataka,Sugarcane,Early,0.43,0.22,0.42,0.7,0.08,Low,1.9,28,19,33
2025-04-13,Maharashtra,Sugarcane,Mature,0.77,0.53,0.82,4.3,0.07,High,8.7,46,25,38
2026-02-28,Maharashtra,Sugarcane,Early,0.4,0.17,0.26,0.8,0.11,Low,3.0,28,16,22
2025-12-05,Andhra Pradesh,Rice,Vegetative,0.66,0.36,0.47,2.6,0.09,Medium,5.9,41,20,32
2026-04-29,Maharashtra,Sugarcane,Mature,0.82,0.59,0.83,4.5,0.06,High,9.6,41,24,35
2025-04-13,Punjab,Sugarcane,Early,0.26,0.27,0.45,1.4,0.1,Low,1.8,30,19,33
2026-11-29,Punjab,Wheat,Flowering,0.82,0.53,0.93,3.9,0.05,High,7.5,53,21,31
2025-05-21,Tamil Nadu,Maize,Flowering,0.88,0.66,0.89,4.7,0.06,High,7.1,47,26,37
2025-01-06,Punjab,Sugarcane,Early,0.42,0.17,0.22,0.9,0.12,Low,1.1,30,11,25
2026-07-18,Uttar Pradesh,Cotton,Early,0.25,0.18,0.31,0.6,0.07,Low,1.2,34,19,21
2025-06-11,Maharashtra,Sugarcane,Early,0.29,0.18,0.35,1.0,0.08,Low,2.8,37,15,30
2026-02-21,Punjab,Rice,Vegetative,0.5,0.32,0.61,3.2,0.06,Medium,4.9,43,15,30
2026-10-31,Andhra Pradesh,Rice,Vegetative,0.51,0.35,0.54,2.8,0.05,Medium,4.6,37,19,36
2026-05-03,Tamil Nadu,Rice,Flowering,0.76,0.69,0.88,5.5,0.05,High,6.7,50,21,34
2026-05-04,Maharashtra,Sugarcane,Vegetative,0.58,0.44,0.68,3.2,0.08,Medium,6.0,48,22,35
2026-10-29,Tamil Nadu,Wheat,Vegetative,0.58,0.45,0.53,3.4,0.06,Medium,3.7,35,16,26
2025-07-24,Maharashtra,Cotton,Mature,0.76,0.58,0.7,4.7,0.07,High,8.5,42,24,38
2025-10-22,Andhra Pradesh,Sugarcane,Vegetative,0.59,0.39,0.75,1.9,0.08,Medium,4.1,40,22,32
2025-11-25,Tamil Nadu,Wheat,Mature,0.81,0.59,0.82,4.4,0.05,High,9.3,54,19,38
2025-10-20,Karnataka,Wheat,Vegetative,0.64,0.46,0.52,2.9,0.05,Medium,3.6,49,16,36
2026-10-24,Uttar Pradesh,Sugarcane,Flowering,0.75,0.61,0.95,5.2,0.04,High,7.2,58,26,32
2025-03-02,Uttar Pradesh,Sugarcane,Early,0.27,0.24,0.25,1.6,0.1,Low,1.6,28,17,30
2025-04-02,Maharashtra,Wheat,Flowering,0.75,0.64,0.81,3.7,0.04,High,7.7,53,23,37
2026-10-30,Karnataka,Wheat,Vegetative,0.58,0.48,0.68,3.5,0.07,Medium,3.8,48,16,32
2026-08-11,Tamil Nadu,Wheat,Early,0.39,0.15,0.39,1.7,0.09,Low,1.6,31,12,25
2025-08-26,Karnataka,Sugarcane,Early,0.24,0.25,0.29,0.9,0.09,Low,2.4,33,12,25
2026-07-02,Karnataka,Wheat,Early,0.36,0.25,0.28,1.8,0.08,Low,1.4,28,10,22
2025-02-08,Tamil Nadu,Rice,Mature,0.7,0.48,0.9,3.5,0.07,High,8.0,47,21,31
2025-06-29,Andhra Pradesh,Sugarcane,Flowering,0.85,0.53,0.76,5.1,0.06,High,7.4,42,20,32
2026-03-04,Karnataka,Rice,Mature,0.69,0.52,0.89,3.6,0.06,Medium,7.5,48,22,32
2025-06-30,Karnataka,Maize,Early,0.43,0.17,0.27,1.8,0.08,Low,2.8,37,18,24
2025-02-07,Andhra Pradesh,Sugarcane,Flowering,0.74,0.63,0.79,4.8,0.04,High,7.3,57,24,43
2026-02-11,Karnataka,Maize,Flowering,0.77,0.55,0.95,3.6,0.05,High,7.0,43,22,40
2026-05-23,Karnataka,Wheat,Vegetative,0.65,0.47,0.53,2.5,0.08,Medium,3.8,42,24,26
2025-07-10,Karnataka,Wheat,Mature,0.83,0.49,0.82,3.2,0.04,High,8.7,48,25,30
2025-10-24,Uttar Pradesh,Cotton,Mature,0.73,0.51,0.8,3.4,0.05,High,9.6,49,25,40
2025-02-08,Punjab,Wheat,Vegetative,0.51,0.37,0.56,1.9,0.07,Medium,5.6,37,15,30
2025-01-10,Andhra Pradesh,Maize,Mature,0.72,0.47,0.82,3.6,0.06,High,9.7,44,21,36
2025-11-02,Karnataka,Wheat,Early,0.33,0.19,0.43,1.5,0.09,Low,3.4,39,12,23
2026-08-05,Uttar Pradesh,Sugarcane,Early,0.22,0.23,0.42,1.6,0.1,Low,2.0,37,18,34
2026-09-10,Andhra Pradesh,Wheat,Mature,0.81,0.5,0.81,3.7,0.03,High,9.8,40,24,29
2025-04-20,Maharashtra,Cotton,Vegetative,0.66,0.47,0.57,2.8,0.09,Medium,6.2,48,15,26
2025-12-10,Maharashtra,Wheat,Flowering,0.72,0.54,0.93,5.5,0.05,High,7.7,54,26,44
2025-10-19,Karnataka,Maize,Mature,0.73,0.53,0.77,3.3,0.06,High,8.1,53,23,28
2026-04-11,Uttar Pradesh,Maize,Flowering,0.85,0.63,0.95,4.4,0.05,High,8.1,48,24,43
2026-10-19,Uttar Pradesh,Wheat,Vegetative,0.46,0.37,0.6,1.8,0.09,Medium,4.4,38,19,36
2026-07-11,Andhra Pradesh,Maize,Flowering,0.73,0.57,0.84,4.5,0.06,High,7.3,48,29,31
2026-06-21,Andhra Pradesh,Maize,Vegetative,0.46,0.4,0.57,2.7,0.06,Medium,5.0,41,20,25
2026-05-21,Uttar Pradesh,Cotton,Vegetative,0.61,0.42,0.65,3.1,0.09,Medium,4.3,41,24,39
2025-05-18,Andhra Pradesh,Sugarcane,Early,0.23,0.27,0.26,1.0,0.08,Low,1.5,28,13,33
2026-06-01,Uttar Pradesh,Cotton,Early,0.44,0.16,0.39,0.6,0.08,Low,3.2,36,12,21
2026-04-25,Punjab,Rice,Vegetative,0.69,0.35,0.48,2.2,0.05,Medium,4.0,41,16,30
2025-10-07,Uttar Pradesh,Cotton,Mature,0.74,0.5,0.78,4.6,0.04,High,8.2,37,19,32
2025-07-17,Maharashtra,Wheat,Early,0.4,0.22,0.33,1.7,0.09,Low,1.1,28,17,24
2025-04-26,Andhra Pradesh,Sugarcane,Vegetative,0.45,0.35,0.56,2.3,0.07,Medium,5.1,43,22,39
2025-12-05,Uttar Pradesh,Wheat,Flowering,0.71,0.55,0.82,4.8,0.03,High,7.4,43,27,35
2025-06-16,Uttar Pradesh,Rice,Flowering,0.81,0.61,0.95,4.6,0.05,High,6.7,58,25,41
2026-04-15,Andhra Pradesh,Sugarcane,Mature,0.82,0.57,0.88,3.6,0.07,High,8.7,52,27,41
2026-10-26,Punjab,Maize,Flowering,0.85,0.64,0.81,4.0,0.04,High,6.9,56,21,38
2025-09-21,Punjab,Cotton,Flowering,0.88,0.68,0.82,4.0,0.05,High,7.0,59,23,36
2025-07-10,Andhra Pradesh,Wheat,Vegetative,0.54,0.49,0.54,2.1,0.09,Medium,4.4,39,24,30
2025-01-15,Tamil Nadu,Rice,Flowering,0.79,0.54,0.87,4.9,0.03,High,8.0,53,23,33
2025-12-12,Andhra Pradesh,Maize,Flowering,0.83,0.58,0.89,4.5,0.03,High,8.1,56,24,31
2025-10-30,Andhra Pradesh,Cotton,Flowering,0.84,0.58,0.91,4.7,0.04,High,6.9,49,29,41
2026-08-05,Punjab,Maize,Flowering,0.85,0.69,0.82,4.4,0.04,High,7.1,46,28,31
2026-11-22,Punjab,Cotton,Vegetative,0.56,0.4,0.55,2.3,0.08,Medium,3.7,35,21,34
2025-07-17,Andhra Pradesh,Sugarcane,Flowering,0.8,0.68,0.87,5.4,0.06,High,7.4,57,21,33
2025-06-29,Andhra Pradesh,Maize,Mature,0.81,0.55,0.85,3.7,0.06,High,9.0,35,23,35
2026-09-18,Andhra Pradesh,Maize,Early,0.38,0.28,0.22,1.6,0.11,Low,1.9,39,11,26
2026-10-17,Punjab,Maize,Mature,0.81,0.55,0.79,4.6,0.04,High,10.0,50,23,29
2026-02-20,Andhra Pradesh,Sugarcane,Early,0.45,0.25,0.39,1.0,0.12,Medium,2.4,36,19,30
2026-03-14,Andhra Pradesh,Rice,Mature,0.78,0.58,0.74,4.3,0.03,High,10.3,46,24,34
2026-06-12,Karnataka,Cotton,Early,0.23,0.25,0.21,1.1,0.08,Low,2.2,39,11,20
2025-12-02,Tamil Nadu,Maize,Early,0.44,0.22,0.43,1.6,0.11,Low,2.5,25,15,34
2025-03-30,Maharashtra,Sugarcane,Early,0.41,0.25,0.21,1.0,0.1,Low,2.8,39,19,31
2026-02-15,Tamil Nadu,Rice,Early,0.43,0.25,0.38,0.9,0.11,Low,2.8,35,13,28
2026-11-17,Karnataka,Cotton,Vegetative,0.63,0.34,0.63,1.8,0.07,Medium,5.8,44,20,38
2025-04-08,Maharashtra,Sugarcane,Mature,0.77,0.47,0.78,3.0,0.05,High,10.0,45,24,31
2025-07-09,Andhra Pradesh,Cotton,Early,0.41,0.19,0.42,1.4,0.08,Low,3.5,27,18,33
2025-05-24,Karnataka,Maize,Mature,0.78,0.57,0.73,3.8,0.06,High,7.6,39,21,28
2026-05-04,Andhra Pradesh,Rice,Flowering,0.85,0.67,0.83,4.3,0.05,High,8.0,53,29,40
2025-11-28,Punjab,Sugarcane,Early,0.29,0.26,0.33,0.6,0.08,Low,3.1,27,16,33
2025-09-12,Uttar Pradesh,Rice,Mature,0.84,0.51,0.84,4.1,0.04,High,10.3,47,24,41
2025-01-07,Karnataka,Maize,Vegetative,0.53,0.37,0.48,2.9,0.06,Medium,5.4,38,24,26
2025-09-25,Punjab,Rice,Mature,0.83,0.48,0.71,4.7,0.06,High,9.6,41,26,32
2026-01-28,Karnataka,Rice,Early,0.24,0.25,0.31,1.2,0.07,Low,3.2,29,11,21
2025-08-30,Karnataka,Wheat,Flowering,0.85,0.65,0.77,5.3,0.04,High,6.9,51,27,44
2026-04-03,Punjab,Rice,Mature,0.67,0.53,0.76,3.9,0.04,Medium,10.0,38,27,39
2025-10-01,Maharashtra,Cotton,Flowering,0.87,0.67,0.95,4.2,0.05,High,7.0,46,25,32
2025-12-04,Tamil Nadu,Sugarcane,Vegetative,0.58,0.45,0.68,2.9,0.05,Medium,3.7,42,23,36
2025-11-06,Andhra Pradesh,Wheat,Mature,0.83,0.45,0.71,3.3,0.06,High,9.1,41,24,40
2026-08-20,Karnataka,Sugarcane,Mature,0.74,0.46,0.85,4.5,0.03,High,8.2,44,25,37
2026-08-10,Andhra Pradesh,Sugarcane,Vegetative,0.66,0.32,0.65,2.2,0.05,Medium,5.5,43,17,26
2025-01-12,Uttar Pradesh,Maize,Vegetative,0.47,0.31,0.5,2.1,0.07,Medium,4.0,36,24,37
2025-09-25,Punjab,Maize,Vegetative,0.69,0.38,0.57,3.3,0.07,Medium,6.1,44,18,25
2026-11-01,Andhra Pradesh,Wheat,Early,0.26,0.22,0.43,0.9,0.12,Low,1.1,25,15,27
2026-01-04,Punjab,Maize,Early,0.37,0.3,0.38,1.4,0.11,Low,1.4,39,10,31
2026-12-11,Andhra Pradesh,Maize,Mature,0.84,0.56,0.84,4.2,0.07,High,8.4,43,18,33
2025-08-30,Tamil Nadu,Maize,Mature,0.83,0.58,0.72,4.7,0.04,High,8.5,54,23,38
2025-03-05,Tamil Nadu,Sugarcane,Mature,0.67,0.49,0.8,4.5,0.04,Medium,7.8,41,21,30
2026-11-15,Tamil Nadu,Wheat,Flowering,0.71,0.54,0.89,5.2,0.05,High,8.1,52,27,30
2025-05-02,Tamil Nadu,Sugarcane,Vegetative,0.64,0.36,0.48,3.2,0.08,Medium,6.0,37,16,38
2026-04-22,Tamil Nadu,Cotton,Mature,0.84,0.55,0.86,3.8,0.03,High,8.0,48,27,34
2025-11-11,Tamil Nadu,Sugarcane,Vegetative,0.57,0.47,0.61,2.0,0.07,Medium,6.5,42,17,25
2025-06-13,Punjab,Cotton,Early,0.26,0.21,0.29,1.7,0.1,Low,2.1,39,11,21
2026-02-20,Karnataka,Rice,Vegetative,0.5,0.32,0.53,3.0,0.07,Medium,5.2,45,21,38
2026-12-04,Andhra Pradesh,Rice,Flowering,0.76,0.69,0.8,3.8,0.04,High,6.6,40,28,42
2026-05-30,Tamil Nadu,Cotton,Flowering,0.86,0.68,0.75,4.8,0.05,High,8.4,42,28,42
2026-12-22,Punjab,Cotton,Vegetative,0.58,0.39,0.69,3.3,0.05,Medium,6.0,44,23,34
2025-11-15,Punjab,Sugarcane,Flowering,0.85,0.56,0.81,5.3,0.04,High,7.6,59,27,34
2026-12-08,Punjab,Cotton,Flowering,0.79,0.65,0.85,4.1,0.04,High,7.3,52,21,44
2025-05-01,Karnataka,Wheat,Early,0.22,0.28,0.34,1.3,0.08,Low,1.6,28,17,23
2026-10-17,Andhra Pradesh,Rice,Mature,0.72,0.55,0.75,3.8,0.07,High,9.4,39,27,34
2025-10-30,Karnataka,Rice,Flowering,0.82,0.53,0.85,4.0,0.06,High,7.0,54,23,35
2026-01-12,Maharashtra,Cotton,Mature,0.75,0.6,0.89,3.5,0.05,High,9.8,36,21,34
2026-09-22,Punjab,Maize,Vegetative,0.61,0.4,0.56,2.5,0.08,Medium,6.4,43,24,36
2025-08-15,Maharashtra,Maize,Vegetative,0.59,0.41,0.57,2.9,0.07,Medium,3.6,39,20,38
2025-08-13,Uttar Pradesh,Cotton,Flowering,0.71,0.52,0.87,4.9,0.05,High,8.0,46,21,33
2025-05-17,Tamil Nadu,Wheat,Vegetative,0.55,0.34,0.54,2.8,0.08,Medium,5.6,38,15,36
2026-05-05,Tamil Nadu,Maize,Early,0.44,0.28,0.21,1.2,0.11,Low,1.6,39,19,32
2025-06-06,Karnataka,Cotton,Flowering,0.82,0.7,0.82,4.6,0.04,High,8.3,44,29,36
2026-04-11,Andhra Pradesh,Wheat,Flowering,0.88,0.53,0.77,4.8,0.04,High,7.6,59,24,44
2026-09-13,Maharashtra,Wheat,Flowering,0.71,0.7,0.84,5.4,0.05,High,7.2,53,23,44
2026-01-18,Andhra Pradesh,Sugarcane,Vegetative,0.51,0.43,0.74,2.3,0.08,Medium,5.0,48,16,33
2026-03-02,Karnataka,Wheat,Vegetative,0.69,0.39,0.74,2.6,0.07,Medium,5.9,48,16,38
2026-12-20,Tamil Nadu,Maize,Flowering,0.78,0.66,0.94,3.5,0.05,High,8.2,53,26,36
2026-07-17,Andhra Pradesh,Maize,Mature,0.75,0.57,0.74,4.0,0.06,High,9.0,38,22,31
2026-04-28,Andhra Pradesh,Cotton,Vegetative,0.66,0.43,0.5,1.9,0.06,Medium,3.6,41,19,34
2026-07-05,Tamil Nadu,Cotton,Vegetative,0.68,0.38,0.56,2.5,0.07,Medium,5.5,44,22,28
2026-11-12,Maharashtra,Wheat,Flowering,0.79,0.54,0.76,4.4,0.04,High,7.4,47,24,34
2025-08-12,Tamil Nadu,Rice,Mature,0.84,0.54,0.72,3.4,0.05,High,8.5,54,26,37
2025-09-11,Andhra Pradesh,Sugarcane,Flowering,0.86,0.64,0.93,3.9,0.04,High,8.1,45,29,35
2026-11-28,Maharashtra,Rice,Vegetative,0.49,0.44,0.51,3.3,0.06,Medium,4.5,35,19,30
2026-09-03,Maharashtra,Wheat,Flowering,0.75,0.53,0.79,4.9,0.05,High,8.5,55,24,39
2025-03-25,Tamil Nadu,Wheat,Flowering,0.8,0.53,0.78,4.7,0.05,High,8.0,49,23,35
2026-06-23,Andhra Pradesh,Rice,Flowering,0.7,0.52,0.9,5.3,0.04,High,8.1,52,23,32
2026-04-03,Karnataka,Sugarcane,Mature,0.69,0.46,0.74,3.7,0.05,Medium,8.4,36,21,29
2026-06-25,Andhra Pradesh,Rice,Flowering,0.89,0.53,0.89,3.9,0.04,High,8.1,43,24,38
2026-12-22,Punjab,Cotton,Vegetative,0.55,0.35,0.65,2.1,0.08,Medium,4.3,36,21,39
2026-01-06,Uttar Pradesh,Maize,Flowering,0.76,0.65,0.88,4.6,0.04,High,7.8,53,24,35
2025-03-21,Karnataka,Cotton,Mature,0.77,0.49,0.77,3.0,0.06,High,9.8,38,21,34
2026-08-01,Maharashtra,Maize,Early,0.3,0.2,0.28,1.7,0.07,Low,2.9,25,12,22
2025-04-25,Karnataka,Wheat,Mature,0.77,0.56,0.84,4.6,0.06,High,7.9,47,20,32
2025-03-05,Maharashtra,Sugarcane,Flowering,0.77,0.66,0.94,4.0,0.06,High,8.0,50,24,39
2026-07-15,Maharashtra,Rice,Early,0.41,0.27,0.44,1.1,0.07,Low,2.9,28,11,26
2026-06-02,Karnataka,Sugarcane,Flowering,0.86,0.59,0.93,5.0,0.05,High,6.7,42,26,35
2025-07-27,Maharashtra,Rice,Mature,0.71,0.5,0.78,4.5,0.03,High,8.2,48,21,31
2026-08-10,Maharashtra,Cotton,Early,0.22,0.23,0.34,1.2,0.08,Low,1.6,26,13,22
2026-07-04,Punjab,Cotton,Early,0.21,0.26,0.38,1.5,0.08,Low,2.6,39,19,26
2025-06-03,Andhra Pradesh,Rice,Flowering,0.84,0.52,0.79,4.8,0.04,High,8.0,56,20,37
2025-06-18,Andhra Pradesh,Sugarcane,Flowering,0.7,0.64,0.8,3.6,0.05,High,8.0,52,23,42
2025-12-02,Uttar Pradesh,Rice,Mature,0.79,0.53,0.76,3.3,0.04,High,10.1,39,22,41
2026-06-17,Uttar Pradesh,Wheat,Flowering,0.77,0.58,0.8,4.6,0.04,High,6.7,50,24,43
2026-03-29,Punjab,Cotton,Early,0.36,0.2,0.29,1.1,0.1,Low,2.5,35,19,25
2025-04-30,Uttar Pradesh,Wheat,Vegetative,0.65,0.34,0.64,3.4,0.07,Medium,4.1,42,22,26
2026-11-28,Karnataka,Cotton,Vegetative,0.54,0.44,0.68,2.7,0.08,Medium,4.5,39,23,31
2025-07-30,Tamil Nadu,Cotton,Mature,0.7,0.55,0.83,3.9,0.06,High,8.9,47,21,39
2026-08-21,Tamil Nadu,Maize,Flowering,0.8,0.61,0.75,5.5,0.04,High,6.7,48,20,38
2026-05-16,Tamil Nadu,Wheat,Mature,0.79,0.46,0.83,4.6,0.07,High,8.1,41,22,37
2025-04-04,Punjab,Wheat,Vegetative,0.53,0.31,0.45,2.3,0.07,Medium,3.5,37,23,36
2026-06-07,Punjab,Maize,Vegetative,0.59,0.4,0.59,1.9,0.08,Medium,4.9,48,16,35
2026-04-02,Maharashtra,Sugarcane,Flowering,0.76,0.65,0.75,4.5,0.04,High,8.4,45,24,34
2025-02-26,Tamil Nadu,Wheat,Early,0.25,0.23,0.34,0.6,0.09,Low,2.2,28,18,28
2026-04-10,Karnataka,Rice,Flowering,0.77,0.6,0.78,4.7,0.04,High,8.4,48,26,39
2025-05-16,Uttar Pradesh,Maize,Vegetative,0.58,0.48,0.7,3.0,0.06,Medium,5.5,46,24,38
2026-06-10,Karnataka,Wheat,Early,0.27,0.25,0.35,1.0,0.1,Low,1.2,26,16,34
2026-03-02,Uttar Pradesh,Sugarcane,Mature,0.82,0.51,0.71,3.8,0.04,High,7.9,36,24,28
2026-04-13,Tamil Nadu,Wheat,Vegetative,0.69,0.31,0.57,2.1,0.08,Medium,3.7,38,19,26
2026-08-01,Tamil Nadu,Cotton,Mature,0.69,0.53,0.79,4.2,0.03,Medium,10.2,39,23,34
2025-03-01,Tamil Nadu,Rice,Early,0.44,0.29,0.44,0.6,0.09,Low,1.2,28,18,26
2026-07-27,Punjab,Maize,Mature,0.71,0.47,0.81,3.6,0.05,High,9.2,48,25,33
2026-04-19,Uttar Pradesh,Cotton,Vegetative,0.57,0.39,0.71,3.4,0.06,Medium,3.7,45,15,38
2026-11-20,Punjab,Sugarcane,Flowering,0.71,0.66,0.8,4.2,0.04,High,8.4,47,27,34
2025-11-12,Punjab,Cotton,Mature,0.85,0.47,0.88,4.7,0.06,High,7.5,51,24,29
2025-01-23,Andhra Pradesh,Cotton,Vegetative,0.7,0.47,0.58,3.0,0.07,High,4.6,37,22,35
2026-02-10,Karnataka,Sugarcane,Vegetative,0.7,0.46,0.61,2.4,0.08,High,5.3,42,20,33
2025-09-18,Karnataka,Cotton,Early,0.44,0.23,0.27,1.0,0.1,Low,1.9,38,16,29
2025-01-04,Maharashtra,Maize,Vegetative,0.45,0.34,0.69,3.3,0.07,Medium,5.2,37,17,33
2025-08-12,Punjab,Wheat,Flowering,0.84,0.64,0.75,4.8,0.03,High,8.4,55,22,40
2026-08-16,Uttar Pradesh,Cotton,Flowering,0.81,0.63,0.92,5.3,0.04,High,8.2,43,29,43
2025-03-16,Andhra Pradesh,Maize,Mature,0.66,0.49,0.87,4.7,0.05,Medium,10.4,51,22,40
2025-02-16,Andhra Pradesh,Wheat,Mature,0.7,0.55,0.78,3.2,0.03,High,9.9,43,27,30
2026-03-10,Karnataka,Wheat,Mature,0.84,0.58,0.78,4.3,0.06,High,10.1,38,20,30
2025-12-19,Punjab,Cotton,Mature,0.78,0.49,0.79,3.4,0.03,High,9.3,45,27,38
2026-12-19,Maharashtra,Maize,Flowering,0.72,0.67,0.82,3.8,0.05,High,7.7,58,25,37
2025-03-07,Punjab,Cotton,Early,0.2,0.2,0.2,1.2,0.09,Low,3.0,27,13,24
2026-07-09,Tamil Nadu,Sugarcane,Mature,0.69,0.51,0.83,3.3,0.06,Medium,8.5,49,20,36
2025-03-03,Punjab,Wheat,Early,0.41,0.24,0.34,1.4,0.11,Low,2.6,38,18,23
2025-03-12,Tamil Nadu,Cotton,Vegetative,0.61,0.41,0.5,2.0,0.07,Medium,4.0,35,16,28
2026-04-29,Tamil Nadu,Wheat,Vegetative,0.56,0.36,0.63,2.6,0.06,Medium,6.1,43,18,36
2025-02-02,Maharashtra,Maize,Mature,0.67,0.51,0.78,3.9,0.03,Medium,7.8,49,19,36
2025-10-21,Uttar Pradesh,Rice,Vegetative,0.51,0.34,0.6,1.8,0.08,Medium,6.1,38,24,35
2026-02-23,Karnataka,Cotton,Early,0.23,0.24,0.24,0.6,0.09,Low,1.5,31,16,31
2025-07-04,Punjab,Cotton,Early,0.23,0.23,0.32,1.4,0.1,Low,1.3,25,17,21
2025-05-19,Tamil Nadu,Wheat,Vegetative,0.52,0.45,0.7,2.2,0.09,Medium,3.6,38,15,31
2026-10-19,Punjab,Maize,Mature,0.79,0.47,0.78,3.3,0.04,High,7.6,53,25,28
2026-10-24,Uttar Pradesh,Sugarcane,Early,0.36,0.22,0.34,1.0,0.1,Low,3.4,26,18,32
2026-03-07,Karnataka,Maize,Early,0.43,0.16,0.35,1.0,0.1,Low,2.3,39,15,34
2026-01-19,Uttar Pradesh,Cotton,Flowering,0.87,0.6,0.81,4.9,0.05,High,8.1,50,23,44
2026-01-27,Karnataka,Sugarcane,Mature,0.73,0.5,0.84,3.5,0.05,High,8.9,54,22,35
2026-04-05,Andhra Pradesh,Maize,Flowering,0.87,0.5,0.87,3.5,0.05,High,7.0,48,20,44
2026-01-22,Karnataka,Rice,Vegetative,0.65,0.48,0.57,3.3,0.06,Medium,4.2,39,22,29
2026-01-20,Maharashtra,Wheat,Vegetative,0.66,0.49,0.75,2.6,0.08,Medium,3.9,45,16,37
2025-03-24,Uttar Pradesh,Maize,Flowering,0.78,0.64,0.77,5.5,0.05,High,8.2,41,29,33
2026-12-01,Tamil Nadu,Maize,Mature,0.66,0.53,0.77,3.2,0.04,Medium,9.4,43,27,37
2026-11-09,Andhra Pradesh,Rice,Early,0.3,0.21,0.37,0.6,0.08,Low,1.5,32,18,30
2026-07-07,Maharashtra,Cotton,Vegetative,0.55,0.48,0.57,2.6,0.06,Medium,3.5,48,15,36
2025-05-17,Punjab,Wheat,Mature,0.79,0.5,0.79,3.5,0.06,High,10.0,48,22,32
2026-11-01,Uttar Pradesh,Maize,Mature,0.79,0.59,0.83,3.6,0.06,High,9.6,37,26,38
2025-12-23,Tamil Nadu,Sugarcane,Vegetative,0.48,0.32,0.68,2.1,0.06,Medium,6.0,48,21,33
2025-05-02,Karnataka,Maize,Vegetative,0.57,0.41,0.63,3.4,0.06,Medium,4.1,37,21,39
2025-07-02,Tamil Nadu,Wheat,Mature,0.72,0.46,0.74,4.2,0.05,High,7.7,49,22,29
2026-07-05,Punjab,Maize,Early,0.2,0.19,0.2,1.4,0.09,Low,3.5,29,13,20
2026-02-07,Andhra Pradesh,Rice,Flowering,0.76,0.65,0.89,5.3,0.05,High,7.3,46,21,34
2026-06-26,Andhra Pradesh,Maize,Vegetative,0.52,0.3,0.73,3.0,0.08,Medium,5.2,47,23,35
2025-05-11,Uttar Pradesh,Maize,Flowering,0.78,0.64,0.82,5.2,0.06,High,8.3,47,23,43
2025-08-17,Andhra Pradesh,Sugarcane,Mature,0.68,0.52,0.8,3.5,0.06,Medium,8.3,46,18,37
2025-01-04,Uttar Pradesh,Rice,Flowering,0.88,0.54,0.92,3.8,0.04,High,7.6,55,20,34
2025-01-24,Uttar Pradesh,Rice,Early,0.34,0.29,0.41,1.7,0.11,Low,3.1,34,16,33
2025-11-02,Uttar Pradesh,Maize,Mature,0.69,0.45,0.73,3.4,0.04,Medium,7.8,46,23,39
2026-04-20,Karnataka,Sugarcane,Early,0.24,0.26,0.28,1.2,0.11,Low,2.9,33,13,23
2026-11-21,Maharashtra,Maize,Mature,0.84,0.55,0.77,4.3,0.05,High,8.5,41,21,39
2026-07-12,Uttar Pradesh,Maize,Early,0.26,0.19,0.32,1.3,0.08,Low,3.2,25,11,23
2026-03-11,Uttar Pradesh,Wheat,Mature,0.71,0.46,0.8,3.8,0.05,High,9.4,51,25,31
2026-06-29,Maharashtra,Wheat,Early,0.26,0.25,0.21,1.4,0.09,Low,2.7,36,11,21
2026-01-24,Tamil Nadu,Sugarcane,Mature,0.8,0.48,0.89,4.2,0.07,High,8.1,52,24,29
2025-08-24,Uttar Pradesh,Cotton,Early,0.41,0.18,0.21,0.8,0.09,Low,2.9,29,17,20
2025-09-11,Karnataka,Wheat,Mature,0.85,0.54,0.84,4.0,0.06,High,10.4,39,19,30
2026-04-17,Andhra Pradesh,Cotton,Early,0.33,0.3,0.22,0.9,0.09,Low,2.8,38,13,26
2025-12-21,Andhra Pradesh,Rice,Vegetative,0.61,0.35,0.55,3.5,0.08,Medium,6.1,37,18,25
2025-06-08,Punjab,Wheat,Flowering,0.76,0.56,0.92,4.0,0.05,High,7.9,58,21,37
2025-10-10,Punjab,Wheat,Mature,0.7,0.5,0.83,3.1,0.06,High,10.2,46,25,34
2025-07-13,Andhra Pradesh,Sugarcane,Early,0.43,0.19,0.27,0.8,0.09,Low,3.0,27,15,22
2025-04-26,Andhra Pradesh,Cotton,Vegetative,0.6,0.35,0.52,1.8,0.08,Medium,6.0,45,18,38
2025-02-02,Karnataka,Wheat,Mature,0.68,0.45,0.82,3.7,0.06,Medium,9.7,54,23,31
2026-11-08,Maharashtra,Wheat,Mature,0.68,0.48,0.76,3.2,0.04,Medium,9.7,38,21,37
2026-03-06,Punjab,Sugarcane,Mature,0.74,0.5,0.78,4.3,0.05,High,7.5,43,22,41
2026-09-22,Maharashtra,Sugarcane,Flowering,0.88,0.5,0.88,4.6,0.06,High,7.0,45,23,39
2025-01-17,Karnataka,Cotton,Early,0.33,0.2,0.21,1.4,0.08,Low,1.1,32,16,34
2025-09-04,Andhra Pradesh,Rice,Early,0.2,0.17,0.37,0.6,0.11,Low,1.8,34,15,32
2025-07-31,Uttar Pradesh,Rice,Mature,0.68,0.59,0.79,4.4,0.03,Medium,7.7,53,26,34
2025-03-10,Maharashtra,Maize,Mature,0.69,0.48,0.76,4.6,0.05,Medium,9.5,44,25,36
2025-04-14,Andhra Pradesh,Wheat,Mature,0.7,0.5,0.71,3.7,0.06,High,8.6,52,21,38
2026-09-01,Andhra Pradesh,Cotton,Vegetative,0.56,0.5,0.66,2.7,0.07,Medium,3.6,36,17,38
2025-02-04,Tamil Nadu,Wheat,Mature,0.82,0.55,0.78,3.1,0.06,High,10.2,39,27,39
2026-04-03,Maharashtra,Cotton,Flowering,0.7,0.65,0.79,5.1,0.04,High,7.2,50,23,33
2026-09-05,Uttar Pradesh,Cotton,Early,0.35,0.21,0.22,1.4,0.08,Low,3.5,36,13,22
2026-11-20,Maharashtra,Cotton,Flowering,0.89,0.52,0.81,4.0,0.03,High,8.4,44,29,31
2026-12-22,Andhra Pradesh,Wheat,Mature,0.8,0.51,0.7,3.0,0.04,High,9.0,48,21,35
2025-02-19,Uttar Pradesh,Sugarcane,Vegetative,0.49,0.46,0.55,2.3,0.08,Medium,6.3,46,24,28
2025-09-08,Karnataka,Wheat,Mature,0.67,0.59,0.74,3.4,0.07,Medium,10.4,39,19,31
2025-02-15,Tamil Nadu,Cotton,Mature,0.75,0.57,0.81,3.2,0.04,High,10.1,37,21,38
2026-02-16,Andhra Pradesh,Maize,Mature,0.75,0.53,0.71,4.7,0.06,High,8.4,54,20,31
2026-03-26,Punjab,Rice,Mature,0.7,0.59,0.76,4.5,0.04,High,10.3,39,26,31
2025-08-28,Punjab,Cotton,Mature,0.84,0.52,0.81,4.1,0.06,High,7.7,52,26,38
2026-07-07,Tamil Nadu,Maize,Early,0.25,0.24,0.36,0.7,0.11,Low,3.2,39,10,30
2025-08-11,Karnataka,Sugarcane,Flowering,0.83,0.64,0.85,4.9,0.04,High,6.8,54,28,31
2025-02-27,Andhra Pradesh,Cotton,Vegetative,0.56,0.4,0.59,2.8,0.05,Medium,6.5,35,16,27
2025-05-24,Maharashtra,Maize,Mature,0.77,0.59,0.71,3.1,0.05,High,8.4,39,18,40
2026-05-31,Tamil Nadu,Cotton,Vegetative,0.61,0.47,0.52,2.9,0.05,Medium,5.1,45,20,31
2025-10-24,Karnataka,Wheat,Early,0.44,0.3,0.26,0.5,0.1,Low,2.6,26,17,26
2025-08-28,Maharashtra,Maize,Flowering,0.87,0.54,0.79,5.0,0.05,High,6.6,52,24,32
2026-08-13,Punjab,Wheat,Mature,0.82,0.51,0.89,4.8,0.06,High,9.5,50,21,35
2025-11-23,Punjab,Wheat,Early,0.23,0.26,0.36,1.1,0.09,Low,1.8,25,19,32
2026-08-15,Maharashtra,Maize,Early,0.41,0.27,0.44,1.4,0.1,Low,1.7,38,16,32
2026-09-05,Tamil Nadu,Rice,Flowering,0.75,0.55,0.86,4.3,0.03,High,7.8,44,24,31
2026-11-20,Punjab,Maize,Mature,0.82,0.45,0.84,3.1,0.04,High,9.6,54,19,38
2025-11-25,Andhra Pradesh,Rice,Flowering,0.73,0.55,0.89,4.7,0.05,High,8.0,46,25,40
2025-08-31,Uttar Pradesh,Cotton,Flowering,0.77,0.67,0.8,4.4,0.04,High,8.3,47,22,36
2025-11-06,Maharashtra,Cotton,Vegetative,0.69,0.37,0.65,2.4,0.08,Medium,6.2,35,22,28
2025-05-27,Maharashtra,Maize,Vegetative,0.58,0.35,0.59,2.5,0.06,Medium,4.8,35,22,29
2026-11-08,Punjab,Cotton,Flowering,0.72,0.64,0.83,3.8,0.06,High,8.3,51,26,38
2026-06-18,Tamil Nadu,Sugarcane,Vegetative,0.53,0.39,0.6,3.2,0.05,Medium,4.8,35,24,36
2025-08-15,Andhra Pradesh,Wheat,Early,0.34,0.22,0.44,1.1,0.1,Low,1.9,31,14,29
2026-02-28,Tamil Nadu,Wheat,Flowering,0.73,0.58,0.93,4.3,0.06,High,7.2,41,25,44
2025-11-04,Karnataka,Rice,Mature,0.83,0.55,0.89,4.0,0.05,High,9.9,38,22,35
2025-10-09,Karnataka,Cotton,Mature,0.74,0.49,0.77,3.1,0.04,High,8.5,42,18,32
2025-03-04,Uttar Pradesh,Rice,Early,0.28,0.21,0.35,1.0,0.09,Low,1.7,30,19,32
2026-07-25,Punjab,Wheat,Mature,0.65,0.46,0.89,3.3,0.05,Medium,10.0,43,18,39
2026-08-29,Punjab,Wheat,Mature,0.66,0.48,0.71,3.9,0.07,Medium,10.0,44,18,35
2025-06-29,Punjab,Cotton,Flowering,0.8,0.67,0.78,4.6,0.04,High,7.9,50,24,33
2026-10-04,Uttar Pradesh,Sugarcane,Early,0.36,0.17,0.43,1.0,0.1,Low,1.4,28,13,34
2026-11-27,Karnataka,Sugarcane,Flowering,0.88,0.51,0.83,4.0,0.04,High,8.2,58,24,34
2026-03-14,Tamil Nadu,Cotton,Early,0.31,0.18,0.34,1.6,0.09,Low,2.3,27,11,28
2026-07-24,Uttar Pradesh,Cotton,Flowering,0.78,0.57,0.93,3.6,0.06,High,6.5,52,27,31
2026-05-23,Uttar Pradesh,Rice,Flowering,0.74,0.63,0.93,3.8,0.03,High,7.1,43,28,39
2025-02-18,Tamil Nadu,Cotton,Vegetative,0.54,0.47,0.54,2.4,0.07,Medium,3.8,49,16,30
2025-12-19,Punjab,Sugarcane,Mature,0.78,0.6,0.7,3.7,0.06,High,8.8,44,20,37
2026-10-21,Andhra Pradesh,Cotton,Early,0.44,0.2,0.29,1.3,0.09,Low,1.5,35,16,31
2026-11-19,Tamil Nadu,Rice,Mature,0.78,0.51,0.84,4.2,0.05,High,9.6,39,27,29
2026-01-26,Karnataka,Rice,Vegetative,0.5,0.35,0.47,3.0,0.06,Medium,3.8,36,21,29
2026-06-22,Maharashtra,Rice,Early,0.4,0.25,0.28,0.6,0.1,Low,1.9,34,16,30
2025-11-23,Maharashtra,Rice,Vegetative,0.53,0.33,0.59,3.2,0.08,Medium,6.0,40,19,39
2026-12-15,Uttar Pradesh,Maize,Mature,0.82,0.52,0.76,4.3,0.07,High,10.4,35,18,37
2026-03-03,Maharashtra,Cotton,Flowering,0.86,0.64,0.89,3.6,0.04,High,8.1,44,23,31
2026-02-23,Andhra Pradesh,Wheat,Vegetative,0.59,0.46,0.68,2.9,0.05,Medium,5.7,36,23,37
2025-06-02,Punjab,Cotton,Vegetative,0.57,0.45,0.71,2.2,0.07,Medium,5.1,46,22,27
2025-11-04,Karnataka,Maize,Flowering,0.86,0.61,0.86,4.2,0.04,High,7.5,42,22,33
2026-01-21,Andhra Pradesh,Rice,Mature,0.83,0.53,0.81,3.8,0.03,High,10.1,46,26,34
2025-07-08,Karnataka,Maize,Vegetative,0.6,0.42,0.61,2.1,0.06,Medium,5.1,45,22,25
2026-07-05,Karnataka,Sugarcane,Mature,0.68,0.56,0.88,4.0,0.03,Medium,8.6,47,21,29
2026-04-30,Punjab,Sugarcane,Flowering,0.8,0.56,0.94,4.0,0.04,High,8.4,46,20,32
2025-09-04,Uttar Pradesh,Cotton,Early,0.41,0.18,0.26,1.5,0.09,Low,2.0,38,11,30
2025-08-19,Maharashtra,Cotton,Vegetative,0.55,0.42,0.53,2.4,0.07,Medium,6.1,37,18,28
2025-11-04,Punjab,Wheat,Mature,0.69,0.49,0.83,4.4,0.05,Medium,8.5,41,24,28
2026-12-26,Andhra Pradesh,Wheat,Flowering,0.8,0.69,0.85,5.1,0.05,High,7.6,43,22,32
2025-05-28,Uttar Pradesh,Sugarcane,Flowering,0.71,0.58,0.87,3.8,0.04,High,7.9,55,26,43
2026-04-20,Andhra Pradesh,Rice,Vegetative,0.69,0.3,0.55,1.9,0.08,Medium,5.3,41,24,36
2025-03-01,Uttar Pradesh,Maize,Early,0.23,0.22,0.37,0.7,0.09,Low,2.1,37,11,28
2026-07-30,Andhra Pradesh,Wheat,Vegetative,0.69,0.35,0.64,2.8,0.06,Medium,4.7,39,21,39
2026-02-27,Punjab,Wheat,Mature,0.83,0.45,0.72,4.7,0.05,High,10.5,38,25,41
2026-03-03,Uttar Pradesh,Rice,Flowering,0.84,0.69,0.77,3.7,0.03,High,7.6,56,20,32
2026-07-25,Uttar Pradesh,Rice,Early,0.23,0.22,0.29,1.8,0.07,Low,3.3,31,14,26
2026-06-27,Karnataka,Cotton,Mature,0.76,0.5,0.75,3.3,0.04,High,9.3,44,19,34
2025-05-18,Karnataka,Maize,Vegetative,0.46,0.47,0.46,3.3,0.07,Medium,4.0,40,15,29
2026-02-02,Tamil Nadu,Rice,Flowering,0.76,0.55,0.77,4.7,0.03,High,8.0,42,21,35
2025-09-06,Andhra Pradesh,Wheat,Vegetative,0.56,0.32,0.72,2.7,0.08,Medium,4.2,47,19,26
2025-09-19,Karnataka,Wheat,Early,0.4,0.27,0.24,0.6,0.11,Low,1.3,39,11,33
2025-07-28,Tamil Nadu,Sugarcane,Early,0.39,0.26,0.27,1.4,0.1,Low,2.5,25,11,31
2025-12-05,Karnataka,Rice,Early,0.31,0.19,0.41,0.8,0.11,Low,2.5,29,12,25
2026-10-25,Andhra Pradesh,Cotton,Early,0.34,0.27,0.34,1.6,0.07,Low,2.2,32,16,32
2025-03-22,Uttar Pradesh,Maize,Early,0.41,0.24,0.45,0.7,0.08,Low,1.1,26,15,32
2026-04-06,Maharashtra,Cotton,Vegetative,0.66,0.42,0.61,1.8,0.08,Medium,4.1,39,24,39
2026-01-15,Andhra Pradesh,Wheat,Early,0.23,0.23,0.22,1.3,0.08,Low,2.4,34,11,29
2025-04-05,Punjab,Cotton,Early,0.45,0.24,0.34,0.8,0.09,Medium,1.3,37,13,25
2026-07-03,Karnataka,Wheat,Flowering,0.82,0.64,0.87,4.1,0.04,High,7.6,57,21,44
2025-07-15,Karnataka,Wheat,Early,0.36,0.16,0.34,1.7,0.07,Low,1.4,25,18,34
2025-02-22,Uttar Pradesh,Wheat,Flowering,0.88,0.67,0.82,3.7,0.04,High,7.2,52,21,43
2025-10-02,Punjab,Wheat,Flowering,0.89,0.54,0.94,4.1,0.05,High,6.6,50,29,40
2026-01-22,Uttar Pradesh,Wheat,Flowering,0.73,0.62,0.83,4.9,0.05,High,8.1,40,21,35
2026-11-21,Punjab,Sugarcane,Vegetative,0.56,0.36,0.6,2.7,0.06,Medium,5.1,46,22,25
2026-09-12,Maharashtra,Cotton,Vegetative,0.64,0.34,0.49,2.3,0.06,Medium,4.5,44,23,34
2026-09-10,Karnataka,Sugarcane,Mature,0.68,0.49,0.78,3.6,0.06,Medium,9.1,47,26,29
2025-02-10,Karnataka,Sugarcane,Mature,0.85,0.5,0.84,4.2,0.04,High,10.3,53,21,28
2025-03-16,Maharashtra,Rice,Flowering,0.77,0.57,0.84,5.2,0.03,High,6.6,58,23,38
2025-07-12,Tamil Nadu,Rice,Vegetative,0.63,0.36,0.48,3.0,0.06,Medium,3.8,47,20,26
2026-08-25,Uttar Pradesh,Rice,Early,0.23,0.24,0.44,1.2,0.08,Low,2.0,36,12,29
2026-11-19,Maharashtra,Maize,Mature,0.77,0.46,0.73,3.7,0.06,High,9.3,42,27,31
2026-07-27,Uttar Pradesh,Rice,Vegetative,0.53,0.33,0.45,2.3,0.09,Medium,5.1,38,22,36
2025-08-11,Andhra Pradesh,Cotton,Early,0.33,0.28,0.28,1.8,0.07,Low,2.8,35,14,27
2026-05-06,Karnataka,Sugarcane,Early,0.3,0.2,0.22,1.3,0.12,Low,2.4,37,13,27
2025-08-02,Uttar Pradesh,Cotton,Vegetative,0.5,0.31,0.48,2.8,0.07,Medium,4.4,40,24,37
2025-12-07,Punjab,Rice,Mature,0.71,0.59,0.78,3.4,0.04,High,9.4,46,23,34
2025-11-07,Uttar Pradesh,Maize,Vegetative,0.57,0.31,0.52,2.8,0.05,Medium,4.8,40,23,33
2025-01-16,Andhra Pradesh,Maize,Mature,0.78,0.53,0.83,3.6,0.07,High,8.9,42,21,31
2025-08-05,Karnataka,Sugarcane,Flowering,0.71,0.66,0.92,3.6,0.05,High,7.7,55,27,40
2025-07-14,Maharashtra,Cotton,Vegetative,0.49,0.5,0.72,3.4,0.08,Medium,6.1,39,23,28
2025-05-01,Andhra Pradesh,Wheat,Vegetative,0.48,0.42,0.69,3.1,0.06,Medium,4.3,47,24,34
2026-05-06,Karnataka,Cotton,Mature,0.72,0.46,0.77,4.8,0.05,High,9.5,54,27,40
2025-09-06,Uttar Pradesh,Rice,Mature,0.82,0.51,0.77,3.8,0.05,High,8.3,36,19,28
2026-12-14,Tamil Nadu,Wheat,Vegetative,0.52,0.5,0.45,2.5,0.07,Medium,3.6,35,20,31
2026-09-11,Tamil Nadu,Maize,Early,0.29,0.2,0.29,1.0,0.09,Low,2.4,38,19,26
2026-12-22,Punjab,Sugarcane,Early,0.34,0.18,0.23,1.8,0.07,Low,3.3,25,15,30
2025-07-29,Karnataka,Sugarcane,Early,0.28,0.23,0.45,1.1,0.1,Low,2.7,31,15,22
2026-02-11,Tamil Nadu,Maize,Flowering,0.87,0.51,0.87,5.5,0.05,High,6.7,46,24,42
2025-09-03,Maharashtra,Rice,Flowering,0.8,0.52,0.76,5.4,0.04,High,7.3,45,29,41
2026-07-20,Karnataka,Maize,Mature,0.73,0.55,0.8,3.2,0.06,High,9.2,44,20,33
2025-11-26,Maharashtra,Rice,Flowering,0.81,0.65,0.95,5.3,0.06,High,7.0,53,25,42
2025-10-17,Maharashtra,Wheat,Early,0.25,0.17,0.41,0.6,0.08,Low,1.6,34,11,21
2026-01-25,Tamil Nadu,Maize,Vegetative,0.63,0.46,0.73,3.5,0.07,Medium,5.2,41,21,25
2026-04-23,Karnataka,Rice,Flowering,0.76,0.67,0.95,3.7,0.03,High,8.1,50,27,33
2026-07-01,Uttar Pradesh,Wheat,Flowering,0.76,0.58,0.84,4.4,0.05,High,8.2,46,24,35
2026-10-27,Andhra Pradesh,Maize,Early,0.32,0.28,0.28,1.0,0.09,Low,1.0,30,15,28
2026-01-03,Tamil Nadu,Sugarcane,Flowering,0.85,0.57,0.84,5.3,0.03,High,7.6,58,24,42
2025-11-12,Tamil Nadu,Maize,Mature,0.81,0.47,0.89,3.4,0.03,High,9.1,41,22,34
2025-09-25,Uttar Pradesh,Cotton,Vegetative,0.58,0.34,0.55,2.0,0.07,Medium,5.3,40,16,39
2026-01-04,Karnataka,Maize,Early,0.39,0.3,0.23,1.4,0.12,Low,2.2,26,10,31
2026-06-10,Karnataka,Cotton,Mature,0.78,0.54,0.82,4.0,0.06,High,8.5,51,26,41
2026-05-25,Maharashtra,Wheat,Early,0.21,0.29,0.33,1.3,0.08,Low,1.5,35,14,28
2026-04-23,Uttar Pradesh,Maize,Mature,0.82,0.57,0.87,4.3,0.06,High,9.1,53,18,36
2025-04-11,Uttar Pradesh,Wheat,Vegetative,0.6,0.41,0.52,3.1,0.05,Medium,4.1,42,15,39
2026-04-26,Karnataka,Wheat,Vegetative,0.5,0.33,0.57,2.4,0.08,Medium,5.2,44,23,31
2025-11-24,Maharashtra,Rice,Mature,0.83,0.55,0.81,4.0,0.05,High,9.9,43,20,41
2025-07-28,Tamil Nadu,Wheat,Mature,0.7,0.56,0.72,4.7,0.07,High,10.1,51,25,35
2026-01-15,Punjab,Wheat,Mature,0.79,0.54,0.73,3.9,0.04,High,9.2,42,20,31
2025-11-17,Andhra Pradesh,Maize,Mature,0.78,0.49,0.81,3.4,0.03,High,7.9,43,25,40
2026-02-28,Tamil Nadu,Maize,Mature,0.85,0.47,0.79,4.4,0.07,High,10.2,39,18,29
2025-02-16,Karnataka,Sugarcane,Mature,0.71,0.52,0.77,4.4,0.04,High,10.1,43,23,39
2026-07-31,Andhra Pradesh,Rice,Vegetative,0.61,0.39,0.59,2.2,0.09,Medium,4.9,43,17,36
2025-08-15,Punjab,Wheat,Mature,0.75,0.48,0.82,4.7,0.03,High,9.8,38,26,40
2025-05-30,Punjab,Rice,Flowering,0.88,0.51,0.76,5.3,0.03,High,6.5,52,29,36
2025-01-17,Maharashtra,Cotton,Vegetative,0.54,0.38,0.62,3.4,0.06,Medium,5.8,44,23,31
2025-09-25,Andhra Pradesh,Wheat,Early,0.4,0.16,0.38,1.4,0.1,Low,1.7,33,12,23
2026-07-21,Maharashtra,Rice,Vegetative,0.61,0.46,0.66,2.3,0.06,Medium,5.4,46,24,26
2026-08-22,Tamil Nadu,Sugarcane,Early,0.37,0.21,0.44,0.9,0.1,Low,2.9,28,19,29
2026-08-17,Uttar Pradesh,Sugarcane,Early,0.25,0.18,0.37,1.6,0.09,Low,3.3,36,12,30
2026-03-04,Uttar Pradesh,Wheat,Flowering,0.72,0.6,0.92,5.3,0.05,High,6.5,49,26,37
2025-10-30,Uttar Pradesh,Cotton,Mature,0.67,0.47,0.85,4.4,0.06,Medium,7.8,49,25,38
2025-06-06,Andhra Pradesh,Sugarcane,Mature,0.79,0.57,0.9,4.6,0.05,High,8.4,54,22,28
2025-07-20,Uttar Pradesh,Sugarcane,Vegetative,0.64,0.42,0.54,2.9,0.07,Medium,4.4,41,24,33
2025-12-04,Tamil Nadu,Cotton,Mature,0.68,0.58,0.87,4.7,0.06,Medium,9.7,38,21,35
2025-08-24,Maharashtra,Rice,Flowering,0.8,0.51,0.79,4.8,0.04,High,7.7,55,20,44
2026-01-24,Andhra Pradesh,Sugarcane,Vegetative,0.51,0.44,0.72,3.1,0.05,Medium,5.1,41,23,36
2026-08-07,Maharashtra,Maize,Vegetative,0.47,0.32,0.62,3.3,0.07,Medium,5.3,38,17,31
2025-09-09,Andhra Pradesh,Sugarcane,Vegetative,0.63,0.36,0.59,3.0,0.09,Medium,4.5,47,18,33
2026-05-27,Maharashtra,Rice,Mature,0.72,0.56,0.77,3.5,0.04,High,10.0,35,24,29
2026-07-18,Punjab,Rice,Mature,0.68,0.6,0.77,3.2,0.04,Medium,9.0,45,21,35
2026-11-02,Maharashtra,Wheat,Mature,0.78,0.59,0.78,4.0,0.06,High,7.7,35,20,30
2026-12-03,Uttar Pradesh,Maize,Vegetative,0.6,0.4,0.52,2.3,0.06,Medium,3.7,47,17,37
2025-12-12,Punjab,Rice,Vegetative,0.68,0.5,0.66,2.7,0.06,Medium,4.7,44,17,34
2025-09-21,Maharashtra,Cotton,Early,0.23,0.27,0.45,1.5,0.11,Low,1.6,31,10,29
2026-05-16,Andhra Pradesh,Maize,Early,0.33,0.15,0.38,1.1,0.09,Low,1.5,34,19,32
2026-10-20,Andhra Pradesh,Maize,Mature,0.65,0.52,0.8,3.5,0.05,Medium,9.5,38,26,34
2026-05-18,Andhra Pradesh,Cotton,Vegetative,0.62,0.38,0.7,3.0,0.07,Medium,6.1,37,24,36
2026-04-17,Karnataka,Sugarcane,Mature,0.69,0.59,0.79,4.8,0.03,Medium,7.9,39,19,34
2025-06-22,Tamil Nadu,Cotton,Mature,0.76,0.56,0.78,3.1,0.06,High,9.4,51,18,34
2025-12-27,Andhra Pradesh,Cotton,Early,0.31,0.26,0.3,1.4,0.11,Low,2.6,33,15,28
2025-06-23,Punjab,Sugarcane,Flowering,0.75,0.51,0.89,5.2,0.03,High,7.3,45,28,38
2025-05-24,Andhra Pradesh,Sugarcane,Mature,0.79,0.54,0.82,3.9,0.05,High,7.5,45,21,39
2026-07-14,Karnataka,Sugarcane,Flowering,0.72,0.64,0.82,4.1,0.05,High,7.2,52,27,44
2026-05-16,Uttar Pradesh,Sugarcane,Flowering,0.86,0.56,0.86,3.5,0.05,High,7.7,57,25,35
2025-07-08,Punjab,Sugarcane,Vegetative,0.52,0.44,0.72,1.9,0.07,Medium,5.3,46,18,38
2026-07-10,Karnataka,Cotton,Vegetative,0.67,0.49,0.73,2.4,0.07,Medium,4.2,49,23,33
2026-10-20,Uttar Pradesh,Wheat,Mature,0.69,0.53,0.86,4.5,0.06,Medium,8.4,50,27,35
2025-03-02,Punjab,Wheat,Early,0.38,0.16,0.21,1.4,0.12,Low,2.9,35,13,30
2026-06-21,Maharashtra,Rice,Early,0.33,0.19,0.32,0.9,0.1,Low,2.7,35,14,30
2025-02-04,Tamil Nadu,Wheat,Mature,0.67,0.48,0.9,4.4,0.07,Medium,8.3,43,18,37
2025-03-18,Tamil Nadu,Wheat,Mature,0.76,0.56,0.78,4.2,0.06,High,8.4,41,27,41
2026-11-16,Karnataka,Cotton,Early,0.33,0.19,0.45,0.6,0.09,Low,1.7,38,14,34
2025-02-19,Uttar Pradesh,Sugarcane,Flowering,0.74,0.56,0.94,3.9,0.04,High,8.1,56,29,34
2025-01-07,Tamil Nadu,Sugarcane,Mature,0.73,0.49,0.76,3.3,0.04,High,9.4,51,20,32
2026-02-27,Uttar Pradesh,Cotton,Flowering,0.8,0.52,0.79,4.3,0.05,High,6.9,58,26,43
2025-05-21,Uttar Pradesh,Wheat,Mature,0.73,0.45,0.71,3.8,0.03,High,8.0,37,24,41
2026-10-08,Karnataka,Cotton,Mature,0.75,0.47,0.72,3.1,0.06,High,10.3,47,27,29
2025-08-25,Karnataka,Rice,Flowering,0.72,0.68,0.94,4.0,0.04,High,7.2,43,23,42
2025-03-11,Karnataka,Sugarcane,Flowering,0.8,0.69,0.77,5.1,0.04,High,7.3,55,26,33
2026-12-26,Tamil Nadu,Maize,Early,0.38,0.27,0.39,0.9,0.11,Low,3.0,26,13,33
2025-06-04,Karnataka,Rice,Mature,0.82,0.47,0.71,3.2,0.06,High,10.5,51,25,41
2025-01-10,Tamil Nadu,Rice,Vegetative,0.5,0.41,0.66,2.9,0.07,Medium,6.5,43,20,27
2025-08-12,Karnataka,Cotton,Vegetative,0.66,0.36,0.55,2.7,0.07,Medium,4.4,46,22,35
2026-06-02,Andhra Pradesh,Wheat,Mature,0.68,0.48,0.88,4.3,0.07,Medium,7.9,44,22,32
2026-04-12,Uttar Pradesh,Sugarcane,Mature,0.8,0.49,0.76,4.2,0.04,High,10.4,46,24,39
2026-01-18,Karnataka,Maize,Mature,0.79,0.56,0.87,3.9,0.07,High,10.2,53,25,40
2025-03-03,Punjab,Rice,Flowering,0.84,0.61,0.94,4.7,0.06,High,8.2,49,27,31
2026-09-25,Uttar Pradesh,Maize,Vegetative,0.63,0.49,0.64,3.4,0.06,Medium,6.4,37,19,28
2026-10-16,Uttar Pradesh,Wheat,Vegetative,0.68,0.32,0.59,3.0,0.05,Medium,5.8,35,16,25
2026-11-14,Karnataka,Wheat,Vegetative,0.59,0.41,0.71,2.9,0.07,Medium,5.5,44,20,30
2026-09-24,Maharashtra,Maize,Mature,0.73,0.54,0.88,3.6,0.06,High,9.8,50,23,38
2026-05-10,Karnataka,Sugarcane,Flowering,0.8,0.57,0.8,5.4,0.05,High,8.2,49,29,32
2026-11-07,Uttar Pradesh,Wheat,Mature,0.81,0.57,0.78,3.9,0.05,High,9.9,36,25,30
2026-05-15,Punjab,Maize,Early,0.43,0.29,0.35,0.7,0.11,Low,2.4,29,10,33
2025-01-17,Uttar Pradesh,Rice,Early,0.22,0.24,0.32,1.7,0.08,Low,1.5,34,17,26
2025-01-07,Punjab,Maize,Vegetative,0.62,0.36,0.62,2.8,0.07,Medium,6.4,41,19,25
2026-06-29,Tamil Nadu,Maize,Mature,0.74,0.59,0.85,3.8,0.07,High,9.9,54,27,38
2026-07-19,Andhra Pradesh,Cotton,Early,0.31,0.18,0.23,0.7,0.08,Low,1.5,30,15,21
2026-02-26,Uttar Pradesh,Wheat,Early,0.3,0.27,0.34,1.3,0.07,Low,2.5,35,18,31
2025-01-13,Karnataka,Sugarcane,Mature,0.68,0.57,0.73,3.6,0.05,Medium,9.3,37,18,29
2025-01-18,Tamil Nadu,Sugarcane,Flowering,0.78,0.68,0.92,4.7,0.05,High,6.7,42,20,31
2026-06-27,Andhra Pradesh,Cotton,Mature,0.75,0.47,0.79,4.1,0.03,High,9.9,44,26,31
2025-10-09,Karnataka,Sugarcane,Mature,0.75,0.55,0.75,3.1,0.05,High,7.7,43,21,34
2026-07-03,Maharashtra,Maize,Flowering,0.85,0.54,0.78,5.1,0.04,High,8.4,43,21,32
2025-10-21,Karnataka,Cotton,Vegetative,0.67,0.32,0.53,2.0,0.09,Medium,4.8,49,24,34
2025-01-18,Punjab,Rice,Vegetative,0.67,0.39,0.46,3.0,0.05,Medium,4.2,43,23,26
2026-05-30,Punjab,Wheat,Vegetative,0.62,0.45,0.53,1.8,0.06,Medium,3.6,48,17,38
2026-12-16,Maharashtra,Wheat,Flowering,0.81,0.5,0.91,5.4,0.06,High,6.6,43,20,44
2026-11-22,Tamil Nadu,Wheat,Early,0.3,0.17,0.4,1.1,0.11,Low,2.1,30,19,21
2026-03-17,Andhra Pradesh,Maize,Flowering,0.81,0.58,0.85,4.6,0.04,High,7.3,42,21,37
2025-07-03,Karnataka,Rice,Mature,0.75,0.48,0.78,3.7,0.04,High,10.5,51,20,39
2025-04-20,Punjab,Cotton,Flowering,0.73,0.67,0.93,4.3,0.05,High,7.0,44,26,40
2025-04-09,Tamil Nadu,Cotton,Early,0.29,0.21,0.29,1.0,0.11,Low,1.6,38,18,20
2026-06-21,Maharashtra,Wheat,Early,0.21,0.19,0.32,0.6,0.12,Low,2.6,31,13,25
2025-06-02,Uttar Pradesh,Rice,Mature,0.65,0.52,0.9,4.1,0.04,Medium,7.6,44,23,38
2025-09-04,Punjab,Rice,Vegetative,0.61,0.42,0.53,1.9,0.08,Medium,5.3,44,23,31
2025-07-16,Maharashtra,Rice,Early,0.36,0.17,0.27,1.4,0.11,Low,1.8,33,12,30
2026-09-27,Karnataka,Sugarcane,Early,0.29,0.28,0.33,1.3,0.09,Low,2.1,39,15,23
2026-06-24,Andhra Pradesh,Sugarcane,Early,0.2,0.15,0.34,1.2,0.07,Low,2.2,39,14,25
2025-09-16,Punjab,Wheat,Mature,0.73,0.46,0.82,3.0,0.06,High,9.5,45,24,31
2025-12-29,Punjab,Rice,Early,0.23,0.2,0.32,1.3,0.07,Low,2.8,31,18,31
2025-10-01,Karnataka,Rice,Vegetative,0.54,0.47,0.69,3.5,0.06,Medium,6.2,49,17,26
2026-02-11,Uttar Pradesh,Cotton,Mature,0.66,0.54,0.78,4.6,0.07,Medium,8.0,41,19,29
2025-03-22,Tamil Nadu,Cotton,Vegetative,0.55,0.4,0.67,2.2,0.06,Medium,5.6,38,23,36
2026-01-18,Andhra Pradesh,Wheat,Early,0.43,0.22,0.23,0.6,0.08,Low,2.9,35,14,29
2026-02-20,Punjab,Rice,Early,0.4,0.22,0.28,1.3,0.11,Low,1.2,33,12,33
2026-04-16,Andhra Pradesh,Wheat,Vegetative,0.55,0.35,0.49,3.2,0.09,Medium,4.3,42,23,25
2026-08-02,Punjab,Cotton,Mature,0.7,0.51,0.77,4.3,0.04,High,7.7,35,19,28
2025-09-07,Andhra Pradesh,Cotton,Mature,0.82,0.55,0.9,3.0,0.06,High,9.6,48,22,31
2026-12-15,Maharashtra,Sugarcane,Vegetative,0.62,0.48,0.48,2.6,0.06,Medium,5.7,49,21,31
2025-08-20,Punjab,Wheat,Early,0.4,0.21,0.39,0.7,0.07,Low,2.2,38,12,21
2025-11-04,Andhra Pradesh,Wheat,Flowering,0.78,0.58,0.9,3.8,0.03,High,7.8,42,21,44
2026-12-02,Tamil Nadu,Rice,Vegetative,0.68,0.45,0.68,3.4,0.07,Medium,4.7,43,22,31
2025-03-24,Maharashtra,Rice,Vegetative,0.53,0.44,0.55,2.5,0.06,Medium,5.8,47,23,28
2026-11-01,Maharashtra,Sugarcane,Vegetative,0.7,0.37,0.48,1.8,0.06,High,4.1,43,22,26
2026-10-28,Tamil Nadu,Maize,Early,0.36,0.22,0.39,0.5,0.1,Low,2.4,36,16,30
2025-02-02,Andhra Pradesh,Maize,Mature,0.67,0.54,0.77,4.5,0.04,Medium,8.3,52,25,35
2025-04-06,Karnataka,Maize,Early,0.34,0.17,0.21,1.4,0.1,Low,2.5,32,13,27
2026-02-20,Tamil Nadu,Wheat,Vegetative,0.7,0.33,0.53,3.3,0.08,High,5.0,45,21,35
2026-01-24,Andhra Pradesh,Wheat,Early,0.4,0.19,0.27,1.6,0.1,Low,1.6,28,17,20
2026-01-22,Tamil Nadu,Cotton,Early,0.25,0.25,0.21,0.9,0.1,Low,1.4,26,17,31
2026-07-20,Tamil Nadu,Wheat,Vegetative,0.62,0.4,0.51,2.4,0.07,Medium,4.0,48,24,28
2026-05-03,Punjab,Wheat,Early,0.45,0.29,0.35,0.6,0.1,Medium,1.2,37,15,21
2025-02-27,Andhra Pradesh,Wheat,Flowering,0.72,0.56,0.81,4.7,0.05,High,8.3,52,29,35
2026-10-15,Karnataka,Sugarcane,Early,0.36,0.22,0.34,1.2,0.07,Low,2.8,34,11,21
2025-01-10,Punjab,Wheat,Early,0.37,0.18,0.4,1.1,0.08,Low,2.6,39,14,27
2026-12-21,Tamil Nadu,Rice,Mature,0.82,0.58,0.87,3.7,0.06,High,10.0,53,25,38
2025-06-25,Uttar Pradesh,Rice,Mature,0.68,0.52,0.72,4.6,0.03,Medium,9.3,37,26,31
2025-03-26,Tamil Nadu,Cotton,Vegetative,0.54,0.35,0.46,2.9,0.08,Medium,6.2,41,18,36
2026-05-27,Tamil Nadu,Sugarcane,Vegetative,0.63,0.31,0.46,1.9,0.09,Medium,6.4,45,19,28
2026-03-21,Andhra Pradesh,Rice,Mature,0.7,0.48,0.73,4.3,0.05,High,8.9,54,23,36
2026-10-23,Andhra Pradesh,Sugarcane,Flowering,0.85,0.6,0.82,4.1,0.05,High,8.4,45,26,41
2025-12-06,Punjab,Sugarcane,Early,0.43,0.28,0.24,1.0,0.09,Low,1.4,27,17,22
2026-08-03,Karnataka,Cotton,Flowering,0.81,0.68,0.76,4.7,0.05,High,6.7,57,28,39
2025-04-08,Punjab,Sugarcane,Flowering,0.75,0.54,0.79,3.8,0.05,High,7.9,55,24,40
2026-06-25,Maharashtra,Wheat,Mature,0.68,0.53,0.87,3.4,0.06,Medium,8.7,36,19,40
2025-02-13,Tamil Nadu,Sugarcane,Vegetative,0.69,0.35,0.73,2.4,0.07,Medium,4.0,46,19,26
2025-08-24,Uttar Pradesh,Cotton,Early,0.37,0.2,0.37,1.1,0.11,Low,2.0,29,16,31
2025-08-05,Tamil Nadu,Cotton,Vegetative,0.65,0.49,0.55,2.6,0.08,Medium,6.2,36,19,28
2026-12-10,Tamil Nadu,Cotton,Flowering,0.75,0.59,0.92,5.5,0.05,High,6.5,51,23,44
2026-08-04,Punjab,Rice,Flowering,0.89,0.55,0.94,5.4,0.06,High,6.7,51,29,35
2026-05-02,Uttar Pradesh,Wheat,Vegetative,0.67,0.41,0.69,3.4,0.06,Medium,5.9,44,19,35
2025-10-05,Uttar Pradesh,Rice,Vegetative,0.59,0.36,0.53,2.6,0.07,Medium,4.4,41,19,31
2025-02-17,Uttar Pradesh,Maize,Mature,0.82,0.57,0.74,3.3,0.06,High,8.1,40,24,41
2025-03-18,Punjab,Wheat,Vegetative,0.55,0.37,0.67,2.8,0.09,Medium,3.9,46,22,29
2026-12-02,Tamil Nadu,Sugarcane,Vegetative,0.6,0.34,0.71,2.7,0.08,Medium,5.5,47,15,37
2025-10-15,Punjab,Cotton,Mature,0.82,0.56,0.86,3.6,0.07,High,8.8,36,18,37
2026-07-11,Andhra Pradesh,Maize,Vegetative,0.54,0.31,0.49,2.4,0.06,Medium,5.9,39,18,29
2026-08-01,Andhra Pradesh,Wheat,Flowering,0.72,0.63,0.91,5.4,0.03,High,7.3,53,21,33
2026-11-05,Punjab,Rice,Vegetative,0.6,0.4,0.58,2.1,0.07,Medium,4.3,47,24,30
2025-02-03,Uttar Pradesh,Cotton,Early,0.39,0.28,0.29,0.5,0.08,Low,2.2,36,13,31
2025-07-03,Tamil Nadu,Rice,Flowering,0.78,0.66,0.87,3.7,0.04,High,8.5,42,23,41
2025-11-19,Punjab,Wheat,Mature,0.67,0.52,0.84,3.2,0.06,Medium,8.2,46,20,38
2025-01-17,Punjab,Wheat,Flowering,0.71,0.69,0.76,4.9,0.04,High,8.4,54,23,33
2025-08-01,Punjab,Maize,Mature,0.83,0.5,0.81,4.0,0.05,High,8.9,49,25,38
2026-08-25,Maharashtra,Sugarcane,Early,0.31,0.23,0.36,0.6,0.11,Low,2.3,38,15,27
2025-05-28,Andhra Pradesh,Rice,Early,0.42,0.21,0.4,0.8,0.1,Low,1.3,28,11,29
2026-12-31,Uttar Pradesh,Maize,Flowering,0.84,0.58,0.77,5.0,0.05,High,7.0,42,24,33
2026-02-12,Karnataka,Cotton,Vegetative,0.53,0.35,0.58,2.3,0.06,Medium,4.7,49,17,36
2025-03-20,Uttar Pradesh,Sugarcane,Flowering,0.77,0.5,0.85,4.5,0.03,High,7.0,43,25,36
2025-11-03,Karnataka,Maize,Flowering,0.8,0.61,0.89,3.6,0.05,High,6.5,56,25,33
2025-06-16,Maharashtra,Rice,Early,0.23,0.18,0.37,1.0,0.1,Low,3.5,39,16,26
2026-08-01,Punjab,Wheat,Mature,0.75,0.59,0.72,3.8,0.05,High,8.4,53,19,32
2025-09-04,Maharashtra,Cotton,Flowering,0.78,0.67,0.85,5.2,0.04,High,6.9,58,23,31
2026-08-04,Maharashtra,Rice,Vegetative,0.57,0.45,0.58,1.8,0.07,Medium,6.4,44,24,36
2026-02-03,Tamil Nadu,Sugarcane,Early,0.31,0.25,0.42,1.5,0.11,Low,1.0,27,14,29
2026-11-25,Andhra Pradesh,Sugarcane,Flowering,0.87,0.67,0.79,3.8,0.06,High,7.6,55,22,35
2026-07-08,Karnataka,Wheat,Flowering,0.74,0.53,0.92,3.7,0.03,High,7.1,46,20,38
2025-12-06,Punjab,Wheat,Vegetative,0.69,0.34,0.68,1.9,0.05,Medium,5.0,42,17,29
2026-01-29,Karnataka,Cotton,Flowering,0.72,0.56,0.8,3.9,0.05,High,7.3,55,25,31
2025-05-24,Uttar Pradesh,Cotton,Flowering,0.72,0.58,0.84,3.7,0.03,High,6.9,44,29,35
2026-12-07,Karnataka,Wheat,Flowering,0.8,0.6,0.89,4.9,0.05,High,7.2,56,24,33
2025-03-22,Uttar Pradesh,Wheat,Flowering,0.77,0.68,0.87,4.9,0.03,High,7.5,59,24,38
2026-05-28,Andhra Pradesh,Sugarcane,Vegetative,0.55,0.5,0.65,2.9,0.09,Medium,6.5,35,15,39
2025-12-21,Uttar Pradesh,Wheat,Flowering,0.89,0.67,0.92,4.2,0.04,High,7.3,44,22,35
2025-02-24,Karnataka,Maize,Flowering,0.82,0.56,0.92,4.6,0.04,High,8.5,50,20,33
2025-04-11,Karnataka,Rice,Flowering,0.84,0.54,0.94,3.5,0.04,High,6.5,47,27,31
2026-03-24,Uttar Pradesh,Wheat,Early,0.42,0.21,0.38,1.5,0.09,Low,3.4,37,18,34
2025-08-26,Maharashtra,Cotton,Vegetative,0.69,0.31,0.54,2.4,0.07,Medium,5.4,39,17,29
2025-03-19,Andhra Pradesh,Maize,Early,0.3,0.22,0.38,1.3,0.07,Low,1.8,39,12,29
2025-12-15,Tamil Nadu,Cotton,Early,0.23,0.19,0.29,1.4,0.09,Low,3.2,35,17,22
2026-09-12,Punjab,Maize,Vegetative,0.68,0.39,0.57,1.9,0.08,Medium,5.6,43,24,35
2026-09-21,Karnataka,Wheat,Early,0.44,0.22,0.3,1.1,0.1,Low,2.9,26,12,27
2026-09-02,Punjab,Rice,Early,0.29,0.3,0.26,0.8,0.11,Low,1.4,26,19,24
2026-02-11,Tamil Nadu,Cotton,Early,0.24,0.24,0.29,1.1,0.08,Low,2.9,27,11,29
2025-12-01,Punjab,Maize,Vegetative,0.56,0.39,0.61,3.4,0.09,Medium,5.3,42,17,32
2025-01-31,Tamil Nadu,Sugarcane,Flowering,0.88,0.63,0.91,4.4,0.06,High,8.2,44,29,44
2026-10-12,Uttar Pradesh,Wheat,Mature,0.77,0.48,0.89,3.8,0.04,High,9.8,44,27,33
2025-10-07,Maharashtra,Rice,Mature,0.69,0.47,0.81,3.0,0.06,Medium,8.9,43,21,34
2026-04-07,Karnataka,Wheat,Vegetative,0.62,0.34,0.68,2.1,0.07,Medium,5.4,37,21,36
2026-05-18,Tamil Nadu,Sugarcane,Mature,0.83,0.48,0.77,3.3,0.05,High,9.4,38,23,37
2025-08-22,Punjab,Rice,Vegetative,0.48,0.35,0.6,1.9,0.05,Medium,4.7,36,19,30
2025-12-31,Karnataka,Sugarcane,Vegetative,0.57,0.33,0.5,2.4,0.06,Medium,3.7,44,23,26
2026-07-21,Maharashtra,Wheat,Mature,0.67,0.45,0.73,4.4,0.07,Medium,8.3,43,20,37
2026-01-20,Uttar Pradesh,Maize,Early,0.29,0.29,0.23,1.8,0.07,Low,2.1,32,18,21
2026-03-19,Karnataka,Wheat,Flowering,0.72,0.68,0.78,4.7,0.03,High,7.1,43,25,31
2025-07-10,Tamil Nadu,Wheat,Mature,0.65,0.5,0.76,4.2,0.03,Medium,9.9,47,23,35
2026-11-28,Maharashtra,Wheat,Mature,0.8,0.52,0.84,4.5,0.05,High,8.3,35,26,32
2026-08-23,Punjab,Cotton,Mature,0.82,0.47,0.78,3.6,0.06,High,8.9,43,19,40
2026-11-08,Maharashtra,Sugarcane,Mature,0.74,0.6,0.77,4.2,0.06,High,9.9,47,25,38
2026-01-25,Maharashtra,Sugarcane,Vegetative,0.48,0.42,0.52,2.6,0.05,Medium,5.5,44,22,37
2025-03-29,Andhra Pradesh,Sugarcane,Vegetative,0.59,0.42,0.56,1.9,0.05,Medium,4.8,47,23,28
2026-09-26,Maharashtra,Cotton,Flowering,0.87,0.65,0.87,5.3,0.04,High,7.9,45,29,35
2025-10-30,Maharashtra,Maize,Flowering,0.83,0.66,0.81,5.5,0.03,High,8.4,53,22,31
2025-09-10,Karnataka,Wheat,Mature,0.83,0.56,0.77,3.5,0.06,High,10.0,49,24,28
2027-01-01,Punjab,Maize,Mature,0.8,0.46,0.74,4.7,0.03,High,9.4,44,24,34
2025-03-17,Karnataka,Cotton,Mature,0.82,0.53,0.82,4.5,0.04,High,8.8,45,22,38
2025-03-26,Karnataka,Sugarcane,Flowering,0.79,0.58,0.81,4.5,0.06,High,8.4,50,26,35
2025-10-02,Tamil Nadu,Wheat,Mature,0.77,0.6,0.72,4.5,0.07,High,10.2,37,19,35
2025-06-07,Karnataka,Rice,Early,0.36,0.2,0.3,1.1,0.09,Low,1.9,27,10,26
2026-01-25,Andhra Pradesh,Rice,Flowering,0.79,0.53,0.91,4.6,0.05,High,6.8,56,22,38
2026-12-30,Andhra Pradesh,Maize,Early,0.43,0.18,0.35,0.6,0.08,Low,2.6,26,16,25
2026-10-12,Tamil Nadu,Sugarcane,Mature,0.72,0.49,0.72,3.5,0.07,High,9.5,50,19,30
2025-06-07,Uttar Pradesh,Rice,Vegetative,0.64,0.43,0.7,2.6,0.09,Medium,5.9,36,19,27
2026-02-03,Punjab,Maize,Early,0.41,0.3,0.36,1.2,0.09,Low,1.5,39,19,25
2025-11-21,Punjab,Cotton,Flowering,0.7,0.59,0.9,3.8,0.03,High,8.2,59,25,35
2026-01-05,Karnataka,Maize,Early,0.4,0.25,0.28,1.0,0.08,Low,3.1,39,13,29
2025-04-20,Karnataka,Maize,Flowering,0.88,0.61,0.82,4.3,0.06,High,6.6,45,20,38
2025-04-04,Uttar Pradesh,Maize,Mature,0.69,0.47,0.73,4.7,0.06,Medium,9.3,48,18,37
2025-01-06,Karnataka,Wheat,Early,0.22,0.3,0.39,1.3,0.1,Low,2.3,34,10,28
2025-11-12,Punjab,Maize,Vegetative,0.56,0.43,0.54,2.9,0.09,Medium,5.4,47,16,27
2026-04-01,Maharashtra,Maize,Early,0.43,0.17,0.32,0.9,0.08,Low,2.0,28,19,26
2026-01-04,Andhra Pradesh,Wheat,Vegetative,0.63,0.44,0.47,3.3,0.07,Medium,6.2,47,15,32
2025-10-04,Maharashtra,Wheat,Flowering,0.78,0.53,0.9,4.5,0.06,High,6.9,51,24,31
2025-04-15,Maharashtra,Cotton,Mature,0.77,0.48,0.71,3.6,0.04,High,9.9,52,19,39
2025-05-16,Punjab,Sugarcane,Mature,0.69,0.54,0.88,4.2,0.06,Medium,9.9,51,19,41
2025-03-31,Maharashtra,Rice,Vegetative,0.67,0.3,0.72,2.2,0.09,Medium,4.3,38,15,32
2025-07-11,Uttar Pradesh,Rice,Flowering,0.87,0.54,0.88,4.5,0.05,High,6.9,43,22,35
2026-03-18,Tamil Nadu,Maize,Mature,0.8,0.54,0.89,3.2,0.06,High,9.5,38,20,41
2026-04-05,Karnataka,Cotton,Flowering,0.83,0.65,0.79,3.7,0.03,High,7.1,57,27,40
2026-07-25,Tamil Nadu,Maize,Vegetative,0.67,0.44,0.51,1.9,0.08,Medium,6.0,46,20,38
2026-07-23,Andhra Pradesh,Rice,Vegetative,0.49,0.31,0.51,3.3,0.08,Medium,5.7,49,22,27
2026-06-09,Karnataka,Wheat,Early,0.34,0.23,0.32,1.3,0.12,Low,2.6,39,15,30
2026-02-22,Maharashtra,Sugarcane,Mature,0.82,0.48,0.72,4.8,0.05,High,7.5,36,25,37
2025-04-16,Andhra Pradesh,Cotton,Mature,0.81,0.59,0.88,4.7,0.03,High,9.6,43,19,36
2025-01-27,Karnataka,Wheat,Early,0.34,0.29,0.24,1.4,0.09,Low,1.9,29,16,32
2025-04-02,Uttar Pradesh,Sugarcane,Vegetative,0.63,0.32,0.55,1.9,0.06,Medium,5.4,38,22,39
2025-12-29,Uttar Pradesh,Cotton,Vegetative,0.56,0.42,0.53,3.1,0.05,Medium,5.2,38,23,37
2026-07-22,Uttar Pradesh,Cotton,Vegetative,0.67,0.45,0.63,2.8,0.07,Medium,4.2,36,18,28
2025-04-06,Uttar Pradesh,Rice,Vegetative,0.49,0.41,0.71,2.6,0.07,Medium,6.0,48,23,25
2026-09-04,Maharashtra,Wheat,Flowering,0.77,0.65,0.76,3.8,0.05,High,7.4,52,28,39
2026-09-05,Tamil Nadu,Cotton,Mature,0.69,0.56,0.9,3.9,0.04,Medium,9.2,50,22,30
2025-11-29,Karnataka,Cotton,Mature,0.83,0.49,0.83,4.0,0.06,High,9.0,41,20,31
2026-01-30,Maharashtra,Sugarcane,Vegetative,0.67,0.46,0.66,3.0,0.05,Medium,5.7,45,18,26
2025-01-13,Uttar Pradesh,Rice,Vegetative,0.58,0.34,0.67,2.5,0.08,Medium,4.7,39,20,32
2025-10-26,Tamil Nadu,Maize,Vegetative,0.65,0.5,0.65,3.5,0.07,Medium,4.0,38,22,39
2026-02-28,Andhra Pradesh,Rice,Mature,0.7,0.54,0.85,3.5,0.06,High,7.8,52,22,39
2026-02-02,Andhra Pradesh,Maize,Mature,0.81,0.52,0.89,3.9,0.04,High,9.3,35,20,37
2025-03-28,Andhra Pradesh,Wheat,Vegetative,0.56,0.32,0.64,2.2,0.05,Medium,6.5,40,18,32
2026-07-27,Uttar Pradesh,Wheat,Flowering,0.84,0.66,0.76,3.7,0.03,High,6.6,42,25,39
2025-09-06,Andhra Pradesh,Cotton,Early,0.37,0.23,0.4,1.2,0.12,Low,2.2,32,18,30
2026-08-09,Punjab,Wheat,Early,0.24,0.2,0.3,1.1,0.1,Low,2.2,29,10,23
2026-06-18,Karnataka,Cotton,Early,0.22,0.17,0.22,0.7,0.11,Low,2.6,31,19,33
2025-06-23,Karnataka,Rice,Mature,0.78,0.5,0.71,3.3,0.04,High,8.0,43,20,30
2026-12-03,Uttar Pradesh,Wheat,Mature,0.76,0.55,0.78,4.4,0.07,High,9.2,45,19,32
2026-01-25,Punjab,Rice,Early,0.25,0.3,0.36,0.6,0.1,Low,2.9,33,18,31
2025-06-23,Maharashtra,Rice,Early,0.26,0.16,0.4,1.8,0.07,Low,3.3,27,14,29
2025-05-23,Maharashtra,Wheat,Flowering,0.76,0.68,0.95,3.9,0.04,High,8.5,58,26,40
2025-10-03,Andhra Pradesh,Rice,Mature,0.74,0.59,0.76,3.9,0.05,High,9.4,49,21,32
2025-11-05,Tamil Nadu,Wheat,Mature,0.84,0.58,0.82,3.0,0.05,High,9.1,45,27,37
2025-10-02,Maharashtra,Wheat,Early,0.3,0.17,0.3,0.9,0.1,Low,1.9,26,19,21
2026-05-20,Tamil Nadu,Wheat,Flowering,0.81,0.52,0.91,3.9,0.04,High,7.4,49,23,41
2025-05-30,Karnataka,Maize,Flowering,0.75,0.6,0.92,4.1,0.03,High,7.0,43,20,38
2025-03-06,Tamil Nadu,Rice,Early,0.22,0.2,0.32,1.1,0.08,Low,1.7,30,13,26
2025-06-21,Karnataka,Sugarcane,Early,0.2,0.18,0.43,0.5,0.09,Low,3.0,35,19,25
2026-03-22,Punjab,Wheat,Mature,0.77,0.59,0.84,3.2,0.06,High,8.6,42,24,30
2025-10-10,Punjab,Rice,Early,0.25,0.15,0.32,1.7,0.08,Low,1.1,26,19,26
2026-03-08,Uttar Pradesh,Cotton,Vegetative,0.52,0.38,0.61,2.6,0.08,Medium,4.9,41,15,37
2025-11-03,Uttar Pradesh,Wheat,Flowering,0.86,0.65,0.79,5.3,0.03,High,8.1,49,20,42
2026-05-11,Andhra Pradesh,Wheat,Early,0.33,0.2,0.3,1.5,0.1,Low,2.1,39,19,20
2025-03-20,Maharashtra,Sugarcane,Vegetative,0.66,0.47,0.73,2.3,0.08,Medium,3.7,42,23,34
2026-01-05,Andhra Pradesh,Maize,Flowering,0.86,0.61,0.82,4.7,0.05,High,7.2,41,27,34
2025-09-15,Karnataka,Maize,Vegetative,0.6,0.37,0.58,2.5,0.08,Medium,5.2,45,17,25
2025-09-10,Andhra Pradesh,Wheat,Vegetative,0.57,0.36,0.5,2.7,0.09,Medium,6.2,48,22,39
2026-10-03,Tamil Nadu,Rice,Early,0.24,0.17,0.31,1.4,0.09,Low,3.2,39,16,29
2026-05-23,Karnataka,Cotton,Flowering,0.73,0.66,0.89,3.8,0.04,High,8.0,45,25,44
2026-09-01,Uttar Pradesh,Cotton,Vegetative,0.52,0.33,0.61,2.7,0.09,Medium,3.6,45,17,29
2026-09-24,Punjab,Rice,Mature,0.68,0.51,0.71,4.5,0.04,Medium,8.2,38,22,28
2025-07-20,Uttar Pradesh,Wheat,Flowering,0.74,0.54,0.86,4.8,0.04,High,7.5,42,20,43
2026-04-14,Maharashtra,Cotton,Mature,0.84,0.53,0.7,4.6,0.04,High,9.0,43,25,32
2025-04-20,Karnataka,Maize,Early,0.4,0.2,0.25,1.0,0.08,Low,2.2,28,15,30
2025-05-19,Karnataka,Rice,Mature,0.68,0.52,0.85,3.1,0.03,Medium,8.5,37,22,28
2025-11-08,Tamil Nadu,Sugarcane,Flowering,0.74,0.59,0.77,4.9,0.05,High,7.4,41,27,38
2025-01-07,Maharashtra,Wheat,Vegetative,0.64,0.41,0.68,2.6,0.06,Medium,4.3,39,24,34
2026-02-10,Punjab,Rice,Vegetative,0.46,0.36,0.47,3.3,0.07,Medium,5.1,47,20,37
2025-12-07,Karnataka,Cotton,Flowering,0.8,0.65,0.82,3.9,0.06,High,6.6,55,20,38
2026-09-28,Karnataka,Wheat,Vegetative,0.64,0.36,0.63,2.0,0.05,Medium,5.4,43,22,37
2026-01-25,Tamil Nadu,Maize,Mature,0.67,0.53,0.74,4.1,0.04,Medium,7.8,49,24,36
2025-12-04,Andhra Pradesh,Wheat,Vegetative,0.58,0.4,0.69,3.5,0.08,Medium,4.6,39,22,25
2026-03-27,Punjab,Wheat,Vegetative,0.52,0.35,0.62,1.9,0.09,Medium,4.3,43,23,27
2025-12-09,Uttar Pradesh,Maize,Mature,0.75,0.54,0.76,4.2,0.06,High,10.0,35,19,34
2026-03-17,Maharashtra,Maize,Mature,0.74,0.47,0.75,3.9,0.03,High,9.2,43,25,39
2026-10-29,Karnataka,Wheat,Mature,0.77,0.56,0.9,3.5,0.04,High,8.5,51,27,34
2026-09-01,Karnataka,Maize,Early,0.29,0.29,0.39,0.7,0.07,Low,1.5,38,18,28
2025-05-20,Uttar Pradesh,Rice,Mature,0.69,0.56,0.73,4.5,0.06,Medium,10.4,36,19,32
2025-11-04,Punjab,Maize,Mature,0.73,0.52,0.83,4.8,0.05,High,10.3,49,22,35
2025-11-25,Andhra Pradesh,Maize,Early,0.35,0.22,0.23,1.6,0.07,Low,1.1,34,19,29
2026-09-10,Karnataka,Wheat,Vegetative,0.59,0.43,0.74,1.9,0.07,Medium,3.8,40,22,32
2026-12-13,Punjab,Rice,Mature,0.73,0.48,0.72,3.5,0.06,High,7.7,51,22,31
2025-07-25,Uttar Pradesh,Sugarcane,Flowering,0.89,0.67,0.93,5.1,0.05,High,8.2,56,21,37
2026-05-06,Tamil Nadu,Sugarcane,Mature,0.81,0.5,0.79,3.2,0.04,High,9.2,43,24,38
2025-11-18,Andhra Pradesh,Cotton,Mature,0.7,0.52,0.71,3.9,0.07,High,7.6,52,24,36
2025-07-01,Maharashtra,Maize,Early,0.29,0.2,0.41,1.4,0.11,Low,2.0,34,12,28
2026-02-12,Karnataka,Maize,Flowering,0.76,0.65,0.8,4.9,0.03,High,7.9,56,29,42
2025-11-23,Punjab,Rice,Vegetative,0.49,0.45,0.47,2.1,0.06,Medium,3.6,37,15,27
2025-10-26,Tamil Nadu,Sugarcane,Vegetative,0.57,0.43,0.63,2.7,0.08,Medium,6.0,43,23,30
2026-12-13,Maharashtra,Cotton,Flowering,0.9,0.65,0.88,4.8,0.06,High,8.4,40,20,44
2026-10-11,Punjab,Rice,Mature,0.84,0.51,0.75,3.2,0.05,High,9.6,35,26,39
2026-05-18,Punjab,Maize,Early,0.42,0.19,0.23,1.6,0.12,Low,1.5,25,14,32
2026-08-13,Maharashtra,Sugarcane,Flowering,0.85,0.6,0.88,5.4,0.04,High,7.3,45,20,36
2025-09-06,Tamil Nadu,Cotton,Flowering,0.77,0.58,0.79,5.2,0.03,High,7.6,51,25,30
2025-11-30,Uttar Pradesh,Wheat,Vegetative,0.6,0.48,0.74,1.8,0.06,Medium,6.0,37,18,28
2026-01-21,Tamil Nadu,Sugarcane,Early,0.34,0.19,0.35,0.9,0.08,Low,3.4,39,12,32
2025-10-15,Andhra Pradesh,Cotton,Flowering,0.88,0.56,0.94,4.7,0.06,High,6.7,50,29,33
2026-02-07,Karnataka,Rice,Early,0.32,0.17,0.44,1.3,0.1,Low,3.2,33,14,25
2026-01-09,Maharashtra,Wheat,Mature,0.76,0.6,0.81,3.0,0.07,High,8.2,40,21,37
2025-04-27,Uttar Pradesh,Cotton,Vegetative,0.53,0.36,0.73,3.4,0.07,Medium,4.3,44,21,34
2026-08-01,Maharashtra,Cotton,Mature,0.72,0.46,0.88,3.9,0.04,High,9.0,45,21,36
2025-07-24,Maharashtra,Maize,Early,0.38,0.2,0.32,1.4,0.11,Low,2.1,38,19,33
2026-08-30,Tamil Nadu,Sugarcane,Mature,0.79,0.55,0.77,4.8,0.04,High,9.4,41,20,35
2026-07-13,Karnataka,Maize,Vegetative,0.52,0.42,0.52,2.7,0.06,Medium,5.2,46,23,25
2025-07-04,Andhra Pradesh,Wheat,Early,0.3,0.19,0.28,1.1,0.08,Low,3.0,26,12,27
2026-11-30,Punjab,Cotton,Flowering,0.83,0.54,0.83,4.7,0.05,High,7.6,54,24,31
2026-07-18,Punjab,Maize,Mature,0.67,0.51,0.88,4.1,0.06,Medium,8.4,54,19,40
2025-01-28,Maharashtra,Sugarcane,Vegetative,0.5,0.37,0.64,3.4,0.08,Medium,5.8,49,22,26
2026-04-18,Karnataka,Wheat,Flowering,0.85,0.58,0.93,4.8,0.05,High,6.6,55,21,34
2026-12-27,Uttar Pradesh,Rice,Vegetative,0.49,0.39,0.62,3.1,0.06,Medium,3.9,49,17,37
2025-08-03,Tamil Nadu,Maize,Early,0.44,0.29,0.44,0.9,0.08,Low,3.5,25,15,30
2026-03-25,Karnataka,Wheat,Early,0.42,0.16,0.34,1.7,0.11,Low,1.9,32,11,32
2025-10-26,Karnataka,Rice,Mature,0.75,0.54,0.71,3.7,0.06,High,8.8,36,23,35
2026-12-11,Tamil Nadu,Maize,Vegetative,0.47,0.5,0.69,3.0,0.06,Medium,3.6,41,18,32
2025-03-12,Maharashtra,Wheat,Vegetative,0.51,0.4,0.59,2.2,0.09,Medium,6.1,47,24,31
2026-02-23,Karnataka,Wheat,Vegetative,0.64,0.33,0.48,1.9,0.07,Medium,5.8,38,21,35
2026-11-21,Punjab,Maize,Early,0.29,0.3,0.38,0.9,0.1,Low,1.6,30,12,30
2026-05-27,Tamil Nadu,Wheat,Mature,0.73,0.51,0.87,4.8,0.06,High,9.2,37,23,32
2025-05-23,Uttar Pradesh,Cotton,Vegetative,0.67,0.47,0.57,2.6,0.05,Medium,6.3,43,15,36
2026-10-11,Andhra Pradesh,Maize,Vegetative,0.67,0.31,0.52,2.4,0.08,Medium,5.2,40,19,36
2025-11-07,Maharashtra,Wheat,Flowering,0.76,0.66,0.86,5.1,0.06,High,6.8,43,25,43
2025-09-05,Tamil Nadu,Rice,Vegetative,0.55,0.5,0.72,2.1,0.07,Medium,5.3,38,16,36
2025-09-16,Andhra Pradesh,Rice,Mature,0.79,0.45,0.88,4.1,0.04,High,7.6,40,27,33
2026-11-06,Andhra Pradesh,Cotton,Flowering,0.72,0.66,0.8,4.3,0.05,High,8.5,46,27,44
2025-06-07,Uttar Pradesh,Maize,Flowering,0.82,0.67,0.88,4.2,0.06,High,8.5,54,21,40
2026-03-10,Karnataka,Wheat,Flowering,0.81,0.56,0.83,4.1,0.06,High,8.2,44,25,33
2026-01-22,Uttar Pradesh,Wheat,Early,0.43,0.18,0.38,1.3,0.11,Low,1.7,26,13,23
2025-03-17,Karnataka,Rice,Flowering,0.74,0.67,0.86,4.1,0.04,High,8.4,52,29,39
2026-04-05,Karnataka,Cotton,Vegetative,0.64,0.47,0.52,2.7,0.08,Medium,6.1,49,18,38
2026-09-05,Tamil Nadu,Rice,Early,0.45,0.17,0.35,0.8,0.08,Medium,2.4,27,12,27
2026-05-06,Tamil Nadu,Rice,Early,0.35,0.24,0.23,1.0,0.11,Low,1.4,32,12,33
2026-08-20,Maharashtra,Cotton,Early,0.24,0.22,0.44,0.9,0.1,Low,2.5,25,15,20
2026-02-15,Karnataka,Maize,Early,0.37,0.28,0.24,0.9,0.1,Low,2.9,37,17,31
2026-07-02,Andhra Pradesh,Wheat,Early,0.26,0.17,0.36,1.5,0.1,Low,3.3,31,10,20
2026-06-03,Punjab,Maize,Early,0.28,0.25,0.37,1.2,0.11,Low,1.1,27,12,28
2026-12-10,Maharashtra,Sugarcane,Early,0.41,0.27,0.3,0.6,0.12,Low,2.6,37,10,28
2026-03-05,Tamil Nadu,Sugarcane,Flowering,0.78,0.55,0.95,4.0,0.03,High,7.5,59,25,42
2026-07-11,Uttar Pradesh,Sugarcane,Mature,0.76,0.58,0.76,4.1,0.06,High,8.3,42,25,40
2025-02-07,Maharashtra,Cotton,Vegetative,0.49,0.42,0.51,2.3,0.07,Medium,5.7,49,18,27
2026-01-04,Maharashtra,Rice,Vegetative,0.56,0.46,0.51,2.1,0.08,Medium,4.7,39,15,32
2026-12-20,Maharashtra,Maize,Flowering,0.78,0.62,0.77,3.9,0.03,High,7.3,54,23,36
2026-07-04,Maharashtra,Wheat,Flowering,0.72,0.62,0.9,3.6,0.04,High,7.8,51,28,44
2026-09-01,Punjab,Sugarcane,Early,0.39,0.15,0.3,1.4,0.09,Low,1.0,31,13,27
2026-10-16,Uttar Pradesh,Maize,Mature,0.76,0.5,0.79,3.4,0.04,High,9.0,50,20,34
2025-03-29,Uttar Pradesh,Sugarcane,Early,0.33,0.25,0.31,0.6,0.07,Low,1.8,27,15,20
2025-04-22,Uttar Pradesh,Sugarcane,Flowering,0.89,0.6,0.76,5.2,0.05,High,6.6,50,29,43
2025-09-12,Karnataka,Wheat,Early,0.24,0.21,0.27,1.4,0.07,Low,1.3,32,17,34
2026-11-05,Andhra Pradesh,Cotton,Vegetative,0.61,0.37,0.49,3.4,0.05,Medium,5.5,37,20,30
2026-11-12,Uttar Pradesh,Rice,Vegetative,0.65,0.43,0.74,3.3,0.06,Medium,6.2,44,16,26
2025-12-30,Maharashtra,Cotton,Early,0.35,0.16,0.25,0.6,0.08,Low,1.0,35,19,26
2025-06-20,Maharashtra,Maize,Mature,0.82,0.56,0.81,3.9,0.04,High,8.9,42,23,35
2026-10-25,Uttar Pradesh,Cotton,Early,0.29,0.28,0.34,1.6,0.1,Low,1.8,30,11,33
2026-09-20,Uttar Pradesh,Maize,Early,0.32,0.17,0.25,0.6,0.08,Low,1.7,35,17,32
2025-02-15,Maharashtra,Maize,Mature,0.71,0.46,0.73,4.5,0.05,High,8.5,45,18,29
2026-07-31,Karnataka,Rice,Mature,0.77,0.46,0.88,3.4,0.06,High,9.5,54,21,38
2026-10-23,Tamil Nadu,Wheat,Mature,0.68,0.47,0.76,4.5,0.03,Medium,8.2,44,26,34
2026-11-25,Tamil Nadu,Rice,Vegetative,0.52,0.39,0.55,2.0,0.08,Medium,4.9,37,23,36
2026-10-25,Uttar Pradesh,Cotton,Early,0.45,0.27,0.25,1.3,0.07,Medium,1.6,36,17,22
2026-02-14,Punjab,Maize,Flowering,0.84,0.63,0.82,4.1,0.06,High,6.8,47,23,42
2025-12-06,Uttar Pradesh,Sugarcane,Mature,0.84,0.51,0.74,3.2,0.06,High,7.6,51,23,39
2026-03-17,Uttar Pradesh,Sugarcane,Mature,0.72,0.45,0.86,4.7,0.06,High,9.1,49,21,38
2025-04-19,Tamil Nadu,Maize,Early,0.29,0.23,0.39,1.2,0.11,Low,1.3,32,14,26
2025-01-11,Maharashtra,Rice,Flowering,0.84,0.63,0.83,4.6,0.04,High,7.5,42,24,44
2025-04-11,Uttar Pradesh,Wheat,Early,0.39,0.19,0.33,0.9,0.08,Low,3.4,28,18,34
2025-09-22,Maharashtra,Rice,Early,0.27,0.24,0.31,1.5,0.07,Low,3.3,32,14,25
2025-08-16,Maharashtra,Maize,Mature,0.76,0.45,0.88,4.7,0.06,High,8.9,53,18,30
2026-06-07,Punjab,Maize,Mature,0.84,0.47,0.79,3.6,0.04,High,8.7,51,25,29
2026-06-16,Maharashtra,Wheat,Vegetative,0.46,0.45,0.65,2.1,0.08,Medium,5.0,45,16,36
2026-07-26,Tamil Nadu,Cotton,Flowering,0.9,0.54,0.84,4.1,0.04,High,7.0,41,20,33
2026-08-18,Karnataka,Cotton,Flowering,0.73,0.66,0.86,5.5,0.04,High,6.9,52,21,34
2026-12-06,Karnataka,Wheat,Mature,0.78,0.57,0.71,4.0,0.07,High,7.8,37,23,33
2026-08-13,Andhra Pradesh,Cotton,Mature,0.71,0.55,0.81,4.8,0.07,High,9.5,53,23,33
2025-08-15,Uttar Pradesh,Sugarcane,Mature,0.74,0.52,0.88,4.0,0.06,High,8.5,50,19,34
2026-04-02,Tamil Nadu,Cotton,Flowering,0.86,0.64,0.77,4.7,0.06,High,7.9,45,21,44
2026-01-19,Maharashtra,Cotton,Vegetative,0.51,0.43,0.72,2.3,0.08,Medium,4.5,39,24,32
2026-02-05,Karnataka,Cotton,Flowering,0.74,0.51,0.79,3.6,0.05,High,6.6,44,24,34
2026-04-20,Tamil Nadu,Sugarcane,Mature,0.73,0.55,0.78,3.1,0.06,High,8.7,46,21,33
2026-11-27,Karnataka,Cotton,Mature,0.66,0.48,0.84,4.4,0.05,Medium,8.3,48,24,31
2026-08-26,Maharashtra,Sugarcane,Vegetative,0.59,0.41,0.74,3.3,0.08,Medium,4.9,44,23,34
2026-12-09,Karnataka,Wheat,Early,0.44,0.23,0.33,0.9,0.07,Low,1.2,38,13,24
2026-05-28,Uttar Pradesh,Rice,Early,0.22,0.3,0.3,0.9,0.1,Low,1.2,37,17,30
2025-06-04,Uttar Pradesh,Wheat,Flowering,0.77,0.65,0.88,4.0,0.03,High,6.6,41,24,42
2025-12-20,Andhra Pradesh,Rice,Early,0.26,0.22,0.4,0.8,0.1,Low,1.2,37,10,23
2025-01-26,Andhra Pradesh,Wheat,Early,0.25,0.21,0.39,1.5,0.09,Low,1.3,37,11,26
2026-05-10,Karnataka,Rice,Flowering,0.73,0.63,0.86,4.6,0.06,High,6.6,52,23,41
2025-04-18,Tamil Nadu,Rice,Mature,0.7,0.49,0.72,3.8,0.05,High,9.9,36,18,34
2025-10-30,Uttar Pradesh,Maize,Early,0.22,0.22,0.33,1.5,0.08,Low,1.2,38,16,33
2026-03-02,Tamil Nadu,Rice,Mature,0.83,0.51,0.88,3.1,0.04,High,9.7,40,21,37
2025-03-29,Tamil Nadu,Rice,Flowering,0.87,0.62,0.95,3.8,0.04,High,7.1,58,29,35
2025-04-29,Karnataka,Maize,Mature,0.72,0.47,0.86,3.4,0.03,High,8.8,46,23,29
2025-05-26,Tamil Nadu,Cotton,Mature,0.82,0.59,0.74,4.5,0.07,High,8.5,40,23,30
2025-12-23,Uttar Pradesh,Cotton,Flowering,0.86,0.68,0.83,4.1,0.05,High,7.9,53,23,33
2025-11-16,Maharashtra,Maize,Mature,0.81,0.59,0.79,3.2,0.07,High,7.7,49,26,33
2025-12-18,Andhra Pradesh,Sugarcane,Early,0.33,0.26,0.24,0.6,0.08,Low,1.8,36,11,22
2026-04-12,Maharashtra,Rice,Early,0.27,0.29,0.22,0.9,0.09,Low,2.7,35,16,32
2025-07-31,Tamil Nadu,Rice,Early,0.35,0.23,0.22,1.3,0.11,Low,1.7,34,16,25
2026-06-18,Maharashtra,Maize,Early,0.4,0.16,0.31,1.1,0.1,Low,1.1,37,13,30
2026-05-10,Uttar Pradesh,Maize,Mature,0.78,0.46,0.74,4.3,0.06,High,7.7,38,20,31
2025-12-23,Uttar Pradesh,Sugarcane,Early,0.3,0.17,0.32,1.1,0.09,Low,1.9,38,15,30
2026-05-03,Tamil Nadu,Cotton,Mature,0.84,0.57,0.89,4.1,0.07,High,9.6,39,23,32
2025-04-10,Karnataka,Wheat,Vegetative,0.52,0.38,0.67,3.4,0.09,Medium,4.9,49,16,37
2026-03-25,Maharashtra,Cotton,Mature,0.8,0.58,0.75,3.7,0.03,High,10.3,39,20,38
2026-12-15,Karnataka,Rice,Early,0.24,0.22,0.22,1.6,0.07,Low,2.0,31,17,21
2026-04-09,Karnataka,Maize,Vegetative,0.53,0.32,0.61,3.4,0.09,Medium,4.2,42,20,34
2025-11-23,Punjab,Sugarcane,Flowering,0.81,0.61,0.9,5.3,0.04,High,7.6,50,25,40
2025-03-10,Tamil Nadu,Cotton,Mature,0.8,0.58,0.85,3.2,0.05,High,8.1,44,27,29
2025-11-04,Andhra Pradesh,Sugarcane,Early,0.26,0.23,0.36,1.6,0.08,Low,1.8,39,13,28
2025-02-15,Uttar Pradesh,Cotton,Early,0.26,0.28,0.4,0.7,0.11,Low,3.4,27,15,20
2026-12-29,Uttar Pradesh,Rice,Early,0.4,0.28,0.39,1.2,0.11,Low,1.4,35,14,29
2025-04-28,Tamil Nadu,Wheat,Flowering,0.76,0.55,0.83,3.5,0.06,High,7.6,59,23,38
2025-01-24,Andhra Pradesh,Sugarcane,Vegetative,0.64,0.41,0.58,3.5,0.07,Medium,5.5,39,19,28
2025-12-18,Uttar Pradesh,Sugarcane,Vegetative,0.58,0.48,0.6,2.8,0.07,Medium,5.4,49,20,30
2026-10-26,Tamil Nadu,Wheat,Early,0.34,0.17,0.27,1.4,0.09,Low,1.4,37,13,28
2025-04-22,Uttar Pradesh,Sugarcane,Mature,0.84,0.52,0.74,3.8,0.05,High,9.9,45,19,30
2026-11-25,Karnataka,Sugarcane,Early,0.25,0.28,0.26,1.4,0.08,Low,2.8,37,14,20
2025-06-18,Maharashtra,Cotton,Early,0.3,0.23,0.29,1.2,0.09,Low,2.7,25,15,21
2025-09-07,Maharashtra,Cotton,Mature,0.77,0.6,0.9,4.1,0.03,High,8.7,53,27,35
2026-06-13,Uttar Pradesh,Wheat,Early,0.35,0.28,0.35,0.5,0.11,Low,3.1,30,10,27
2025-06-28,Punjab,Rice,Flowering,0.81,0.51,0.83,5.5,0.04,High,6.9,47,22,36
2026-07-20,Andhra Pradesh,Sugarcane,Early,0.28,0.3,0.22,0.8,0.08,Low,2.5,25,16,29
2025-06-13,Andhra Pradesh,Rice,Flowering,0.79,0.67,0.87,5.3,0.04,High,7.6,44,27,31
2025-12-05,Andhra Pradesh,Wheat,Early,0.26,0.2,0.31,0.8,0.1,Low,3.2,28,17,20
2026-07-28,Karnataka,Wheat,Vegetative,0.55,0.36,0.58,2.0,0.06,Medium,5.0,49,21,25
2026-03-13,Andhra Pradesh,Cotton,Mature,0.67,0.6,0.72,3.3,0.05,Medium,10.1,41,26,37
2026-04-19,Maharashtra,Sugarcane,Vegetative,0.55,0.41,0.47,3.2,0.09,Medium,4.7,49,19,30
2025-08-26,Karnataka,Maize,Early,0.25,0.2,0.28,0.6,0.11,Low,1.3,25,12,30
2026-02-19,Tamil Nadu,Wheat,Early,0.43,0.26,0.41,1.3,0.11,Low,2.2,32,19,28
2026-10-07,Andhra Pradesh,Sugarcane,Flowering,0.72,0.7,0.79,3.6,0.04,High,6.7,42,25,41
2025-07-08,Andhra Pradesh,Rice,Early,0.25,0.15,0.23,0.8,0.11,Low,2.2,28,14,28
2025-07-10,Tamil Nadu,Cotton,Early,0.22,0.27,0.43,1.3,0.1,Low,1.1,37,17,24
2026-10-18,Andhra Pradesh,Rice,Early,0.27,0.26,0.31,0.6,0.11,Low,3.5,39,16,23
2026-11-05,Tamil Nadu,Wheat,Vegetative,0.47,0.38,0.56,3.4,0.08,Medium,5.8,38,16,28
2026-03-19,Karnataka,Wheat,Flowering,0.86,0.68,0.81,3.5,0.06,High,8.3,55,21,41
2026-02-10,Maharashtra,Rice,Vegetative,0.65,0.36,0.72,2.2,0.08,Medium,3.7,37,16,26
2025-01-30,Tamil Nadu,Wheat,Flowering,0.74,0.63,0.85,4.0,0.05,High,7.4,50,22,34
2026-09-21,Punjab,Sugarcane,Vegetative,0.57,0.38,0.47,2.6,0.06,Medium,3.7,41,16,33
2025-07-22,Tamil Nadu,Wheat,Early,0.33,0.27,0.27,1.0,0.1,Low,3.5,37,14,31
2026-04-06,Andhra Pradesh,Cotton,Vegetative,0.62,0.41,0.58,2.8,0.07,Medium,4.3,46,21,26
2026-08-30,Karnataka,Sugarcane,Vegetative,0.69,0.48,0.63,2.4,0.07,Medium,5.8,48,18,36
2026-03-16,Uttar Pradesh,Maize,Flowering,0.76,0.66,0.9,5.0,0.06,High,6.8,43,27,41
2026-02-03,Karnataka,Wheat,Flowering,0.86,0.57,0.75,4.5,0.06,High,7.2,43,25,33
2025-01-05,Uttar Pradesh,Wheat,Vegetative,0.51,0.46,0.46,2.0,0.05,Medium,3.7,39,24,37
2026-12-23,Tamil Nadu,Cotton,Flowering,0.82,0.67,0.84,3.6,0.05,High,8.4,41,28,33
2025-08-08,Maharashtra,Cotton,Flowering,0.76,0.65,0.81,4.0,0.05,High,6.6,51,24,34
2025-07-30,Punjab,Rice,Flowering,0.7,0.6,0.79,4.7,0.05,High,7.5,44,29,38
2025-10-13,Karnataka,Rice,Mature,0.66,0.58,0.77,3.6,0.07,Medium,9.6,38,26,33
2026-12-22,Andhra Pradesh,Rice,Flowering,0.89,0.68,0.8,5.1,0.04,High,7.9,59,21,36
2025-03-06,Uttar Pradesh,Cotton,Mature,0.66,0.56,0.77,3.9,0.06,Medium,9.4,39,21,36
2026-08-15,Andhra Pradesh,Rice,Mature,0.84,0.5,0.72,4.0,0.05,High,9.3,44,27,41
2025-04-15,Maharashtra,Rice,Flowering,0.78,0.53,0.91,5.5,0.04,High,8.3,43,24,40
2026-07-04,Uttar Pradesh,Maize,Vegetative,0.46,0.38,0.58,1.9,0.06,Medium,6.3,47,24,35
2025-07-11,Karnataka,Rice,Flowering,0.81,0.69,0.87,5.2,0.06,High,8.3,42,29,44
2026-01-10,Tamil Nadu,Wheat,Early,0.25,0.2,0.28,0.5,0.11,Low,3.4,32,13,34
2025-11-30,Andhra Pradesh,Cotton,Vegetative,0.5,0.41,0.46,2.0,0.08,Medium,6.0,43,15,38
2025-07-21,Maharashtra,Sugarcane,Mature,0.82,0.6,0.77,3.4,0.03,High,10.1,41,24,32
2026-04-14,Karnataka,Maize,Mature,0.78,0.6,0.88,4.2,0.06,High,7.8,51,26,30
2025-04-27,Karnataka,Cotton,Vegetative,0.49,0.43,0.72,2.9,0.08,Medium,3.8,41,19,36
2025-09-26,Karnataka,Cotton,Vegetative,0.48,0.46,0.66,3.4,0.07,Medium,4.6,49,19,37
2026-11-18,Karnataka,Wheat,Flowering,0.7,0.59,0.75,5.0,0.05,High,6.7,56,20,32
2026-05-17,Uttar Pradesh,Rice,Mature,0.69,0.56,0.73,3.3,0.06,Medium,9.8,42,19,38
2026-06-25,Karnataka,Wheat,Early,0.39,0.25,0.28,1.7,0.08,Low,3.1,38,15,27
2026-10-17,Andhra Pradesh,Rice,Flowering,0.81,0.69,0.87,4.6,0.04,High,8.1,45,29,43
2025-11-17,Maharashtra,Rice,Vegetative,0.45,0.5,0.51,2.9,0.09,Medium,5.3,40,21,26
2026-09-04,Uttar Pradesh,Cotton,Mature,0.76,0.5,0.8,4.5,0.06,High,10.0,48,23,30
2026-02-02,Karnataka,Rice,Vegetative,0.53,0.3,0.68,2.3,0.06,Medium,6.0,41,19,34
2026-09-18,Punjab,Maize,Vegetative,0.53,0.33,0.69,2.6,0.08,Medium,3.5,47,24,39
2026-02-06,Punjab,Maize,Vegetative,0.48,0.34,0.66,1.9,0.05,Medium,3.6,35,19,37
2026-08-25,Maharashtra,Maize,Flowering,0.7,0.56,0.84,4.8,0.05,High,7.7,57,26,44
2025-04-27,Tamil Nadu,Cotton,Early,0.25,0.15,0.43,1.2,0.09,Low,3.0,37,13,31
2025-12-23,Tamil Nadu,Wheat,Early,0.3,0.29,0.22,1.3,0.09,Low,1.2,32,19,23
2025-12-27,Uttar Pradesh,Sugarcane,Mature,0.69,0.57,0.78,4.0,0.03,Medium,9.9,42,21,30
2026-04-14,Uttar Pradesh,Rice,Vegetative,0.69,0.5,0.57,2.1,0.09,Medium,5.9,46,21,28
2026-09-25,Uttar Pradesh,Sugarcane,Early,0.31,0.29,0.25,1.5,0.07,Low,3.3,31,19,31
2025-06-26,Tamil Nadu,Wheat,Vegetative,0.45,0.41,0.52,2.9,0.06,Medium,3.8,44,21,27
2026-11-21,Punjab,Wheat,Mature,0.65,0.59,0.79,3.9,0.04,Medium,10.1,39,27,34
2026-12-24,Tamil Nadu,Cotton,Vegetative,0.62,0.41,0.58,3.2,0.06,Medium,5.2,36,19,32
2025-11-01,Andhra Pradesh,Maize,Early,0.37,0.27,0.42,1.5,0.11,Low,1.9,35,14,32
2026-09-22,Karnataka,Maize,Vegetative,0.6,0.37,0.73,2.4,0.08,Medium,4.7,36,19,32
2026-08-28,Uttar Pradesh,Wheat,Early,0.21,0.21,0.4,0.9,0.12,Low,3.4,29,15,28
2025-03-28,Punjab,Cotton,Mature,0.76,0.54,0.87,3.9,0.05,High,9.3,45,22,28
2026-11-20,Maharashtra,Cotton,Vegetative,0.49,0.39,0.47,2.5,0.06,Medium,4.5,49,20,27
2025-05-18,Maharashtra,Rice,Early,0.29,0.19,0.32,1.5,0.1,Low,1.1,28,17,24
2025-11-17,Karnataka,Maize,Mature,0.72,0.52,0.85,3.9,0.05,High,8.4,53,19,33
2025-05-01,Punjab,Wheat,Vegetative,0.53,0.42,0.55,2.6,0.09,Medium,3.7,39,21,29
2025-09-02,Tamil Nadu,Sugarcane,Mature,0.74,0.49,0.73,4.1,0.05,High,9.5,54,27,41
2025-11-09,Tamil Nadu,Maize,Early,0.24,0.3,0.38,0.6,0.1,Low,2.8,34,13,33
2025-04-30,Andhra Pradesh,Rice,Vegetative,0.51,0.35,0.73,2.2,0.09,Medium,4.1,35,22,34
2025-07-07,Andhra Pradesh,Cotton,Vegetative,0.68,0.32,0.56,3.2,0.08,Medium,6.0,39,15,25
2026-01-18,Tamil Nadu,Wheat,Vegetative,0.64,0.42,0.62,1.8,0.08,Medium,4.2,40,24,37
2026-12-12,Maharashtra,Maize,Mature,0.66,0.51,0.76,3.1,0.05,Medium,9.3,52,24,39
2025-05-25,Uttar Pradesh,Sugarcane,Mature,0.75,0.5,0.9,3.1,0.05,High,8.3,46,22,41
2026-06-08,Maharashtra,Rice,Early,0.33,0.19,0.42,1.5,0.11,Low,1.4,30,19,34
2026-02-02,Andhra Pradesh,Rice,Flowering,0.79,0.7,0.86,5.2,0.04,High,8.4,48,26,41
2026-03-05,Karnataka,Maize,Vegetative,0.67,0.31,0.63,3.1,0.07,Medium,3.8,36,15,37
2026-09-03,Tamil Nadu,Sugarcane,Vegetative,0.52,0.4,0.52,2.7,0.08,Medium,3.8,44,16,25
2025-05-22,Andhra Pradesh,Rice,Early,0.45,0.15,0.41,1.5,0.08,Medium,1.8,32,11,30
2026-08-12,Andhra Pradesh,Wheat,Vegetative,0.59,0.41,0.7,3.5,0.09,Medium,4.2,46,15,35
2026-01-28,Uttar Pradesh,Rice,Mature,0.76,0.56,0.82,4.2,0.04,High,10.0,45,24,40
2026-03-10,Tamil Nadu,Sugarcane,Mature,0.65,0.51,0.74,4.0,0.04,Medium,9.7,49,21,34
2025-07-10,Uttar Pradesh,Cotton,Vegetative,0.49,0.48,0.56,2.5,0.06,Medium,4.8,40,18,31
2026-05-14,Tamil Nadu,Cotton,Vegetative,0.57,0.46,0.54,2.7,0.06,Medium,6.3,45,15,33
2026-10-13,Uttar Pradesh,Maize,Mature,0.66,0.49,0.85,4.1,0.06,Medium,8.9,52,23,37
2026-07-05,Maharashtra,Sugarcane,Vegetative,0.47,0.32,0.7,2.9,0.06,Medium,5.8,35,16,34
2026-12-12,Karnataka,Rice,Mature,0.85,0.47,0.73,3.8,0.06,High,7.6,46,25,33
2026-10-23,Karnataka,Rice,Flowering,0.71,0.69,0.86,4.6,0.06,High,8.4,56,27,32
2025-06-27,Tamil Nadu,Cotton,Flowering,0.85,0.5,0.8,4.3,0.05,High,7.9,53,27,42
2026-07-23,Punjab,Cotton,Vegetative,0.46,0.36,0.69,3.4,0.06,Medium,3.6,43,24,35
2025-06-20,Andhra Pradesh,Wheat,Vegetative,0.48,0.5,0.46,2.7,0.08,Medium,5.9,42,16,28
2026-05-17,Andhra Pradesh,Cotton,Vegetative,0.59,0.36,0.66,1.9,0.09,Medium,4.1,43,24,32
2025-10-23,Tamil Nadu,Wheat,Mature,0.65,0.55,0.74,3.9,0.04,Medium,7.6,51,20,32
2025-05-24,Uttar Pradesh,Rice,Flowering,0.85,0.58,0.95,5.4,0.05,High,8.3,56,22,42
2025-07-11,Punjab,Wheat,Flowering,0.9,0.63,0.78,4.4,0.04,High,8.1,51,21,39
2025-11-19,Maharashtra,Wheat,Early,0.28,0.19,0.45,1.2,0.11,Low,2.1,28,14,28
2026-04-07,Uttar Pradesh,Maize,Early,0.4,0.22,0.29,0.7,0.11,Low,3.3,34,11,23
2026-09-27,Uttar Pradesh,Cotton,Vegetative,0.48,0.3,0.49,2.9,0.06,Medium,5.4,42,21,39
2025-02-24,Tamil Nadu,Wheat,Mature,0.82,0.47,0.83,3.8,0.07,High,7.7,40,25,39
2026-01-03,Tamil Nadu,Rice,Vegetative,0.46,0.41,0.53,3.4,0.07,Medium,6.4,47,23,30
2025-01-10,Andhra Pradesh,Sugarcane,Flowering,0.85,0.66,0.77,4.9,0.04,High,6.8,51,29,30
2026-05-12,Tamil Nadu,Wheat,Vegetative,0.48,0.3,0.49,3.3,0.08,Medium,5.9,35,22,29
2025-05-20,Tamil Nadu,Cotton,Vegetative,0.46,0.39,0.56,3.2,0.08,Medium,3.9,44,22,37
2025-07-19,Tamil Nadu,Maize,Flowering,0.76,0.7,0.82,4.3,0.03,High,7.9,57,23,42
2026-01-29,Andhra Pradesh,Rice,Flowering,0.89,0.66,0.9,5.4,0.04,High,7.9,52,25,42
2026-07-30,Maharashtra,Maize,Flowering,0.7,0.65,0.79,5.2,0.03,High,7.6,49,24,40
2026-06-02,Maharashtra,Sugarcane,Flowering,0.72,0.54,0.87,4.8,0.03,High,7.6,44,21,37
2026-10-31,Tamil Nadu,Wheat,Early,0.4,0.19,0.26,1.0,0.07,Low,1.8,25,11,29
2026-05-22,Andhra Pradesh,Wheat,Mature,0.83,0.49,0.87,3.8,0.06,High,7.8,50,27,30
2026-02-23,Maharashtra,Cotton,Mature,0.78,0.57,0.75,4.4,0.04,High,9.0,52,21,34
2026-12-03,Uttar Pradesh,Wheat,Flowering,0.73,0.65,0.94,4.2,0.04,High,6.7,47,21,44
2026-05-19,Maharashtra,Rice,Mature,0.66,0.56,0.87,4.6,0.05,Medium,8.9,39,22,34
2026-03-02,Maharashtra,Sugarcane,Mature,0.78,0.54,0.77,3.2,0.03,High,8.8,47,25,30
2026-12-29,Andhra Pradesh,Maize,Mature,0.66,0.47,0.82,3.1,0.05,Medium,9.5,36,19,34
2026-03-31,Uttar Pradesh,Sugarcane,Mature,0.84,0.58,0.84,3.9,0.05,High,8.9,42,23,35
2026-05-16,Andhra Pradesh,Wheat,Flowering,0.85,0.69,0.88,4.7,0.04,High,6.9,41,28,30
2025-06-21,Tamil Nadu,Maize,Vegetative,0.51,0.33,0.57,3.4,0.05,Medium,6.5,47,15,29
2025-03-26,Karnataka,Cotton,Vegetative,0.51,0.44,0.48,2.6,0.06,Medium,5.3,35,18,39
2026-08-02,Maharashtra,Sugarcane,Vegetative,0.69,0.37,0.71,2.8,0.08,Medium,6.1,42,19,39
2025-02-01,Karnataka,Maize,Early,0.34,0.2,0.28,1.5,0.1,Low,2.8,28,10,31
2025-08-14,Andhra Pradesh,Maize,Mature,0.71,0.48,0.74,3.3,0.05,High,8.3,45,20,34
2025-10-27,Andhra Pradesh,Maize,Flowering,0.82,0.55,0.92,4.2,0.05,High,7.0,42,27,41
2025-02-03,Andhra Pradesh,Rice,Flowering,0.71,0.59,0.9,5.0,0.06,High,6.9,56,23,41
2025-10-09,Karnataka,Sugarcane,Early,0.36,0.17,0.42,1.7,0.09,Low,2.5,26,15,34
2025-08-19,Andhra Pradesh,Maize,Flowering,0.74,0.59,0.8,4.6,0.06,High,7.6,41,20,44
2026-07-05,Tamil Nadu,Sugarcane,Vegetative,0.49,0.48,0.62,3.0,0.08,Medium,5.4,37,23,26
2025-10-23,Andhra Pradesh,Maize,Early,0.23,0.29,0.21,0.6,0.09,Low,1.7,30,15,21
2025-06-22,Punjab,Cotton,Flowering,0.84,0.63,0.83,5.4,0.05,High,7.0,45,27,32
2026-04-14,Karnataka,Cotton,Early,0.21,0.24,0.26,0.6,0.12,Low,3.0,28,13,24
2026-08-03,Punjab,Cotton,Early,0.27,0.27,0.42,1.1,0.09,Low,2.5,35,11,26
2026-05-23,Andhra Pradesh,Wheat,Flowering,0.89,0.51,0.85,4.8,0.06,High,7.6,58,23,33
2026-07-17,Tamil Nadu,Maize,Vegetative,0.55,0.33,0.6,2.6,0.07,Medium,4.3,42,22,38
2026-06-08,Maharashtra,Wheat,Flowering,0.85,0.65,0.85,4.3,0.06,High,7.5,41,25,42
2025-04-26,Uttar Pradesh,Sugarcane,Mature,0.82,0.46,0.86,4.6,0.03,High,8.7,36,25,33
2026-08-10,Uttar Pradesh,Wheat,Mature,0.75,0.58,0.87,4.7,0.05,High,8.7,40,21,30
2025-04-27,Andhra Pradesh,Sugarcane,Flowering,0.78,0.63,0.79,3.7,0.03,High,7.3,42,25,40
2025-10-02,Tamil Nadu,Sugarcane,Vegetative,0.69,0.39,0.47,2.7,0.05,Medium,3.8,44,20,27
2026-07-11,Karnataka,Sugarcane,Mature,0.85,0.5,0.7,3.7,0.07,High,9.4,39,26,39
2026-01-11,Punjab,Wheat,Mature,0.7,0.55,0.71,3.9,0.06,High,8.8,42,23,38
2026-07-10,Punjab,Maize,Flowering,0.85,0.6,0.79,3.6,0.04,High,8.1,57,27,33
2025-02-12,Punjab,Wheat,Flowering,0.7,0.6,0.89,3.9,0.05,High,7.3,57,27,31
2026-03-28,Karnataka,Maize,Flowering,0.85,0.63,0.82,3.8,0.04,High,6.5,51,28,39
2026-07-14,Uttar Pradesh,Maize,Early,0.27,0.16,0.28,0.9,0.09,Low,1.7,25,17,30
2025-08-12,Tamil Nadu,Sugarcane,Early,0.33,0.2,0.33,1.0,0.08,Low,2.4,33,13,26
2026-03-12,Karnataka,Wheat,Early,0.22,0.25,0.3,1.1,0.09,Low,1.6,25,19,27
2025-04-15,Punjab,Maize,Flowering,0.81,0.56,0.94,4.7,0.05,High,6.5,55,29,30
2026-11-01,Andhra Pradesh,Cotton,Vegetative,0.59,0.46,0.52,3.1,0.06,Medium,3.8,36,16,25
2025-09-11,Maharashtra,Maize,Mature,0.79,0.49,0.82,3.5,0.04,High,10.2,48,21,38
2025-11-01,Karnataka,Cotton,Early,0.25,0.17,0.3,1.6,0.08,Low,2.6,35,11,20
2025-02-03,Karnataka,Wheat,Vegetative,0.7,0.45,0.47,3.3,0.09,High,5.2,48,16,31
2026-04-06,Tamil Nadu,Wheat,Flowering,0.74,0.59,0.89,4.8,0.05,High,7.5,42,27,43
2025-09-27,Tamil Nadu,Wheat,Early,0.21,0.26,0.21,1.4,0.09,Low,2.5,37,15,27
2025-12-23,Karnataka,Maize,Flowering,0.84,0.68,0.79,5.3,0.03,High,8.0,57,24,32
2025-03-31,Punjab,Rice,Vegetative,0.56,0.37,0.57,3.1,0.08,Medium,6.4,44,19,26
2026-03-26,Maharashtra,Maize,Early,0.35,0.27,0.27,0.8,0.11,Low,2.8,30,10,32
2025-05-01,Tamil Nadu,Maize,Early,0.37,0.17,0.44,1.3,0.11,Low,3.0,25,10,24
2025-08-31,Punjab,Sugarcane,Early,0.41,0.24,0.29,1.3,0.1,Low,2.8,28,18,32
2025-08-03,Andhra Pradesh,Sugarcane,Early,0.3,0.18,0.41,0.6,0.09,Low,2.7,33,11,29
2026-08-26,Tamil Nadu,Maize,Vegetative,0.6,0.37,0.51,2.4,0.08,Medium,5.6,43,22,30
2026-12-07,Punjab,Cotton,Early,0.22,0.19,0.25,1.5,0.11,Low,2.9,39,12,20
2025-12-26,Punjab,Sugarcane,Mature,0.68,0.47,0.9,4.5,0.06,Medium,8.1,37,25,30
2026-12-29,Maharashtra,Maize,Mature,0.73,0.59,0.84,3.1,0.04,High,7.9,48,20,31
2026-09-17,Maharashtra,Rice,Flowering,0.84,0.5,0.82,4.4,0.05,High,7.5,50,27,37
2026-10-10,Andhra Pradesh,Cotton,Early,0.22,0.2,0.39,1.5,0.11,Low,1.1,39,19,33
2026-03-15,Punjab,Wheat,Mature,0.67,0.46,0.87,4.2,0.04,Medium,8.0,39,26,38
2025-06-19,Uttar Pradesh,Maize,Mature,0.82,0.48,0.8,4.1,0.03,High,9.2,51,19,38
2026-09-23,Punjab,Maize,Mature,0.82,0.52,0.87,3.7,0.04,High,8.9,40,20,38
2025-05-23,Maharashtra,Cotton,Vegetative,0.65,0.41,0.72,2.7,0.06,Medium,3.9,43,17,32
2025-07-31,Uttar Pradesh,Sugarcane,Early,0.43,0.27,0.26,1.7,0.08,Low,3.3,34,10,30
2025-07-31,Tamil Nadu,Sugarcane,Vegetative,0.66,0.44,0.59,2.2,0.08,Medium,4.5,42,19,26
2025-03-02,Tamil Nadu,Sugarcane,Vegetative,0.47,0.38,0.63,3.3,0.08,Medium,4.3,42,21,36
2026-08-07,Karnataka,Wheat,Mature,0.7,0.52,0.71,4.7,0.05,High,8.2,37,21,28
2025-12-26,Maharashtra,Cotton,Mature,0.73,0.52,0.72,3.1,0.05,High,9.0,49,19,37
2026-06-30,Karnataka,Cotton,Flowering,0.86,0.56,0.83,3.9,0.04,High,8.3,57,23,36
2025-10-15,Uttar Pradesh,Sugarcane,Early,0.38,0.19,0.31,1.7,0.08,Low,3.0,31,18,23
2026-09-04,Maharashtra,Sugarcane,Early,0.36,0.19,0.24,1.0,0.08,Low,3.1,26,13,26
2026-07-06,Andhra Pradesh,Rice,Mature,0.74,0.56,0.87,3.6,0.05,High,8.3,35,26,38
2025-06-22,Punjab,Rice,Mature,0.66,0.48,0.77,3.4,0.05,Medium,9.3,41,24,40
2025-11-28,Andhra Pradesh,Maize,Early,0.22,0.16,0.37,1.7,0.09,Low,3.1,28,16,24
2026-12-22,Uttar Pradesh,Maize,Flowering,0.78,0.56,0.84,3.6,0.04,High,7.1,50,20,35
2025-10-27,Maharashtra,Cotton,Mature,0.8,0.53,0.72,4.7,0.06,High,8.3,48,22,41
2025-10-24,Uttar Pradesh,Cotton,Flowering,0.79,0.69,0.93,4.3,0.04,High,6.7,43,21,42
2026-08-10,Punjab,Wheat,Vegetative,0.69,0.49,0.69,2.4,0.06,Medium,5.3,45,24,36
2025-10-01,Tamil Nadu,Wheat,Mature,0.82,0.52,0.75,3.7,0.04,High,9.2,49,20,35
2026-06-11,Tamil Nadu,Rice,Vegetative,0.54,0.49,0.64,2.7,0.06,Medium,5.2,38,16,32
2026-11-27,Uttar Pradesh,Maize,Mature,0.68,0.6,0.8,3.6,0.05,Medium,8.3,50,19,39
2025-04-08,Karnataka,Rice,Vegetative,0.61,0.38,0.53,2.8,0.09,Medium,3.9,45,20,35
2025-05-19,Maharashtra,Rice,Mature,0.69,0.5,0.86,4.6,0.05,Medium,8.4,51,25,28
2026-02-26,Maharashtra,Maize,Flowering,0.74,0.56,0.85,4.6,0.04,High,7.0,53,24,31
2025-03-02,Tamil Nadu,Wheat,Flowering,0.87,0.69,0.81,5.2,0.05,High,8.4,41,26,38
2025-10-11,Andhra Pradesh,Maize,Flowering,0.84,0.69,0.91,5.0,0.04,High,7.9,52,29,39
2026-11-03,Punjab,Sugarcane,Vegetative,0.58,0.39,0.74,3.4,0.07,Medium,4.8,37,23,39
2025-05-10,Andhra Pradesh,Sugarcane,Flowering,0.76,0.63,0.81,4.2,0.06,High,7.7,43,27,44
2026-12-20,Andhra Pradesh,Sugarcane,Vegetative,0.59,0.33,0.71,2.8,0.05,Medium,4.4,49,18,26
2025-05-16,Uttar Pradesh,Cotton,Mature,0.75,0.59,0.77,3.6,0.06,High,8.5,54,18,36
2025-09-13,Tamil Nadu,Wheat,Vegetative,0.69,0.49,0.52,2.7,0.06,Medium,5.5,46,18,39
2025-05-30,Tamil Nadu,Wheat,Mature,0.81,0.5,0.72,4.5,0.06,High,9.6,47,19,35
2026-12-30,Tamil Nadu,Cotton,Early,0.23,0.16,0.28,0.6,0.1,Low,1.0,28,17,24
2025-11-26,Uttar Pradesh,Rice,Early,0.41,0.29,0.23,1.0,0.12,Low,2.2,32,16,26
2025-09-11,Karnataka,Sugarcane,Early,0.25,0.3,0.4,0.7,0.08,Low,3.3,39,17,28
2026-11-24,Andhra Pradesh,Sugarcane,Vegetative,0.49,0.31,0.74,2.6,0.07,Medium,6.4,37,16,35
2026-02-07,Uttar Pradesh,Rice,Early,0.25,0.21,0.44,0.7,0.08,Low,1.5,33,18,34
2026-05-17,Maharashtra,Maize,Early,0.32,0.15,0.26,1.1,0.1,Low,2.4,35,15,20
2025-05-26,Punjab,Maize,Early,0.45,0.25,0.39,0.7,0.11,Medium,3.4,33,17,30
2026-08-15,Karnataka,Wheat,Mature,0.8,0.5,0.8,3.2,0.04,High,7.7,43,18,37
2026-10-10,Maharashtra,Cotton,Flowering,0.88,0.61,0.8,3.6,0.06,High,7.5,59,26,36
2025-10-03,Andhra Pradesh,Wheat,Vegetative,0.52,0.33,0.58,2.6,0.08,Medium,5.1,42,20,34
2026-10-05,Tamil Nadu,Maize,Early,0.27,0.26,0.3,1.2,0.1,Low,3.4,32,12,28
2026-03-01,Andhra Pradesh,Rice,Mature,0.66,0.5,0.85,3.4,0.03,Medium,9.0,40,26,31
2026-01-20,Uttar Pradesh,Wheat,Flowering,0.85,0.64,0.92,3.9,0.05,High,7.2,58,28,34
2026-04-08,Punjab,Sugarcane,Flowering,0.76,0.63,0.9,3.9,0.05,High,8.1,49,21,34
2025-03-19,Uttar Pradesh,Sugarcane,Flowering,0.72,0.67,0.91,4.4,0.03,High,7.8,51,27,40
2026-10-11,Karnataka,Rice,Mature,0.77,0.55,0.81,3.9,0.04,High,8.2,39,19,38
2025-04-06,Karnataka,Maize,Early,0.34,0.29,0.33,0.9,0.08,Low,3.2,31,13,23
2026-02-17,Punjab,Sugarcane,Flowering,0.72,0.62,0.91,4.0,0.04,High,7.6,50,23,42
2026-06-12,Maharashtra,Sugarcane,Mature,0.7,0.59,0.71,4.2,0.06,High,8.6,43,26,39
2025-10-12,Maharashtra,Cotton,Mature,0.68,0.48,0.8,3.7,0.05,Medium,10.3,39,22,40
2026-12-13,Karnataka,Wheat,Vegetative,0.53,0.33,0.73,2.5,0.07,Medium,5.9,46,22,32
2026-01-13,Karnataka,Maize,Mature,0.8,0.6,0.81,4.3,0.05,High,8.6,39,25,31
2026-04-11,Tamil Nadu,Wheat,Flowering,0.71,0.51,0.88,4.6,0.03,High,7.6,53,22,39
2026-05-15,Maharashtra,Maize,Flowering,0.79,0.67,0.79,4.3,0.05,High,7.5,52,22,33
2025-12-02,Punjab,Sugarcane,Mature,0.73,0.45,0.78,4.4,0.05,High,9.5,54,27,40
2026-08-19,Maharashtra,Cotton,Flowering,0.77,0.64,0.86,4.8,0.04,High,6.9,51,25,43
2025-01-03,Tamil Nadu,Wheat,Mature,0.73,0.59,0.9,4.2,0.05,High,10.0,37,18,40
2025-04-06,Uttar Pradesh,Sugarcane,Flowering,0.79,0.67,0.89,5.3,0.03,High,7.5,40,29,31
2026-04-15,Karnataka,Maize,Vegetative,0.61,0.41,0.68,2.3,0.05,Medium,4.1,48,22,37
2026-10-13,Karnataka,Wheat,Early,0.28,0.24,0.24,1.1,0.12,Low,3.5,28,11,32
2026-11-12,Tamil Nadu,Wheat,Vegetative,0.53,0.37,0.64,2.6,0.08,Medium,5.6,35,22,32
2026-12-16,Punjab,Sugarcane,Vegetative,0.66,0.42,0.73,3.1,0.07,Medium,6.2,47,22,27
2026-01-02,Karnataka,Wheat,Early,0.44,0.15,0.29,0.5,0.1,Low,2.0,30,14,28
2025-03-06,Andhra Pradesh,Cotton,Flowering,0.8,0.56,0.92,4.7,0.05,High,6.9,40,20,33
2026-07-02,Karnataka,Cotton,Early,0.33,0.17,0.21,0.8,0.07,Low,1.1,27,16,34
2026-02-12,Andhra Pradesh,Sugarcane,Mature,0.78,0.55,0.75,3.0,0.05,High,8.6,36,26,39
2025-08-12,Tamil Nadu,Maize,Early,0.28,0.22,0.37,1.0,0.09,Low,2.4,38,12,33
2026-03-16,Tamil Nadu,Sugarcane,Vegetative,0.49,0.37,0.46,2.8,0.06,Medium,4.6,42,24,27
2025-08-05,Karnataka,Cotton,Early,0.41,0.24,0.34,1.4,0.07,Low,1.3,38,15,20
2026-05-22,Maharashtra,Rice,Flowering,0.8,0.59,0.86,5.4,0.04,High,6.9,40,25,30
2025-10-02,Andhra Pradesh,Rice,Vegetative,0.47,0.4,0.62,3.0,0.09,Medium,4.8,46,18,31
2025-11-27,Punjab,Wheat,Mature,0.83,0.46,0.72,4.7,0.03,High,10.1,42,27,38
2025-10-18,Karnataka,Wheat,Flowering,0.9,0.69,0.89,3.7,0.04,High,7.1,41,27,36
2025-12-12,Punjab,Rice,Vegetative,0.6,0.3,0.68,3.4,0.08,Medium,6.1,36,15,32
2026-07-15,Karnataka,Cotton,Mature,0.66,0.48,0.71,4.1,0.05,Medium,8.1,48,26,28
2026-08-15,Maharashtra,Wheat,Flowering,0.84,0.59,0.83,5.0,0.03,High,7.9,44,29,37
2025-05-14,Maharashtra,Sugarcane,Mature,0.78,0.5,0.74,3.2,0.03,High,7.7,46,21,39
2026-08-03,Maharashtra,Sugarcane,Early,0.4,0.25,0.25,0.9,0.07,Low,3.4,29,11,22
2026-05-12,Uttar Pradesh,Cotton,Early,0.38,0.23,0.22,1.5,0.08,Low,2.0,34,11,28
2025-12-18,Maharashtra,Wheat,Mature,0.81,0.53,0.72,4.7,0.06,High,7.9,43,22,32
2026-11-30,Tamil Nadu,Sugarcane,Early,0.27,0.16,0.44,1.6,0.08,Low,3.2,25,13,24
2025-02-19,Tamil Nadu,Wheat,Mature,0.82,0.54,0.87,3.8,0.05,High,8.4,53,21,33
2025-02-17,Uttar Pradesh,Wheat,Flowering,0.86,0.56,0.81,3.6,0.03,High,7.5,53,23,31
2025-04-12,Andhra Pradesh,Sugarcane,Vegetative,0.65,0.49,0.67,2.1,0.07,Medium,5.8,48,19,33
2026-10-04,Punjab,Rice,Mature,0.81,0.46,0.76,3.7,0.07,High,7.5,46,20,30
2026-04-16,Karnataka,Sugarcane,Vegetative,0.51,0.45,0.67,2.6,0.09,Medium,4.1,46,17,26
2025-01-17,Karnataka,Cotton,Vegetative,0.54,0.46,0.49,2.0,0.09,Medium,3.8,42,17,37
2025-05-08,Uttar Pradesh,Maize,Mature,0.79,0.58,0.76,3.0,0.05,High,9.0,35,19,36
2025-06-11,Tamil Nadu,Sugarcane,Early,0.44,0.21,0.42,1.6,0.08,Low,3.0,28,14,30
2026-03-28,Karnataka,Wheat,Flowering,0.74,0.53,0.8,3.6,0.04,High,7.1,45,24,38
2026-04-13,Tamil Nadu,Wheat,Vegetative,0.6,0.34,0.49,3.0,0.05,Medium,4.6,44,19,36
2025-01-01,Andhra Pradesh,Sugarcane,Flowering,0.85,0.59,0.94,4.7,0.05,High,8.3,49,29,40
2026-03-15,Punjab,Maize,Vegetative,0.69,0.39,0.55,2.7,0.08,Medium,3.5,39,23,31
2025-07-27,Andhra Pradesh,Sugarcane,Mature,0.69,0.57,0.89,3.7,0.06,Medium,9.1,54,25,33
2026-12-07,Uttar Pradesh,Maize,Early,0.24,0.25,0.35,0.5,0.07,Low,1.7,37,16,27
2025-05-16,Maharashtra,Maize,Flowering,0.74,0.68,0.86,4.7,0.04,High,7.1,50,25,34
2026-10-28,Maharashtra,Cotton,Vegetative,0.51,0.33,0.48,3.3,0.06,Medium,5.7,39,15,31
2025-11-06,Maharashtra,Wheat,Mature,0.83,0.49,0.89,4.5,0.07,High,9.5,41,25,39
2025-06-12,Andhra Pradesh,Wheat,Mature,0.84,0.46,0.85,3.4,0.05,High,10.1,48,27,30
2025-10-08,Karnataka,Maize,Vegetative,0.58,0.46,0.61,2.1,0.07,Medium,6.3,47,16,35
2025-04-06,Punjab,Wheat,Vegetative,0.6,0.38,0.55,3.0,0.06,Medium,5.8,43,15,39
2026-11-02,Maharashtra,Rice,Vegetative,0.65,0.43,0.52,3.4,0.05,Medium,4.2,42,16,39
2026-01-05,Uttar Pradesh,Maize,Early,0.42,0.29,0.38,0.5,0.12,Low,2.1,28,19,31
2025-09-14,Uttar Pradesh,Wheat,Vegetative,0.52,0.46,0.53,2.2,0.08,Medium,4.4,43,23,33
2025-03-26,Maharashtra,Rice,Vegetative,0.58,0.4,0.73,2.7,0.07,Medium,4.3,44,18,28
2026-01-16,Maharashtra,Cotton,Early,0.21,0.15,0.33,0.6,0.08,Low,3.3,36,16,27
2026-11-12,Punjab,Wheat,Mature,0.8,0.58,0.71,3.3,0.05,High,8.6,37,23,32
2026-10-27,Maharashtra,Rice,Vegetative,0.48,0.33,0.63,2.3,0.07,Medium,4.7,38,15,32
2025-06-19,Punjab,Sugarcane,Flowering,0.89,0.55,0.81,4.9,0.03,High,8.3,45,24,42
2025-02-23,Uttar Pradesh,Sugarcane,Mature,0.77,0.48,0.71,3.5,0.07,High,10.3,46,23,31
2026-02-10,Maharashtra,Rice,Flowering,0.79,0.63,0.82,4.5,0.04,High,6.6,56,20,42
2026-10-03,Andhra Pradesh,Maize,Vegetative,0.69,0.49,0.7,2.2,0.07,Medium,4.8,36,24,33
2025-11-09,Andhra Pradesh,Maize,Early,0.33,0.16,0.4,1.4,0.09,Low,2.6,30,15,33
2026-12-18,Uttar Pradesh,Wheat,Early,0.22,0.29,0.23,1.6,0.11,Low,2.6,27,13,22
2025-08-28,Punjab,Sugarcane,Early,0.36,0.23,0.38,0.8,0.07,Low,2.7,36,10,28
2026-03-16,Andhra Pradesh,Maize,Vegetative,0.6,0.47,0.48,3.2,0.06,Medium,5.1,47,15,34
2026-11-03,Punjab,Maize,Vegetative,0.51,0.44,0.63,1.9,0.08,Medium,5.0,45,23,29
2025-04-04,Andhra Pradesh,Sugarcane,Flowering,0.75,0.61,0.85,4.3,0.05,High,7.6,52,21,36
2026-12-22,Andhra Pradesh,Cotton,Early,0.32,0.16,0.26,0.5,0.09,Low,1.8,31,14,22
2025-04-08,Punjab,Maize,Vegetative,0.53,0.49,0.65,2.6,0.08,Medium,5.8,47,21,27
2025-01-02,Karnataka,Rice,Mature,0.81,0.46,0.87,3.6,0.06,High,9.7,46,25,37
2025-08-07,Andhra Pradesh,Wheat,Vegetative,0.68,0.48,0.48,1.8,0.09,Medium,6.4,41,17,36
2026-05-04,Maharashtra,Maize,Vegetative,0.57,0.42,0.75,1.9,0.05,Medium,6.0,43,20,36
2025-03-21,Uttar Pradesh,Maize,Mature,0.8,0.48,0.74,3.6,0.04,High,9.5,49,20,33
2025-05-16,Karnataka,Cotton,Early,0.44,0.29,0.42,1.2,0.08,Low,2.8,35,16,31
2026-08-31,Punjab,Rice,Mature,0.69,0.6,0.73,4.2,0.03,Medium,8.7,47,24,32
2025-08-20,Karnataka,Wheat,Early,0.43,0.24,0.36,1.7,0.11,Low,1.4,37,18,22
2026-06-16,Tamil Nadu,Maize,Mature,0.67,0.59,0.89,4.3,0.05,Medium,8.3,54,18,32
2026-11-28,Tamil Nadu,Wheat,Flowering,0.83,0.63,0.79,4.2,0.05,High,6.5,44,29,40
2026-04-01,Andhra Pradesh,Sugarcane,Early,0.37,0.29,0.45,0.5,0.12,Low,1.3,31,12,20
2025-01-10,Andhra Pradesh,Maize,Vegetative,0.54,0.48,0.61,2.5,0.05,Medium,4.9,41,20,36
2025-01-09,Maharashtra,Maize,Flowering,0.83,0.7,0.83,4.1,0.03,High,6.9,59,28,44
2026-12-14,Uttar Pradesh,Sugarcane,Early,0.4,0.28,0.41,1.7,0.08,Low,2.1,30,16,28
2025-12-18,Karnataka,Cotton,Early,0.35,0.26,0.41,1.0,0.1,Low,3.0,37,19,23
2025-05-04,Tamil Nadu,Maize,Early,0.32,0.27,0.43,1.2,0.07,Low,3.0,37,19,20
2026-03-09,Andhra Pradesh,Wheat,Mature,0.7,0.53,0.75,4.7,0.06,High,8.4,49,26,28
2026-12-12,Uttar Pradesh,Rice,Early,0.44,0.21,0.43,1.2,0.09,Low,1.8,32,12,22
2025-05-16,Karnataka,Wheat,Vegetative,0.54,0.33,0.56,2.8,0.05,Medium,6.1,37,24,25
2026-05-05,Andhra Pradesh,Cotton,Early,0.3,0.25,0.33,1.4,0.09,Low,1.5,38,12,27
2025-03-14,Andhra Pradesh,Rice,Vegetative,0.49,0.38,0.51,2.9,0.07,Medium,4.6,40,15,33
2025-08-23,Tamil Nadu,Wheat,Vegetative,0.6,0.3,0.58,2.3,0.06,Medium,3.5,41,15,30
2026-01-28,Tamil Nadu,Wheat,Vegetative,0.47,0.45,0.6,3.2,0.07,Medium,3.5,48,18,27
2025-04-02,Andhra Pradesh,Sugarcane,Flowering,0.86,0.67,0.78,4.6,0.05,High,6.7,47,22,40
2025-04-15,Punjab,Cotton,Vegetative,0.45,0.31,0.65,2.3,0.07,Medium,5.4,38,16,34
2025-04-16,Andhra Pradesh,Sugarcane,Mature,0.76,0.49,0.71,4.1,0.05,High,10.5,49,20,40
2025-11-17,Uttar Pradesh,Rice,Early,0.2,0.3,0.31,1.0,0.07,Low,3.2,39,17,29
2026-01-12,Andhra Pradesh,Sugarcane,Mature,0.74,0.46,0.71,4.2,0.07,High,9.8,53,23,28
2025-11-03,Maharashtra,Cotton,Flowering,0.71,0.53,0.95,4.3,0.06,High,7.9,56,22,32
2025-05-21,Maharashtra,Maize,Early,0.26,0.23,0.45,1.5,0.08,Low,2.8,25,11,30
2026-01-27,Maharashtra,Maize,Vegetative,0.53,0.42,0.61,2.3,0.07,Medium,5.1,46,16,34
2025-05-17,Punjab,Rice,Early,0.41,0.15,0.28,1.5,0.1,Low,3.3,36,11,33
2026-10-19,Punjab,Maize,Flowering,0.84,0.54,0.9,4.1,0.04,High,6.5,55,28,44
2026-11-25,Andhra Pradesh,Sugarcane,Flowering,0.71,0.63,0.94,4.7,0.05,High,6.7,50,29,32
2025-05-27,Maharashtra,Rice,Mature,0.82,0.53,0.9,3.2,0.05,High,8.5,52,22,32
2025-03-12,Punjab,Cotton,Early,0.42,0.17,0.21,0.9,0.07,Low,1.2,37,12,29
2026-06-28,Tamil Nadu,Rice,Early,0.4,0.24,0.29,0.9,0.1,Low,2.1,28,13,27
2026-07-31,Andhra Pradesh,Rice,Early,0.32,0.19,0.27,1.1,0.11,Low,2.1,29,15,32
2025-01-09,Uttar Pradesh,Wheat,Mature,0.7,0.53,0.77,3.4,0.07,High,8.6,52,25,40
2026-09-17,Karnataka,Wheat,Flowering,0.85,0.69,0.83,4.9,0.05,High,7.3,44,24,31
2026-10-28,Andhra Pradesh,Rice,Vegetative,0.5,0.37,0.65,2.0,0.08,Medium,3.9,49,24,25
2025-06-18,Karnataka,Maize,Early,0.22,0.19,0.43,0.5,0.07,Low,2.8,33,17,27
2026-03-27,Maharashtra,Wheat,Mature,0.75,0.49,0.78,4.3,0.03,High,10.4,48,24,33
2025-12-26,Karnataka,Cotton,Mature,0.71,0.47,0.87,4.2,0.04,High,7.6,43,20,36
2025-08-07,Maharashtra,Sugarcane,Vegetative,0.58,0.44,0.59,2.1,0.08,Medium,5.7,38,22,32
2026-10-06,Tamil Nadu,Wheat,Flowering,0.89,0.55,0.85,5.2,0.04,High,7.5,58,25,44
2025-06-05,Karnataka,Rice,Early,0.37,0.24,0.29,1.3,0.08,Low,2.0,29,10,29
2026-02-26,Andhra Pradesh,Maize,Early,0.38,0.2,0.37,1.1,0.08,Low,2.8,33,10,31
2026-09-23,Maharashtra,Sugarcane,Mature,0.72,0.52,0.84,3.8,0.05,High,9.3,48,22,32
2026-12-05,Andhra Pradesh,Wheat,Flowering,0.71,0.6,0.79,4.5,0.04,High,7.9,54,23,42
2026-03-30,Punjab,Maize,Early,0.26,0.3,0.3,1.0,0.11,Low,1.2,33,19,25
2025-08-11,Maharashtra,Maize,Vegetative,0.69,0.34,0.7,2.1,0.06,Medium,3.8,39,24,33
2025-03-30,Karnataka,Maize,Flowering,0.8,0.65,0.85,3.9,0.05,High,6.7,44,27,44
2025-04-13,Maharashtra,Rice,Flowering,0.83,0.57,0.88,5.3,0.05,High,7.8,56,23,37
2025-05-24,Andhra Pradesh,Cotton,Mature,0.8,0.56,0.75,4.1,0.04,High,7.9,48,26,37
2025-05-07,Tamil Nadu,Maize,Mature,0.81,0.5,0.71,3.1,0.04,High,7.9,53,25,28
2026-08-27,Maharashtra,Sugarcane,Early,0.44,0.2,0.35,1.7,0.1,Low,1.9,34,10,31
2026-01-29,Karnataka,Wheat,Mature,0.81,0.52,0.89,4.4,0.04,High,8.8,52,20,31
2025-12-26,Punjab,Sugarcane,Flowering,0.71,0.5,0.85,4.7,0.04,High,7.6,52,22,31
2026-03-16,Uttar Pradesh,Rice,Early,0.39,0.24,0.24,0.6,0.1,Low,2.3,25,11,28
2025-11-19,Tamil Nadu,Rice,Early,0.29,0.25,0.25,1.6,0.08,Low,2.0,30,18,21
2025-05-24,Punjab,Sugarcane,Flowering,0.8,0.57,0.85,4.3,0.06,High,6.7,53,25,43
2025-09-11,Maharashtra,Cotton,Early,0.29,0.29,0.24,0.9,0.09,Low,2.6,26,16,33
2025-10-11,Andhra Pradesh,Rice,Vegetative,0.66,0.48,0.59,2.6,0.06,Medium,5.3,41,22,34
2026-10-23,Andhra Pradesh,Rice,Vegetative,0.49,0.38,0.62,1.9,0.06,Medium,4.5,44,19,35
2025-03-28,Karnataka,Sugarcane,Early,0.31,0.23,0.32,1.5,0.08,Low,3.0,34,11,31
2025-09-12,Andhra Pradesh,Rice,Mature,0.67,0.54,0.81,3.6,0.03,Medium,8.1,51,21,41
2026-07-21,Tamil Nadu,Cotton,Vegetative,0.61,0.44,0.63,3.5,0.06,Medium,4.3,43,17,34
2026-09-08,Andhra Pradesh,Cotton,Early,0.39,0.21,0.32,1.3,0.12,Low,1.6,27,18,22
2026-09-07,Karnataka,Cotton,Vegetative,0.67,0.48,0.64,2.1,0.05,Medium,6.2,36,15,29
2026-09-15,Uttar Pradesh,Wheat,Mature,0.75,0.6,0.86,4.5,0.05,High,8.5,53,21,41
2025-10-19,Maharashtra,Cotton,Flowering,0.79,0.63,0.8,4.5,0.04,High,8.4,49,25,35
2026-12-09,Maharashtra,Cotton,Early,0.32,0.19,0.34,0.6,0.1,Low,2.2,28,17,32
2025-01-28,Andhra Pradesh,Wheat,Early,0.27,0.21,0.37,0.8,0.11,Low,2.1,31,10,33
2026-11-06,Punjab,Maize,Early,0.27,0.19,0.27,0.5,0.12,Low,3.5,38,14,33
2025-11-05,Maharashtra,Rice,Early,0.29,0.27,0.33,1.7,0.08,Low,1.8,30,18,31
2025-07-30,Uttar Pradesh,Cotton,Early,0.42,0.21,0.41,0.9,0.08,Low,2.4,31,17,23
2026-06-15,Andhra Pradesh,Rice,Early,0.36,0.28,0.43,0.7,0.1,Low,1.3,29,10,22
2026-09-14,Karnataka,Sugarcane,Mature,0.8,0.5,0.71,3.5,0.03,High,7.7,36,24,41
2026-06-06,Uttar Pradesh,Rice,Flowering,0.85,0.61,0.9,4.8,0.04,High,7.3,58,23,31
2025-07-13,Andhra Pradesh,Wheat,Mature,0.67,0.47,0.71,4.7,0.06,Medium,8.5,43,20,30
2026-02-06,Uttar Pradesh,Rice,Mature,0.81,0.48,0.83,3.2,0.03,High,7.6,49,27,40
2025-10-30,Maharashtra,Rice,Flowering,0.77,0.66,0.88,4.7,0.04,High,6.5,47,29,42
2026-10-24,Karnataka,Rice,Mature,0.73,0.58,0.87,4.2,0.04,High,8.2,41,19,38
2025-02-25,Andhra Pradesh,Maize,Vegetative,0.66,0.4,0.68,2.1,0.06,Medium,6.2,37,17,26
2025-09-03,Tamil Nadu,Maize,Mature,0.82,0.55,0.74,3.6,0.04,High,9.8,35,20,40
2026-05-22,Karnataka,Sugarcane,Early,0.36,0.23,0.29,0.8,0.07,Low,1.5,32,19,33
2026-01-31,Tamil Nadu,Wheat,Vegetative,0.5,0.49,0.47,2.0,0.08,Medium,5.8,47,21,30
2025-04-26,Uttar Pradesh,Rice,Vegetative,0.51,0.47,0.55,2.1,0.07,Medium,6.1,43,19,38
2025-09-04,Punjab,Rice,Flowering,0.85,0.63,0.81,4.7,0.06,High,7.5,58,29,38
2026-05-27,Karnataka,Rice,Mature,0.71,0.55,0.8,3.4,0.07,High,10.4,42,27,29
2026-10-16,Uttar Pradesh,Rice,Mature,0.68,0.53,0.81,3.8,0.07,Medium,9.8,38,26,32
2026-09-01,Tamil Nadu,Maize,Vegetative,0.57,0.36,0.48,2.0,0.06,Medium,4.1,36,20,32
2025-03-14,Maharashtra,Sugarcane,Mature,0.75,0.59,0.81,3.2,0.07,High,7.9,40,21,41
2026-06-25,Maharashtra,Cotton,Mature,0.74,0.51,0.77,3.0,0.06,High,7.8,46,23,41
2025-01-13,Punjab,Wheat,Flowering,0.82,0.66,0.77,4.8,0.06,High,8.4,46,22,41
2026-01-05,Karnataka,Rice,Vegetative,0.56,0.47,0.48,2.8,0.07,Medium,4.8,37,24,39
2025-11-21,Karnataka,Sugarcane,Early,0.4,0.17,0.4,0.6,0.09,Low,2.0,32,18,27
2025-05-16,Karnataka,Cotton,Vegetative,0.69,0.35,0.64,3.2,0.06,Medium,5.4,49,21,26
2026-02-01,Uttar Pradesh,Sugarcane,Flowering,0.81,0.54,0.75,4.2,0.04,High,8.0,46,29,33
2026-08-06,Punjab,Maize,Flowering,0.83,0.58,0.76,4.4,0.04,High,7.6,58,25,44
2026-03-07,Karnataka,Cotton,Flowering,0.79,0.69,0.91,5.3,0.05,High,8.2,55,28,31
2026-01-10,Uttar Pradesh,Sugarcane,Mature,0.83,0.55,0.73,4.3,0.04,High,9.0,38,26,38
2026-07-14,Maharashtra,Maize,Vegetative,0.55,0.45,0.66,2.1,0.06,Medium,3.5,39,16,28
2026-12-01,Tamil Nadu,Sugarcane,Mature,0.84,0.59,0.77,3.8,0.04,High,7.7,36,27,33
2025-06-26,Uttar Pradesh,Sugarcane,Mature,0.83,0.59,0.88,3.0,0.07,High,8.6,36,19,38
2026-04-28,Maharashtra,Cotton,Vegetative,0.56,0.3,0.47,2.9,0.09,Medium,4.2,37,15,37
2025-03-16,Maharashtra,Maize,Flowering,0.72,0.58,0.89,5.4,0.03,High,6.8,55,29,34
2025-01-18,Tamil Nadu,Rice,Early,0.44,0.18,0.28,1.7,0.11,Low,3.4,28,18,28
2026-08-25,Maharashtra,Wheat,Early,0.39,0.16,0.4,1.3,0.12,Low,3.4,33,14,21
2025-03-11,Punjab,Cotton,Vegetative,0.47,0.45,0.66,2.8,0.09,Medium,6.2,46,24,36
2025-01-15,Tamil Nadu,Maize,Vegetative,0.51,0.44,0.73,2.3,0.09,Medium,4.7,38,21,33
2025-09-26,Maharashtra,Sugarcane,Flowering,0.88,0.59,0.81,5.2,0.06,High,7.8,57,28,32
2025-08-09,Andhra Pradesh,Maize,Vegetative,0.46,0.32,0.72,2.0,0.07,Medium,5.6,41,15,34
2025-02-10,Uttar Pradesh,Wheat,Vegetative,0.56,0.35,0.53,2.3,0.07,Medium,3.5,45,19,30
2025-03-03,Maharashtra,Wheat,Flowering,0.75,0.68,0.91,4.5,0.04,High,8.1,41,25,41
2026-02-12,Punjab,Rice,Flowering,0.8,0.55,0.79,5.5,0.06,High,7.3,57,22,32
2026-06-03,Karnataka,Rice,Mature,0.81,0.53,0.89,4.1,0.05,High,7.7,50,24,40
2025-10-21,Maharashtra,Wheat,Vegetative,0.68,0.49,0.55,2.9,0.08,Medium,5.7,37,21,39
2026-10-06,Karnataka,Cotton,Early,0.34,0.19,0.32,1.3,0.07,Low,2.9,39,19,33
2026-12-31,Andhra Pradesh,Cotton,Vegetative,0.66,0.47,0.54,2.5,0.06,Medium,3.8,47,17,31
2026-05-29,Maharashtra,Sugarcane,Early,0.25,0.22,0.21,0.9,0.11,Low,3.3,37,19,27
2026-03-02,Tamil Nadu,Rice,Early,0.22,0.28,0.42,1.1,0.09,Low,2.6,26,19,24
2026-03-10,Karnataka,Sugarcane,Early,0.35,0.18,0.27,1.4,0.11,Low,1.3,29,13,31
2026-12-20,Andhra Pradesh,Rice,Mature,0.85,0.58,0.72,4.5,0.05,High,9.5,49,22,35
2026-02-16,Tamil Nadu,Wheat,Flowering,0.87,0.56,0.78,3.6,0.05,High,6.7,43,21,30
2025-03-26,Tamil Nadu,Cotton,Flowering,0.87,0.66,0.75,3.7,0.04,High,6.7,56,24,35
2026-10-18,Tamil Nadu,Cotton,Mature,0.73,0.51,0.81,4.1,0.07,High,8.3,53,24,30
2026-07-04,Tamil Nadu,Wheat,Flowering,0.8,0.63,0.79,3.7,0.04,High,8.1,45,26,38
2026-07-05,Maharashtra,Sugarcane,Mature,0.79,0.54,0.84,3.6,0.07,High,8.9,49,20,31
2026-09-23,Uttar Pradesh,Sugarcane,Vegetative,0.66,0.5,0.64,2.0,0.05,Medium,5.9,47,15,32
2025-06-06,Maharashtra,Maize,Mature,0.74,0.58,0.79,3.5,0.03,High,10.4,40,18,33
2025-10-12,Maharashtra,Rice,Flowering,0.88,0.57,0.85,4.6,0.04,High,7.1,58,20,38
2025-03-27,Andhra Pradesh,Sugarcane,Flowering,0.71,0.69,0.87,3.7,0.05,High,7.0,54,22,31
2025-11-14,Andhra Pradesh,Wheat,Vegetative,0.67,0.44,0.73,3.3,0.07,Medium,6.2,40,15,36
2025-03-22,Uttar Pradesh,Sugarcane,Mature,0.7,0.46,0.84,3.5,0.04,High,9.7,40,25,38
2026-06-08,Andhra Pradesh,Cotton,Vegetative,0.69,0.44,0.72,2.1,0.06,Medium,3.8,36,17,30
2025-07-28,Punjab,Rice,Early,0.44,0.26,0.33,1.5,0.1,Low,1.0,27,10,31
2025-06-09,Uttar Pradesh,Maize,Mature,0.7,0.54,0.73,4.3,0.05,High,8.6,43,26,31
2026-07-04,Andhra Pradesh,Rice,Vegetative,0.6,0.45,0.57,2.4,0.08,Medium,3.6,41,24,34
2025-12-01,Uttar Pradesh,Cotton,Vegetative,0.51,0.45,0.7,3.3,0.06,Medium,5.5,48,21,34
2026-02-05,Maharashtra,Cotton,Flowering,0.7,0.65,0.78,4.9,0.05,High,8.0,50,28,30
2026-08-24,Maharashtra,Cotton,Mature,0.84,0.45,0.8,3.5,0.06,High,9.9,53,24,39
2026-10-12,Uttar Pradesh,Cotton,Early,0.4,0.29,0.26,1.3,0.09,Low,2.9,32,17,23
2026-10-28,Punjab,Wheat,Early,0.31,0.27,0.44,0.7,0.09,Low,3.2,35,18,29
2026-11-29,Punjab,Maize,Mature,0.68,0.54,0.82,3.3,0.05,Medium,9.8,36,24,36
2026-10-21,Uttar Pradesh,Cotton,Mature,0.83,0.52,0.81,4.1,0.03,High,9.8,52,19,41
2025-03-09,Andhra Pradesh,Cotton,Vegetative,0.61,0.31,0.73,2.5,0.06,Medium,6.2,48,17,37
2025-11-14,Karnataka,Sugarcane,Flowering,0.84,0.58,0.9,3.6,0.04,High,7.0,45,25,35
2026-12-17,Punjab,Maize,Flowering,0.78,0.58,0.93,5.2,0.04,High,7.6,47,21,34
2026-03-24,Tamil Nadu,Rice,Flowering,0.88,0.69,0.91,3.8,0.05,High,8.1,56,24,39
2025-09-02,Maharashtra,Maize,Mature,0.75,0.55,0.7,4.0,0.05,High,10.4,45,26,38
2025-03-01,Uttar Pradesh,Maize,Flowering,0.75,0.69,0.91,4.8,0.05,High,7.2,55,28,37
2025-09-08,Tamil Nadu,Maize,Vegetative,0.46,0.42,0.73,3.2,0.09,Medium,5.8,35,17,25
2025-03-30,Uttar Pradesh,Cotton,Mature,0.81,0.5,0.9,4.4,0.06,High,8.3,41,18,35
2026-03-21,Maharashtra,Cotton,Mature,0.81,0.52,0.78,3.8,0.05,High,9.8,54,24,30
2025-04-29,Maharashtra,Wheat,Flowering,0.85,0.57,0.87,4.8,0.03,High,7.3,44,23,40
2026-04-10,Punjab,Rice,Early,0.28,0.19,0.25,1.0,0.08,Low,1.3,26,18,31
2026-09-19,Punjab,Sugarcane,Early,0.21,0.16,0.27,0.7,0.1,Low,2.1,27,15,33
2026-09-16,Tamil Nadu,Maize,Vegetative,0.49,0.42,0.64,3.3,0.06,Medium,4.4,41,21,28
2025-02-26,Uttar Pradesh,Rice,Flowering,0.79,0.61,0.82,3.8,0.03,High,8.2,47,22,41
2025-11-13,Maharashtra,Rice,Flowering,0.79,0.56,0.92,4.4,0.05,High,7.4,42,22,31
2026-11-14,Tamil Nadu,Wheat,Mature,0.73,0.46,0.82,3.0,0.04,High,9.8,45,24,35
2026-11-05,Karnataka,Sugarcane,Mature,0.77,0.57,0.74,3.7,0.05,High,9.1,46,23,28
2025-06-29,Tamil Nadu,Maize,Flowering,0.75,0.67,0.9,3.6,0.04,High,7.1,42,29,35
2025-05-03,Andhra Pradesh,Sugarcane,Mature,0.73,0.53,0.71,3.8,0.06,High,10.5,51,27,34
2025-01-13,Tamil Nadu,Wheat,Flowering,0.77,0.55,0.86,4.4,0.04,High,6.5,43,26,38
2026-12-26,Andhra Pradesh,Cotton,Vegetative,0.56,0.35,0.58,2.4,0.07,Medium,5.7,48,17,29
2025-05-21,Andhra Pradesh,Rice,Mature,0.66,0.55,0.87,4.7,0.06,Medium,8.1,36,19,34
2026-12-20,Andhra Pradesh,Maize,Flowering,0.89,0.52,0.9,3.7,0.05,High,6.7,53,20,39
2025-01-12,Karnataka,Cotton,Mature,0.7,0.49,0.84,3.2,0.04,High,8.4,50,20,37
2025-06-17,Tamil Nadu,Wheat,Vegetative,0.7,0.44,0.58,2.7,0.09,High,6.4,38,24,26
2026-05-24,Tamil Nadu,Sugarcane,Mature,0.73,0.58,0.73,4.7,0.06,High,8.8,46,21,40
2025-12-22,Karnataka,Rice,Flowering,0.8,0.57,0.87,3.7,0.04,High,8.1,45,26,31
2026-06-20,Maharashtra,Maize,Mature,0.77,0.53,0.78,4.3,0.05,High,9.9,42,26,29
2026-06-14,Punjab,Cotton,Mature,0.84,0.49,0.9,3.7,0.03,High,8.6,42,26,29
2025-09-23,Tamil Nadu,Cotton,Flowering,0.82,0.7,0.76,5.1,0.03,High,6.5,46,26,34
2025-06-20,Punjab,Rice,Early,0.41,0.15,0.21,0.5,0.09,Low,3.5,34,10,21
2026-01-16,Uttar Pradesh,Sugarcane,Mature,0.73,0.57,0.85,3.2,0.03,High,9.1,37,23,39
2025-05-10,Uttar Pradesh,Wheat,Mature,0.71,0.5,0.72,4.0,0.04,High,7.9,42,19,36
2025-10-03,Karnataka,Sugarcane,Vegetative,0.46,0.34,0.49,1.8,0.07,Medium,4.1,37,20,39
2025-05-01,Uttar Pradesh,Sugarcane,Early,0.22,0.27,0.33,1.2,0.1,Low,1.8,31,17,23
2025-01-31,Uttar Pradesh,Sugarcane,Vegetative,0.52,0.49,0.61,2.8,0.07,Medium,4.5,35,16,38
2025-12-10,Maharashtra,Rice,Flowering,0.85,0.6,0.83,4.5,0.03,High,7.0,47,24,31
2026-03-16,Maharashtra,Rice,Flowering,0.8,0.58,0.81,5.1,0.05,High,8.5,49,21,34
2025-10-06,Maharashtra,Wheat,Vegetative,0.47,0.47,0.7,3.0,0.09,Medium,3.6,39,16,25
2026-06-21,Uttar Pradesh,Sugarcane,Mature,0.68,0.57,0.85,4.4,0.04,Medium,9.8,53,26,31
2025-03-07,Karnataka,Rice,Early,0.31,0.27,0.4,0.6,0.09,Low,2.7,33,15,33
2025-09-27,Andhra Pradesh,Wheat,Vegetative,0.54,0.37,0.59,3.4,0.09,Medium,5.1,40,15,30
2026-12-31,Andhra Pradesh,Wheat,Vegetative,0.54,0.48,0.57,2.1,0.08,Medium,5.2,44,16,38
2026-08-14,Punjab,Sugarcane,Flowering,0.73,0.57,0.76,4.5,0.06,High,8.1,45,27,41
2026-10-05,Andhra Pradesh,Maize,Mature,0.69,0.56,0.76,3.5,0.04,Medium,9.0,50,27,37
2025-03-20,Andhra Pradesh,Sugarcane,Early,0.32,0.22,0.2,1.6,0.09,Low,2.1,26,12,21
2026-05-24,Maharashtra,Maize,Vegetative,0.63,0.44,0.46,2.0,0.09,Medium,5.9,47,17,29
2026-04-12,Maharashtra,Wheat,Early,0.25,0.27,0.31,1.1,0.1,Low,2.5,31,19,22
2026-06-08,Uttar Pradesh,Rice,Early,0.29,0.29,0.37,0.7,0.08,Low,1.4,29,19,25
2026-01-04,Punjab,Cotton,Vegetative,0.56,0.35,0.72,2.2,0.06,Medium,3.7,39,19,31
2025-02-26,Tamil Nadu,Wheat,Early,0.25,0.18,0.35,1.2,0.08,Low,1.4,29,14,28
2026-05-27,Punjab,Rice,Flowering,0.83,0.69,0.78,4.4,0.05,High,6.9,55,27,39
2026-08-04,Punjab,Wheat,Mature,0.66,0.59,0.78,3.3,0.06,Medium,9.9,40,24,39
2025-06-20,Karnataka,Sugarcane,Mature,0.81,0.48,0.72,3.9,0.06,High,10.0,53,22,29
2026-01-12,Uttar Pradesh,Maize,Mature,0.78,0.52,0.72,4.7,0.04,High,8.3,44,19,31
2025-06-11,Karnataka,Wheat,Flowering,0.89,0.68,0.84,3.8,0.05,High,6.5,43,25,31
2025-09-19,Punjab,Rice,Flowering,0.7,0.59,0.83,5.3,0.04,High,7.3,45,23,31
2025-04-16,Punjab,Sugarcane,Flowering,0.74,0.68,0.86,3.8,0.05,High,7.5,47,20,34
2026-08-11,Punjab,Cotton,Mature,0.81,0.53,0.76,4.7,0.04,High,8.3,40,26,32
2026-11-22,Andhra Pradesh,Sugarcane,Early,0.26,0.21,0.24,0.9,0.11,Low,1.5,31,11,23
2025-04-29,Karnataka,Maize,Flowering,0.72,0.69,0.84,4.6,0.04,High,7.2,54,22,42
2025-08-22,Punjab,Sugarcane,Vegetative,0.6,0.44,0.75,3.0,0.07,Medium,6.5,42,16,36
2026-06-06,Maharashtra,Cotton,Flowering,0.81,0.57,0.77,4.1,0.05,High,8.3,49,28,31
2025-01-03,Uttar Pradesh,Rice,Vegetative,0.62,0.41,0.73,1.9,0.07,Medium,4.1,41,19,29
2025-02-15,Uttar Pradesh,Wheat,Mature,0.7,0.58,0.71,3.8,0.05,High,9.2,51,24,34
2025-01-13,Maharashtra,Maize,Vegetative,0.67,0.5,0.67,2.4,0.06,Medium,4.0,42,22,30
2025-09-08,Uttar Pradesh,Cotton,Flowering,0.79,0.7,0.81,3.5,0.05,High,6.9,59,26,39
2025-02-17,Andhra Pradesh,Maize,Flowering,0.75,0.64,0.83,4.5,0.05,High,7.8,44,25,41
2026-04-29,Andhra Pradesh,Sugarcane,Early,0.25,0.19,0.43,1.6,0.08,Low,3.3,39,16,33
2026-01-08,Tamil Nadu,Maize,Mature,0.71,0.48,0.79,4.6,0.06,High,10.4,49,18,30
2026-01-28,Tamil Nadu,Cotton,Vegetative,0.69,0.36,0.58,2.6,0.09,Medium,3.7,40,20,33
2025-06-03,Tamil Nadu,Wheat,Mature,0.67,0.59,0.82,4.4,0.04,Medium,9.8,42,27,39
2025-07-03,Uttar Pradesh,Wheat,Flowering,0.81,0.69,0.92,4.4,0.05,High,8.1,58,26,42
2025-02-06,Andhra Pradesh,Maize,Early,0.45,0.29,0.41,0.6,0.12,Medium,2.5,35,10,22
2026-07-21,Andhra Pradesh,Rice,Flowering,0.8,0.67,0.84,5.4,0.03,High,8.5,41,29,43
2026-11-03,Andhra Pradesh,Maize,Flowering,0.82,0.67,0.85,3.6,0.06,High,7.5,54,20,30
2026-03-06,Maharashtra,Sugarcane,Flowering,0.72,0.66,0.84,5.5,0.05,High,8.4,56,20,40
2025-08-18,Andhra Pradesh,Wheat,Vegetative,0.52,0.32,0.64,1.9,0.05,Medium,5.4,41,18,27
2025-11-26,Maharashtra,Wheat,Flowering,0.85,0.54,0.93,4.8,0.06,High,7.3,51,21,32
2025-09-12,Tamil Nadu,Wheat,Mature,0.83,0.52,0.8,4.0,0.06,High,10.0,46,21,38
2026-03-03,Tamil Nadu,Rice,Mature,0.71,0.59,0.75,3.3,0.07,High,7.8,50,23,41
2025-11-24,Uttar Pradesh,Rice,Early,0.35,0.2,0.32,0.8,0.1,Low,2.0,35,16,24
2025-10-05,Tamil Nadu,Cotton,Mature,0.82,0.46,0.83,3.2,0.05,High,7.5,50,26,34
2025-03-21,Uttar Pradesh,Maize,Flowering,0.86,0.7,0.82,4.5,0.04,High,8.3,59,23,34
2026-08-09,Punjab,Maize,Flowering,0.83,0.58,0.79,4.0,0.05,High,6.6,43,25,38
2026-01-17,Punjab,Sugarcane,Mature,0.77,0.56,0.79,3.8,0.03,High,9.7,39,24,36
2025-05-03,Karnataka,Wheat,Early,0.26,0.29,0.32,0.7,0.12,Low,2.1,36,10,33
2026-05-30,Uttar Pradesh,Rice,Early,0.3,0.29,0.34,0.6,0.11,Low,1.6,36,15,21
2026-11-21,Karnataka,Sugarcane,Mature,0.83,0.5,0.75,4.5,0.04,High,8.9,47,21,29
2025-02-23,Karnataka,Sugarcane,Vegetative,0.62,0.33,0.53,2.7,0.09,Medium,3.6,40,22,35
2025-07-03,Punjab,Rice,Vegetative,0.52,0.45,0.62,3.1,0.05,Medium,3.8,42,18,36
2025-08-17,Uttar Pradesh,Maize,Vegetative,0.54,0.49,0.54,3.3,0.07,Medium,5.2,48,24,29
2026-06-13,Punjab,Wheat,Vegetative,0.46,0.39,0.5,2.7,0.07,Medium,3.9,37,21,31
2025-02-17,Karnataka,Maize,Mature,0.85,0.49,0.89,3.3,0.05,High,7.9,43,22,29
2026-02-15,Uttar Pradesh,Sugarcane,Early,0.22,0.3,0.39,0.5,0.08,Low,2.7,31,15,28
2025-03-12,Karnataka,Wheat,Flowering,0.87,0.63,0.84,3.6,0.06,High,7.3,46,28,30
2026-04-22,Andhra Pradesh,Cotton,Flowering,0.88,0.57,0.78,4.5,0.05,High,7.2,57,29,35
2025-10-17,Uttar Pradesh,Sugarcane,Mature,0.84,0.6,0.85,3.5,0.04,High,8.8,48,24,31
2025-11-15,Uttar Pradesh,Maize,Flowering,0.89,0.58,0.89,5.1,0.06,High,8.1,51,21,31
2025-12-02,Karnataka,Maize,Vegetative,0.57,0.35,0.73,3.1,0.08,Medium,6.2,49,15,34
2025-03-30,Andhra Pradesh,Maize,Early,0.23,0.17,0.25,1.3,0.08,Low,1.9,35,13,25
2026-07-21,Maharashtra,Rice,Mature,0.8,0.48,0.79,4.2,0.04,High,10.3,36,18,38
2026-04-13,Punjab,Sugarcane,Early,0.38,0.25,0.45,1.5,0.12,Low,2.7,37,13,32
2025-01-09,Karnataka,Wheat,Mature,0.69,0.57,0.89,4.1,0.03,Medium,7.7,36,25,38
2026-01-13,Uttar Pradesh,Maize,Mature,0.76,0.59,0.84,3.5,0.04,High,10.0,45,24,37
2025-07-25,Punjab,Maize,Mature,0.82,0.55,0.82,4.5,0.05,High,10.1,43,21,34
2025-10-26,Punjab,Rice,Mature,0.75,0.53,0.83,3.2,0.07,High,9.1,35,18,28
2026-08-01,Punjab,Wheat,Early,0.3,0.16,0.37,1.5,0.07,Low,2.9,28,11,29
2025-11-08,Maharashtra,Sugarcane,Flowering,0.88,0.7,0.79,5.2,0.03,High,8.2,50,20,34
2026-09-30,Tamil Nadu,Cotton,Mature,0.84,0.56,0.73,4.7,0.05,High,8.6,47,18,36
2025-09-06,Karnataka,Rice,Vegetative,0.66,0.46,0.74,3.1,0.06,Medium,5.9,47,20,33
2026-04-21,Tamil Nadu,Sugarcane,Mature,0.7,0.55,0.72,3.8,0.04,High,10.0,50,24,28
2026-01-13,Tamil Nadu,Cotton,Early,0.38,0.19,0.25,1.7,0.1,Low,1.9,33,11,34
2026-08-29,Tamil Nadu,Maize,Mature,0.74,0.49,0.76,4.0,0.04,High,9.4,52,20,35
2026-05-21,Punjab,Maize,Vegetative,0.59,0.5,0.69,2.4,0.07,Medium,4.2,49,19,25
2025-07-20,Andhra Pradesh,Wheat,Early,0.35,0.2,0.41,0.6,0.08,Low,2.0,38,18,30
2026-07-14,Punjab,Cotton,Mature,0.72,0.55,0.71,3.5,0.06,High,8.1,37,25,30
2025-09-09,Punjab,Maize,Vegetative,0.63,0.5,0.57,3.3,0.07,Medium,6.2,49,24,39
2025-06-04,Uttar Pradesh,Maize,Early,0.43,0.23,0.21,1.3,0.09,Low,1.5,29,11,33
2025-01-07,Uttar Pradesh,Wheat,Mature,0.66,0.54,0.76,3.3,0.07,Medium,7.9,50,18,34
2026-02-24,Tamil Nadu,Sugarcane,Vegetative,0.63,0.32,0.68,2.6,0.05,Medium,5.2,35,22,32
2025-01-25,Punjab,Maize,Early,0.26,0.21,0.22,1.1,0.11,Low,1.2,25,11,22
2025-08-27,Tamil Nadu,Rice,Mature,0.84,0.6,0.75,3.3,0.05,High,10.5,38,26,31
2026-07-09,Uttar Pradesh,Rice,Early,0.36,0.22,0.44,1.8,0.12,Low,1.9,33,14,31
2025-12-21,Andhra Pradesh,Sugarcane,Vegetative,0.52,0.45,0.48,2.2,0.08,Medium,5.7,45,16,32
2026-10-14,Karnataka,Cotton,Mature,0.66,0.52,0.81,3.9,0.06,Medium,8.4,53,27,38
2026-12-12,Tamil Nadu,Wheat,Mature,0.84,0.46,0.8,3.6,0.06,High,8.0,42,20,36
2025-01-10,Andhra Pradesh,Rice,Mature,0.7,0.52,0.71,3.8,0.05,High,9.2,52,24,34
2025-12-10,Karnataka,Rice,Vegetative,0.63,0.48,0.59,2.2,0.06,Medium,6.0,45,15,31
2025-01-02,Maharashtra,Sugarcane,Flowering,0.7,0.55,0.87,4.4,0.04,High,7.8,54,26,39
2026-11-05,Tamil Nadu,Cotton,Mature,0.79,0.53,0.7,4.2,0.05,High,7.7,48,19,32
2026-01-21,Tamil Nadu,Cotton,Vegetative,0.5,0.41,0.63,3.4,0.08,Medium,4.4,35,23,37
2025-11-11,Maharashtra,Sugarcane,Early,0.38,0.27,0.42,1.2,0.12,Low,2.6,27,15,27
2025-04-17,Maharashtra,Rice,Early,0.27,0.2,0.33,1.5,0.09,Low,1.7,30,13,24
2025-07-30,Tamil Nadu,Wheat,Vegetative,0.65,0.46,0.53,2.1,0.08,Medium,5.2,43,23,34
2026-06-27,Maharashtra,Rice,Flowering,0.78,0.56,0.8,4.3,0.04,High,6.5,57,26,37
2025-09-01,Punjab,Cotton,Vegetative,0.47,0.38,0.59,3.1,0.06,Medium,4.4,37,18,33
2026-03-06,Karnataka,Rice,Early,0.43,0.27,0.36,1.4,0.12,Low,3.0,30,10,20
2026-05-19,Karnataka,Wheat,Early,0.24,0.22,0.28,1.1,0.1,Low,1.4,26,17,27
2025-03-03,Karnataka,Maize,Mature,0.77,0.55,0.87,3.4,0.05,High,9.7,40,23,40
2025-05-26,Punjab,Rice,Flowering,0.87,0.66,0.8,4.0,0.05,High,8.0,54,29,36
2026-12-30,Maharashtra,Sugarcane,Vegetative,0.65,0.5,0.66,3.0,0.09,Medium,4.5,35,16,31
2025-10-14,Andhra Pradesh,Maize,Early,0.45,0.16,0.32,1.2,0.08,Medium,2.4,37,14,33
2025-04-06,Maharashtra,Sugarcane,Early,0.31,0.27,0.44,0.8,0.12,Low,3.4,29,13,20
2025-02-14,Tamil Nadu,Sugarcane,Early,0.3,0.3,0.21,0.9,0.08,Low,1.9,28,14,21
2025-08-26,Uttar Pradesh,Sugarcane,Vegetative,0.51,0.4,0.57,2.9,0.07,Medium,4.1,41,19,35
2026-06-17,Karnataka,Rice,Vegetative,0.5,0.37,0.55,3.5,0.09,Medium,6.0,49,23,37
2026-02-27,Maharashtra,Cotton,Flowering,0.88,0.61,0.81,3.6,0.04,High,7.8,54,25,30
2026-12-19,Andhra Pradesh,Maize,Mature,0.71,0.55,0.82,3.8,0.07,High,9.6,39,19,31
2026-01-17,Tamil Nadu,Wheat,Mature,0.8,0.57,0.83,3.7,0.04,High,9.5,47,19,41
2026-04-15,Punjab,Cotton,Mature,0.71,0.58,0.74,4.4,0.06,High,8.1,51,18,37
2025-03-28,Punjab,Rice,Early,0.42,0.23,0.26,1.7,0.11,Low,1.1,33,18,27
2026-08-18,Andhra Pradesh,Sugarcane,Mature,0.72,0.45,0.81,4.6,0.03,High,9.3,38,26,34
2025-04-08,Tamil Nadu,Wheat,Early,0.22,0.28,0.42,1.8,0.09,Low,1.7,36,12,27
2026-06-02,Karnataka,Maize,Flowering,0.84,0.66,0.79,3.7,0.03,High,7.1,49,23,34
2025-05-17,Maharashtra,Cotton,Early,0.4,0.25,0.25,1.1,0.1,Low,3.3,28,18,34
2026-10-15,Tamil Nadu,Cotton,Flowering,0.77,0.61,0.76,4.7,0.03,High,7.3,51,28,44
2026-02-08,Punjab,Wheat,Flowering,0.87,0.65,0.76,3.6,0.05,High,7.4,56,20,42
2025-03-18,Andhra Pradesh,Rice,Mature,0.81,0.55,0.75,3.0,0.06,High,7.9,38,19,33
2026-08-30,Andhra Pradesh,Maize,Mature,0.76,0.49,0.74,3.0,0.05,High,9.2,47,18,29
2026-08-05,Maharashtra,Wheat,Early,0.26,0.29,0.21,1.0,0.07,Low,1.5,26,12,25
2025-03-05,Andhra Pradesh,Sugarcane,Vegetative,0.6,0.37,0.64,3.2,0.06,Medium,3.7,42,16,33
2026-03-22,Andhra Pradesh,Maize,Mature,0.72,0.51,0.89,3.8,0.03,High,10.3,43,22,39
2026-11-10,Tamil Nadu,Cotton,Mature,0.77,0.57,0.87,3.4,0.06,High,8.4,47,24,39
2025-05-14,Karnataka,Wheat,Vegetative,0.69,0.4,0.5,2.8,0.06,Medium,4.9,44,22,34
2025-08-31,Maharashtra,Cotton,Vegetative,0.56,0.35,0.74,2.7,0.09,Medium,5.3,48,22,29
2025-10-26,Tamil Nadu,Cotton,Mature,0.78,0.58,0.71,3.2,0.04,High,10.0,45,21,40
2025-09-25,Karnataka,Cotton,Vegetative,0.61,0.48,0.55,2.9,0.06,Medium,5.9,48,24,31
2025-11-19,Tamil Nadu,Rice,Early,0.42,0.28,0.36,1.2,0.11,Low,2.3,31,17,20
2026-02-07,Uttar Pradesh,Cotton,Flowering,0.77,0.62,0.79,3.7,0.05,High,7.6,58,28,41
2026-12-19,Tamil Nadu,Sugarcane,Flowering,0.77,0.66,0.82,5.3,0.03,High,8.4,57,21,34
2025-12-01,Andhra Pradesh,Sugarcane,Mature,0.75,0.48,0.85,4.7,0.04,High,9.8,40,23,32
2025-11-22,Karnataka,Maize,Mature,0.79,0.54,0.86,4.5,0.07,High,10.2,45,20,36
2026-04-09,Maharashtra,Cotton,Early,0.26,0.22,0.31,1.2,0.08,Low,2.2,29,12,32
2025-10-06,Maharashtra,Cotton,Vegetative,0.5,0.48,0.5,3.1,0.06,Medium,5.5,39,24,27
2025-08-28,Karnataka,Wheat,Mature,0.74,0.46,0.85,3.2,0.06,High,8.6,37,19,36
2025-03-18,Andhra Pradesh,Rice,Flowering,0.81,0.58,0.81,4.5,0.04,High,6.7,44,27,39
2025-07-27,Punjab,Maize,Early,0.34,0.25,0.24,1.7,0.08,Low,2.6,34,11,32
2025-05-20,Tamil Nadu,Cotton,Early,0.45,0.28,0.25,0.6,0.11,Medium,1.8,25,10,30
2026-08-22,Andhra Pradesh,Wheat,Vegetative,0.63,0.39,0.51,2.9,0.09,Medium,5.0,40,18,36
2025-04-22,Uttar Pradesh,Rice,Mature,0.83,0.45,0.72,4.3,0.04,High,9.7,51,22,33
2025-06-09,Karnataka,Maize,Mature,0.69,0.47,0.74,3.5,0.06,Medium,9.8,48,24,30
2025-04-19,Tamil Nadu,Maize,Early,0.22,0.25,0.24,0.6,0.11,Low,2.2,30,19,23
2025-06-18,Maharashtra,Cotton,Flowering,0.86,0.65,0.92,4.8,0.04,High,7.6,50,27,42
2026-04-06,Punjab,Maize,Mature,0.77,0.55,0.89,3.7,0.05,High,9.6,40,20,35
2026-04-23,Uttar Pradesh,Wheat,Flowering,0.72,0.61,0.89,5.2,0.04,High,8.0,58,28,41
2025-11-18,Maharashtra,Maize,Early,0.29,0.26,0.44,1.7,0.12,Low,1.2,27,13,21
2026-02-21,Karnataka,Sugarcane,Mature,0.76,0.54,0.76,3.3,0.04,High,8.0,52,24,37
2025-05-04,Tamil Nadu,Wheat,Flowering,0.81,0.62,0.77,4.4,0.03,High,6.6,59,23,42
2026-07-03,Karnataka,Rice,Early,0.35,0.25,0.25,0.7,0.1,Low,3.3,30,10,22
2026-01-02,Tamil Nadu,Rice,Flowering,0.84,0.63,0.81,5.3,0.05,High,7.5,45,20,39
2025-08-01,Andhra Pradesh,Cotton,Mature,0.84,0.58,0.75,3.5,0.07,High,8.2,37,23,31
2026-04-08,Punjab,Cotton,Vegetative,0.46,0.31,0.73,3.0,0.05,Medium,5.4,38,20,31
2025-11-12,Andhra Pradesh,Sugarcane,Flowering,0.75,0.58,0.78,4.0,0.04,High,6.5,58,28,36
2026-04-20,Andhra Pradesh,Rice,Vegetative,0.65,0.33,0.65,3.1,0.05,Medium,3.8,38,17,37
2025-09-29,Karnataka,Rice,Mature,0.69,0.51,0.85,4.3,0.07,Medium,8.1,48,18,30
2025-05-03,Punjab,Rice,Vegetative,0.59,0.48,0.66,2.0,0.05,Medium,6.2,46,20,26
2025-04-03,Tamil Nadu,Rice,Early,0.38,0.3,0.42,1.0,0.11,Low,2.2,39,15,25
2025-06-11,Tamil Nadu,Maize,Vegetative,0.57,0.4,0.63,3.3,0.06,Medium,5.3,45,15,37
2026-12-04,Uttar Pradesh,Wheat,Flowering,0.71,0.62,0.89,4.0,0.03,High,6.9,48,25,42
2025-11-08,Maharashtra,Wheat,Flowering,0.85,0.64,0.76,4.0,0.05,High,7.0,45,27,37
2026-12-23,Uttar Pradesh,Sugarcane,Vegetative,0.49,0.46,0.46,2.4,0.05,Medium,5.7,41,22,38
2026-12-15,Uttar Pradesh,Maize,Early,0.22,0.18,0.4,1.5,0.12,Low,1.6,31,18,26
2026-09-10,Tamil Nadu,Rice,Mature,0.73,0.57,0.74,4.3,0.06,High,9.6,45,21,40
2025-02-11,Karnataka,Rice,Vegetative,0.59,0.49,0.64,3.0,0.05,Medium,6.4,44,15,34
2025-08-09,Andhra Pradesh,Cotton,Flowering,0.77,0.64,0.87,3.6,0.05,High,7.0,43,29,40
2025-12-02,Andhra Pradesh,Cotton,Flowering,0.72,0.65,0.86,3.7,0.03,High,7.2,46,24,30
2025-06-01,Andhra Pradesh,Sugarcane,Vegetative,0.69,0.34,0.69,2.9,0.09,Medium,6.3,35,20,37
2025-04-04,Punjab,Rice,Vegetative,0.66,0.35,0.56,2.9,0.07,Medium,5.4,48,23,32
2026-12-30,Tamil Nadu,Sugarcane,Vegetative,0.54,0.48,0.55,2.5,0.05,Medium,6.4,46,24,26
2025-09-12,Karnataka,Maize,Mature,0.66,0.45,0.89,4.3,0.06,Medium,8.8,39,19,37
2025-12-31,Punjab,Wheat,Flowering,0.77,0.7,0.76,3.7,0.06,High,7.8,40,20,30
2026-02-10,Maharashtra,Rice,Flowering,0.78,0.68,0.79,5.2,0.04,High,8.0,58,23,34
2026-06-10,Karnataka,Maize,Flowering,0.87,0.51,0.87,5.2,0.04,High,8.0,40,29,43
2025-02-20,Uttar Pradesh,Rice,Mature,0.82,0.49,0.7,4.2,0.04,High,10.5,38,25,39
2026-11-25,Karnataka,Cotton,Early,0.2,0.26,0.27,1.1,0.1,Low,2.4,32,13,29
2025-11-03,Karnataka,Sugarcane,Flowering,0.85,0.58,0.79,3.9,0.03,High,6.9,59,27,31
2025-09-24,Andhra Pradesh,Cotton,Flowering,0.89,0.52,0.85,4.8,0.04,High,7.8,44,26,44
2025-06-28,Karnataka,Wheat,Early,0.32,0.27,0.34,1.7,0.07,Low,1.7,38,16,20
2025-02-01,Uttar Pradesh,Cotton,Mature,0.77,0.56,0.89,4.5,0.06,High,9.1,40,23,37
2026-02-19,Uttar Pradesh,Rice,Early,0.28,0.23,0.32,1.4,0.12,Low,1.5,35,18,23
2026-04-09,Tamil Nadu,Cotton,Early,0.35,0.24,0.31,1.7,0.1,Low,3.1,32,19,20
2026-07-24,Karnataka,Rice,Early,0.35,0.2,0.23,1.0,0.09,Low,1.4,36,15,29
2026-07-18,Andhra Pradesh,Wheat,Early,0.39,0.25,0.41,1.5,0.1,Low,1.4,30,18,25
2025-09-13,Karnataka,Cotton,Mature,0.84,0.51,0.73,4.6,0.06,High,9.9,47,26,28
2025-04-07,Maharashtra,Sugarcane,Mature,0.7,0.5,0.72,4.7,0.05,High,8.0,35,23,33
2026-04-19,Maharashtra,Sugarcane,Early,0.4,0.17,0.2,1.3,0.11,Low,2.4,29,11,22
2025-04-15,Andhra Pradesh,Sugarcane,Vegetative,0.46,0.32,0.67,3.1,0.07,Medium,5.3,44,18,29
2025-05-24,Tamil Nadu,Cotton,Vegetative,0.52,0.37,0.51,3.5,0.08,Medium,5.9,41,20,39
2025-05-05,Tamil Nadu,Cotton,Vegetative,0.63,0.37,0.63,2.7,0.07,Medium,6.0,38,19,30
2025-01-13,Uttar Pradesh,Cotton,Vegetative,0.63,0.4,0.64,2.1,0.06,Medium,4.0,45,21,36
2025-03-05,Uttar Pradesh,Rice,Flowering,0.78,0.66,0.78,4.0,0.03,High,7.4,42,23,41
2025-08-16,Punjab,Wheat,Mature,0.81,0.56,0.83,3.6,0.06,High,9.3,37,19,36
2025-05-14,Andhra Pradesh,Sugarcane,Mature,0.83,0.56,0.9,3.4,0.05,High,9.9,46,20,40
2025-07-22,Karnataka,Rice,Early,0.22,0.22,0.42,1.1,0.07,Low,1.5,30,14,34
2026-02-15,Andhra Pradesh,Sugarcane,Flowering,0.78,0.6,0.83,5.2,0.05,High,7.1,54,28,43
2026-01-17,Punjab,Rice,Early,0.35,0.21,0.41,1.7,0.07,Low,1.2,31,10,24
2026-12-04,Uttar Pradesh,Cotton,Early,0.25,0.23,0.26,1.2,0.1,Low,1.4,34,19,32
2026-10-08,Andhra Pradesh,Sugarcane,Mature,0.75,0.59,0.8,3.9,0.05,High,9.4,46,25,39
2026-10-23,Andhra Pradesh,Cotton,Flowering,0.75,0.52,0.79,5.3,0.03,High,6.8,52,29,42
2025-03-28,Uttar Pradesh,Sugarcane,Vegetative,0.67,0.46,0.53,2.1,0.06,Medium,4.2,42,22,36
2026-08-20,Punjab,Maize,Mature,0.66,0.59,0.81,4.6,0.06,Medium,8.5,47,18,36
2026-08-24,Uttar Pradesh,Rice,Flowering,0.79,0.67,0.8,4.8,0.03,High,8.2,52,29,34
2025-09-23,Tamil Nadu,Maize,Flowering,0.78,0.64,0.81,5.4,0.06,High,7.7,43,21,31
2025-03-18,Karnataka,Rice,Mature,0.8,0.52,0.9,4.6,0.03,High,8.3,53,19,30
2025-01-23,Uttar Pradesh,Wheat,Mature,0.84,0.47,0.73,3.5,0.05,High,8.0,39,21,41
2025-03-08,Punjab,Sugarcane,Early,0.31,0.27,0.35,1.6,0.08,Low,2.0,30,10,25
2025-07-22,Maharashtra,Wheat,Early,0.22,0.29,0.21,0.8,0.09,Low,2.9,37,14,21
2026-10-24,Tamil Nadu,Wheat,Early,0.35,0.18,0.44,1.1,0.07,Low,2.8,37,15,31
2026-03-31,Maharashtra,Rice,Vegetative,0.61,0.44,0.68,2.5,0.08,Medium,3.7,37,19,32
2025-05-12,Uttar Pradesh,Maize,Mature,0.7,0.51,0.75,3.1,0.04,High,7.8,43,27,31
2025-04-05,Tamil Nadu,Cotton,Flowering,0.73,0.69,0.78,3.6,0.04,High,6.8,57,27,30
2025-12-06,Karnataka,Rice,Mature,0.7,0.6,0.73,3.2,0.04,High,8.7,53,24,37
2025-05-06,Uttar Pradesh,Cotton,Flowering,0.78,0.6,0.76,3.8,0.06,High,8.2,40,21,36
2025-02-13,Karnataka,Wheat,Vegetative,0.49,0.44,0.53,2.9,0.06,Medium,5.0,39,20,32
2026-04-18,Andhra Pradesh,Cotton,Mature,0.83,0.6,0.89,4.8,0.03,High,9.7,40,23,37
2025-02-21,Maharashtra,Maize,Flowering,0.78,0.59,0.8,4.1,0.06,High,8.3,40,27,39
2025-06-22,Tamil Nadu,Rice,Flowering,0.86,0.66,0.94,4.4,0.03,High,8.3,59,26,34
2026-08-11,Karnataka,Maize,Early,0.33,0.16,0.3,1.3,0.09,Low,2.7,33,13,29
2026-03-20,Punjab,Maize,Vegetative,0.5,0.37,0.61,3.4,0.08,Medium,5.3,41,18,29
2026-02-09,Karnataka,Rice,Mature,0.68,0.46,0.82,3.8,0.03,Medium,8.6,46,23,37
2026-05-24,Punjab,Maize,Early,0.27,0.19,0.38,1.4,0.12,Low,1.8,34,17,30
2025-01-31,Uttar Pradesh,Sugarcane,Vegetative,0.66,0.38,0.47,2.9,0.09,Medium,6.1,42,16,25
2026-01-27,Tamil Nadu,Sugarcane,Early,0.37,0.26,0.44,1.8,0.11,Low,2.9,36,13,26
2026-12-01,Karnataka,Sugarcane,Mature,0.66,0.56,0.76,4.8,0.06,Medium,8.4,37,21,40
2026-03-13,Karnataka,Cotton,Flowering,0.75,0.54,0.88,4.9,0.04,High,7.6,58,26,38
2025-06-26,Tamil Nadu,Maize,Mature,0.85,0.5,0.72,3.3,0.05,High,9.4,48,25,35
2025-12-29,Karnataka,Rice,Vegetative,0.69,0.5,0.64,2.6,0.06,Medium,3.8,49,24,26
2025-08-08,Punjab,Rice,Mature,0.71,0.5,0.81,4.6,0.06,High,8.2,37,23,39
2025-07-11,Karnataka,Cotton,Vegetative,0.46,0.39,0.75,3.5,0.06,Medium,3.5,40,22,39
2025-10-09,Maharashtra,Rice,Early,0.42,0.24,0.2,0.8,0.11,Low,2.1,27,13,34
2025-10-14,Uttar Pradesh,Sugarcane,Vegetative,0.5,0.48,0.72,2.5,0.06,Medium,4.6,44,16,38
2026-04-02,Andhra Pradesh,Maize,Flowering,0.83,0.62,0.89,3.8,0.06,High,6.6,49,21,34
2025-06-02,Punjab,Rice,Flowering,0.87,0.58,0.86,5.5,0.05,High,7.5,55,20,38
2025-02-05,Maharashtra,Rice,Flowering,0.83,0.52,0.8,4.6,0.03,High,7.9,45,27,42
2026-09-21,Uttar Pradesh,Wheat,Early,0.28,0.24,0.25,1.1,0.1,Low,2.0,27,19,26
2026-09-27,Tamil Nadu,Wheat,Vegetative,0.56,0.49,0.69,2.0,0.06,Medium,5.6,39,17,32
2026-09-24,Punjab,Wheat,Early,0.25,0.18,0.26,0.9,0.08,Low,1.7,33,11,28
2025-09-09,Andhra Pradesh,Maize,Mature,0.67,0.5,0.89,4.7,0.06,Medium,10.2,45,20,33
2026-10-25,Uttar Pradesh,Sugarcane,Mature,0.83,0.58,0.71,3.6,0.06,High,10.4,38,23,35
2025-10-30,Andhra Pradesh,Sugarcane,Mature,0.66,0.58,0.8,4.5,0.04,Medium,10.1,49,19,38
2026-05-26,Tamil Nadu,Sugarcane,Mature,0.74,0.54,0.83,3.3,0.03,High,7.6,41,25,39
2026-02-26,Tamil Nadu,Maize,Flowering,0.74,0.52,0.91,5.3,0.04,High,7.2,41,27,39
2026-07-18,Punjab,Maize,Vegetative,0.63,0.32,0.64,1.8,0.08,Medium,5.8,41,20,38
2026-05-06,Karnataka,Wheat,Flowering,0.75,0.52,0.85,4.6,0.04,High,8.5,44,29,43
2025-03-04,Tamil Nadu,Rice,Vegetative,0.45,0.3,0.54,3.4,0.07,Medium,4.7,45,18,25
2025-03-31,Uttar Pradesh,Cotton,Vegetative,0.65,0.31,0.64,2.9,0.06,Medium,5.6,48,20,27
2025-10-14,Karnataka,Cotton,Early,0.39,0.27,0.4,1.5,0.1,Low,2.7,30,12,27
2026-01-28,Maharashtra,Rice,Mature,0.67,0.55,0.73,3.0,0.04,Medium,8.0,36,19,29
2025-05-21,Andhra Pradesh,Wheat,Vegetative,0.49,0.36,0.7,3.3,0.06,Medium,6.2,48,18,29
2026-03-06,Karnataka,Rice,Mature,0.8,0.59,0.83,3.4,0.03,High,8.2,47,18,33
2025-07-24,Andhra Pradesh,Rice,Mature,0.75,0.53,0.79,3.6,0.03,High,8.8,35,19,34
2026-10-21,Karnataka,Cotton,Mature,0.74,0.46,0.74,4.0,0.05,High,7.6,46,26,39
2026-06-23,Maharashtra,Wheat,Flowering,0.73,0.69,0.76,5.4,0.05,High,7.3,57,26,44
2025-09-13,Tamil Nadu,Maize,Mature,0.66,0.47,0.83,3.4,0.05,Medium,9.9,43,24,33
2026-10-08,Maharashtra,Cotton,Vegetative,0.49,0.44,0.66,2.7,0.06,Medium,5.9,40,15,26
2026-07-11,Tamil Nadu,Maize,Flowering,0.88,0.65,0.87,4.4,0.06,High,8.1,58,27,41
2025-01-20,Tamil Nadu,Wheat,Mature,0.71,0.48,0.75,3.5,0.06,High,7.9,49,23,31
2026-01-27,Andhra Pradesh,Rice,Early,0.28,0.2,0.24,1.3,0.11,Low,1.3,32,13,28
2027-01-01,Uttar Pradesh,Sugarcane,Mature,0.79,0.57,0.74,4.8,0.05,High,9.7,46,24,31
2026-01-03,Maharashtra,Sugarcane,Mature,0.66,0.51,0.82,3.7,0.05,Medium,10.3,39,23,41
2026-05-07,Karnataka,Wheat,Flowering,0.83,0.59,0.82,3.8,0.06,High,7.9,50,23,39
2026-07-12,Maharashtra,Sugarcane,Vegetative,0.66,0.44,0.62,3.0,0.07,Medium,5.2,40,17,27
2026-05-12,Andhra Pradesh,Maize,Mature,0.65,0.55,0.77,4.2,0.07,Medium,9.3,54,19,31
2025-12-19,Tamil Nadu,Sugarcane,Flowering,0.77,0.52,0.78,4.6,0.04,High,8.3,49,29,31
2026-08-03,Andhra Pradesh,Wheat,Flowering,0.81,0.53,0.87,4.9,0.03,High,7.1,42,25,33
2026-05-30,Punjab,Wheat,Vegetative,0.47,0.39,0.47,3.1,0.08,Medium,6.4,48,24,33
2025-11-26,Punjab,Maize,Flowering,0.84,0.67,0.91,4.4,0.05,High,6.8,52,26,42
2026-02-02,Karnataka,Sugarcane,Vegetative,0.65,0.39,0.72,3.5,0.09,Medium,5.3,48,17,31
2025-10-04,Andhra Pradesh,Sugarcane,Early,0.44,0.18,0.39,0.9,0.11,Low,1.9,26,19,21
2025-07-04,Karnataka,Rice,Mature,0.71,0.47,0.76,4.6,0.05,High,8.9,52,19,36
2025-01-27,Karnataka,Cotton,Flowering,0.89,0.65,0.92,3.7,0.04,High,7.2,51,27,44
2025-11-23,Punjab,Wheat,Early,0.22,0.28,0.36,0.9,0.08,Low,3.3,29,18,32
2026-09-04,Karnataka,Rice,Flowering,0.73,0.59,0.9,4.6,0.05,High,6.8,43,27,36
2025-08-13,Punjab,Wheat,Flowering,0.87,0.57,0.83,4.0,0.06,High,7.8,52,21,43
2025-01-31,Tamil Nadu,Rice,Early,0.38,0.3,0.31,1.1,0.11,Low,1.3,25,11,30
2025-10-15,Andhra Pradesh,Cotton,Flowering,0.75,0.68,0.87,5.4,0.04,High,7.3,51,27,41
2025-03-01,Karnataka,Rice,Flowering,0.87,0.51,0.95,4.4,0.06,High,8.1,53,21,43
2026-04-29,Punjab,Wheat,Early,0.31,0.16,0.2,0.7,0.07,Low,1.9,38,13,26
2026-06-27,Maharashtra,Sugarcane,Flowering,0.74,0.6,0.77,5.2,0.05,High,7.3,49,24,42
2026-01-02,Karnataka,Wheat,Vegetative,0.65,0.36,0.52,3.4,0.05,Medium,4.0,39,21,25
2026-08-22,Uttar Pradesh,Maize,Flowering,0.75,0.6,0.77,3.7,0.06,High,7.4,49,21,38
2025-08-27,Tamil Nadu,Maize,Mature,0.73,0.5,0.75,4.0,0.05,High,7.5,35,26,33
2025-06-13,Tamil Nadu,Maize,Flowering,0.82,0.67,0.81,3.9,0.05,High,6.9,55,25,34
2025-04-13,Maharashtra,Maize,Mature,0.82,0.5,0.76,3.8,0.06,High,7.5,35,26,28
2025-09-11,Punjab,Cotton,Mature,0.73,0.55,0.75,3.3,0.06,High,10.2,43,19,37
2026-11-04,Karnataka,Sugarcane,Flowering,0.87,0.61,0.8,4.7,0.06,High,7.1,57,21,42
2025-09-04,Punjab,Sugarcane,Early,0.21,0.27,0.36,1.6,0.08,Low,3.1,33,13,34
2025-09-30,Tamil Nadu,Wheat,Vegetative,0.68,0.44,0.5,2.2,0.06,Medium,6.4,43,20,29
2026-07-01,Punjab,Rice,Vegetative,0.57,0.36,0.67,2.1,0.06,Medium,5.3,42,21,31
2025-02-27,Tamil Nadu,Wheat,Flowering,0.82,0.66,0.75,5.4,0.05,High,8.4,40,29,39
2025-08-13,Punjab,Wheat,Early,0.39,0.28,0.3,1.2,0.09,Low,2.2,28,12,31
2026-08-13,Maharashtra,Wheat,Early,0.39,0.3,0.31,0.6,0.1,Low,2.2,39,17,30
2026-02-02,Andhra Pradesh,Wheat,Vegetative,0.61,0.39,0.58,2.8,0.08,Medium,6.1,45,24,31
2025-12-30,Maharashtra,Sugarcane,Early,0.34,0.2,0.34,0.8,0.09,Low,1.8,31,18,29
2025-06-27,Maharashtra,Rice,Flowering,0.86,0.69,0.89,5.5,0.04,High,8.2,46,22,34
2025-06-30,Andhra Pradesh,Wheat,Flowering,0.9,0.62,0.83,4.0,0.06,High,7.2,40,28,35
2025-08-31,Andhra Pradesh,Sugarcane,Early,0.33,0.18,0.31,1.6,0.11,Low,2.7,28,15,32
2026-08-30,Karnataka,Wheat,Flowering,0.73,0.58,0.78,4.4,0.05,High,6.8,41,21,31
2025-11-22,Karnataka,Maize,Mature,0.78,0.47,0.8,4.3,0.06,High,8.0,54,25,32
2026-12-16,Maharashtra,Wheat,Vegetative,0.57,0.39,0.6,2.1,0.08,Medium,5.9,39,15,34
2026-01-03,Maharashtra,Wheat,Flowering,0.84,0.52,0.94,4.5,0.05,High,7.7,43,26,39
2026-08-29,Tamil Nadu,Cotton,Early,0.27,0.23,0.28,1.7,0.12,Low,2.0,35,16,23
2025-01-29,Tamil Nadu,Maize,Vegetative,0.49,0.4,0.71,2.9,0.06,Medium,4.4,47,21,38
2026-12-22,Karnataka,Rice,Flowering,0.76,0.56,0.82,4.0,0.06,High,6.6,42,20,31
2026-12-19,Uttar Pradesh,Wheat,Vegetative,0.57,0.4,0.53,3.1,0.08,Medium,6.4,41,19,25
2025-12-27,Uttar Pradesh,Rice,Early,0.42,0.21,0.26,0.8,0.11,Low,3.3,33,10,30
2026-08-05,Karnataka,Maize,Mature,0.81,0.49,0.71,4.0,0.06,High,8.2,47,18,29
2026-08-01,Tamil Nadu,Wheat,Mature,0.68,0.59,0.75,3.5,0.04,Medium,8.4,42,18,39
2025-05-26,Tamil Nadu,Cotton,Flowering,0.79,0.61,0.78,5.1,0.04,High,8.3,56,24,33
2026-07-31,Uttar Pradesh,Sugarcane,Mature,0.76,0.51,0.8,4.1,0.06,High,10.4,37,27,35
2025-07-12,Punjab,Cotton,Flowering,0.74,0.7,0.89,4.2,0.06,High,8.4,49,24,41
2026-05-20,Punjab,Cotton,Vegetative,0.56,0.43,0.69,3.1,0.05,Medium,5.7,46,24,37
2026-07-10,Tamil Nadu,Sugarcane,Flowering,0.86,0.61,0.91,3.9,0.03,High,6.8,47,26,37
2025-11-13,Punjab,Sugarcane,Flowering,0.87,0.64,0.95,3.7,0.03,High,6.7,55,29,35
2025-06-29,Andhra Pradesh,Sugarcane,Flowering,0.81,0.54,0.93,5.4,0.03,High,6.6,49,28,30
2026-05-18,Karnataka,Wheat,Mature,0.74,0.46,0.77,4.4,0.05,High,9.8,48,19,28
2025-02-08,Karnataka,Rice,Flowering,0.88,0.66,0.89,4.9,0.03,High,8.4,44,27,32
2025-04-03,Tamil Nadu,Rice,Early,0.38,0.16,0.39,0.7,0.07,Low,2.3,35,12,26
2025-02-27,Maharashtra,Sugarcane,Flowering,0.79,0.52,0.91,4.3,0.04,High,8.5,45,27,30
2025-08-27,Uttar Pradesh,Cotton,Vegetative,0.57,0.48,0.69,3.1,0.06,Medium,3.6,41,17,28
2026-09-09,Tamil Nadu,Maize,Early,0.43,0.2,0.3,1.2,0.11,Low,1.7,30,18,20
2025-08-13,Punjab,Sugarcane,Vegetative,0.66,0.41,0.68,1.9,0.08,Medium,5.1,49,15,38
2025-01-21,Uttar Pradesh,Cotton,Vegetative,0.67,0.33,0.58,3.3,0.06,Medium,3.9,36,17,39
2026-06-24,Maharashtra,Cotton,Vegetative,0.49,0.36,0.6,2.7,0.06,Medium,5.0,40,18,32
2026-05-05,Punjab,Wheat,Early,0.21,0.28,0.26,1.4,0.09,Low,1.7,31,14,24
2025-01-01,Andhra Pradesh,Wheat,Early,0.31,0.22,0.21,1.7,0.11,Low,2.0,37,15,27
2025-12-06,Punjab,Rice,Mature,0.69,0.53,0.75,4.1,0.04,Medium,10.2,37,19,38
2026-09-21,Andhra Pradesh,Rice,Early,0.28,0.19,0.34,1.6,0.12,Low,1.7,26,12,28
2025-07-26,Uttar Pradesh,Maize,Flowering,0.75,0.58,0.79,4.9,0.06,High,8.3,47,28,38
2025-05-14,Andhra Pradesh,Maize,Vegetative,0.46,0.4,0.6,1.9,0.06,Medium,4.7,43,20,32
2025-12-15,Uttar Pradesh,Maize,Mature,0.73,0.58,0.81,3.1,0.06,High,8.9,42,19,29
2025-07-01,Uttar Pradesh,Maize,Early,0.29,0.21,0.38,0.8,0.12,Low,2.9,33,18,21
2025-11-28,Uttar Pradesh,Cotton,Vegetative,0.57,0.49,0.53,2.0,0.07,Medium,6.3,35,19,27
2025-03-02,Uttar Pradesh,Cotton,Early,0.29,0.16,0.38,1.0,0.1,Low,3.2,29,17,26
2025-01-23,Uttar Pradesh,Rice,Mature,0.7,0.53,0.77,3.7,0.07,High,8.0,36,24,39
2025-06-01,Punjab,Wheat,Early,0.34,0.26,0.4,1.2,0.11,Low,3.0,36,16,25
2026-08-24,Uttar Pradesh,Wheat,Early,0.37,0.3,0.29,0.8,0.11,Low,1.5,33,10,21
2026-12-23,Punjab,Sugarcane,Vegetative,0.55,0.42,0.57,2.2,0.08,Medium,4.4,35,22,28
2025-05-26,Uttar Pradesh,Cotton,Flowering,0.73,0.64,0.89,3.5,0.05,High,7.1,58,27,30
2025-04-24,Andhra Pradesh,Maize,Early,0.27,0.18,0.41,1.5,0.11,Low,2.1,25,14,29
2026-06-23,Uttar Pradesh,Maize,Mature,0.73,0.45,0.86,3.8,0.05,High,8.3,46,26,38
2026-01-09,Maharashtra,Sugarcane,Early,0.34,0.27,0.42,0.7,0.11,Low,2.2,29,12,26
2025-03-16,Uttar Pradesh,Wheat,Early,0.28,0.28,0.4,1.3,0.07,Low,3.4,35,19,27
2026-01-18,Uttar Pradesh,Maize,Flowering,0.79,0.55,0.94,4.1,0.03,High,7.8,52,26,34
2026-12-23,Andhra Pradesh,Wheat,Vegetative,0.64,0.42,0.51,3.3,0.06,Medium,3.8,37,22,37
2026-11-10,Karnataka,Sugarcane,Mature,0.82,0.48,0.75,3.2,0.05,High,10.5,35,26,37
2026-02-10,Andhra Pradesh,Wheat,Vegetative,0.61,0.3,0.73,3.5,0.09,Medium,5.0,37,19,26
2026-08-24,Maharashtra,Wheat,Vegetative,0.6,0.38,0.66,3.2,0.06,Medium,4.7,36,22,35
2025-04-14,Karnataka,Wheat,Vegetative,0.65,0.46,0.72,2.6,0.09,Medium,5.0,35,19,26
2025-12-11,Tamil Nadu,Maize,Early,0.2,0.28,0.35,0.7,0.11,Low,1.6,25,19,25
2025-11-06,Tamil Nadu,Rice,Flowering,0.8,0.67,0.77,3.8,0.05,High,6.7,43,28,44
2025-11-27,Maharashtra,Cotton,Early,0.42,0.21,0.21,1.2,0.08,Low,1.6,35,13,29
2025-05-20,Andhra Pradesh,Wheat,Mature,0.72,0.48,0.72,4.0,0.07,High,9.3,42,21,35
2025-06-11,Punjab,Wheat,Flowering,0.73,0.59,0.87,4.1,0.05,High,7.7,40,21,37
2026-03-24,Maharashtra,Wheat,Vegetative,0.66,0.46,0.74,2.0,0.07,Medium,5.0,35,24,27
2026-10-17,Karnataka,Rice,Flowering,0.75,0.67,0.87,4.6,0.05,High,7.0,44,27,44
2026-05-14,Karnataka,Sugarcane,Mature,0.68,0.52,0.79,4.4,0.05,Medium,8.9,41,26,29
2026-10-27,Uttar Pradesh,Maize,Early,0.22,0.3,0.32,0.7,0.09,Low,1.0,26,17,25
2025-11-21,Tamil Nadu,Rice,Early,0.22,0.27,0.41,0.9,0.08,Low,2.7,34,16,31
2025-06-28,Karnataka,Wheat,Vegetative,0.57,0.48,0.64,2.3,0.07,Medium,5.1,37,16,30
2026-12-26,Maharashtra,Rice,Early,0.27,0.23,0.23,0.8,0.09,Low,1.2,29,17,25
2026-07-30,Karnataka,Rice,Early,0.4,0.24,0.24,0.7,0.09,Low,3.4,33,18,27
2026-12-12,Maharashtra,Rice,Mature,0.77,0.52,0.72,3.7,0.07,High,10.4,41,18,40
2026-09-21,Punjab,Sugarcane,Flowering,0.74,0.65,0.76,3.9,0.03,High,7.3,47,21,42
2026-01-01,Uttar Pradesh,Cotton,Early,0.42,0.18,0.31,1.7,0.07,Low,2.4,33,16,22
2025-08-17,Tamil Nadu,Maize,Mature,0.67,0.52,0.71,4.1,0.06,Medium,8.3,38,19,35
2026-11-13,Karnataka,Sugarcane,Mature,0.8,0.5,0.85,4.4,0.04,High,9.5,40,25,38
2026-08-27,Maharashtra,Sugarcane,Vegetative,0.46,0.32,0.45,2.4,0.06,Medium,3.8,45,23,30
2025-06-29,Andhra Pradesh,Cotton,Mature,0.8,0.52,0.7,3.7,0.06,High,9.4,42,27,33
2026-01-23,Tamil Nadu,Sugarcane,Vegetative,0.52,0.32,0.6,1.9,0.09,Medium,4.6,45,23,33
2025-11-11,Punjab,Rice,Early,0.2,0.2,0.2,1.4,0.11,Low,2.0,32,10,27
2026-12-07,Maharashtra,Rice,Vegetative,0.49,0.31,0.53,3.2,0.06,Medium,5.1,41,15,35
2025-10-29,Uttar Pradesh,Wheat,Mature,0.84,0.56,0.73,4.0,0.06,High,9.0,44,20,28
2025-05-11,Uttar Pradesh,Sugarcane,Flowering,0.85,0.66,0.82,4.9,0.04,High,8.1,47,22,35
2025-07-01,Punjab,Wheat,Flowering,0.81,0.57,0.83,4.2,0.03,High,6.6,49,29,40
2025-01-02,Punjab,Maize,Early,0.41,0.23,0.24,1.6,0.12,Low,1.2,38,11,24
2026-12-20,Uttar Pradesh,Rice,Early,0.21,0.23,0.4,1.2,0.11,Low,3.2,38,15,26
2026-08-10,Karnataka,Maize,Flowering,0.9,0.61,0.87,5.4,0.04,High,7.6,51,20,39
2026-02-05,Karnataka,Cotton,Vegetative,0.65,0.5,0.47,3.2,0.06,Medium,4.1,49,17,28
2026-08-05,Maharashtra,Rice,Early,0.32,0.15,0.34,1.1,0.12,Low,2.8,33,17,25
2025-02-03,Andhra Pradesh,Maize,Mature,0.71,0.56,0.84,4.2,0.06,High,9.1,41,22,32
2025-07-06,Maharashtra,Cotton,Early,0.42,0.21,0.33,1.0,0.1,Low,2.8,33,10,30
2026-09-09,Andhra Pradesh,Maize,Vegetative,0.55,0.39,0.48,2.5,0.06,Medium,4.9,40,24,26
2025-11-22,Punjab,Cotton,Early,0.36,0.23,0.37,1.6,0.11,Low,3.1,33,16,30
2026-09-19,Tamil Nadu,Cotton,Mature,0.85,0.54,0.75,3.2,0.03,High,7.8,37,26,39
2025-08-15,Maharashtra,Rice,Mature,0.73,0.5,0.83,3.3,0.07,High,9.7,40,24,31
2026-10-17,Maharashtra,Wheat,Mature,0.82,0.54,0.86,4.7,0.07,High,8.7,40,23,39
2026-08-03,Andhra Pradesh,Cotton,Vegetative,0.53,0.48,0.66,2.2,0.05,Medium,4.4,38,15,29
2025-04-17,Punjab,Cotton,Vegetative,0.66,0.43,0.45,3.5,0.06,Medium,4.7,37,24,33
2026-05-24,Punjab,Rice,Mature,0.72,0.5,0.74,4.1,0.06,High,8.9,46,24,29
2025-05-25,Andhra Pradesh,Wheat,Mature,0.84,0.47,0.75,4.6,0.06,High,8.5,42,21,36
2025-12-06,Punjab,Sugarcane,Vegetative,0.49,0.44,0.6,2.9,0.05,Medium,3.9,38,21,34
2025-03-21,Uttar Pradesh,Sugarcane,Vegetative,0.59,0.38,0.67,2.8,0.07,Medium,4.5,43,15,38
2025-09-01,Karnataka,Wheat,Vegetative,0.62,0.38,0.56,2.9,0.08,Medium,5.7,39,15,34
2025-12-22,Uttar Pradesh,Maize,Flowering,0.79,0.59,0.86,3.6,0.06,High,7.8,50,24,32
2025-11-24,Tamil Nadu,Rice,Vegetative,0.7,0.33,0.67,2.8,0.07,High,6.4,45,19,27
2025-06-21,Maharashtra,Wheat,Mature,0.79,0.52,0.75,4.4,0.07,High,8.1,53,24,31
2026-10-14,Tamil Nadu,Sugarcane,Flowering,0.71,0.65,0.75,4.5,0.05,High,8.0,55,25,32
2025-04-01,Maharashtra,Cotton,Vegetative,0.47,0.44,0.6,2.4,0.06,Medium,3.9,44,16,26
2026-12-27,Karnataka,Sugarcane,Mature,0.81,0.51,0.78,4.5,0.03,High,10.1,39,20,35
2026-11-18,Punjab,Cotton,Early,0.43,0.25,0.31,1.2,0.1,Low,3.4,28,11,30
2026-10-17,Uttar Pradesh,Rice,Flowering,0.82,0.58,0.8,4.6,0.04,High,6.6,56,29,30
2025-12-10,Andhra Pradesh,Cotton,Mature,0.65,0.56,0.78,3.0,0.04,Medium,10.2,45,22,41
2026-04-03,Uttar Pradesh,Wheat,Early,0.33,0.29,0.25,0.9,0.1,Low,3.5,30,15,20
2025-01-12,Karnataka,Cotton,Mature,0.69,0.51,0.75,3.3,0.04,Medium,9.8,49,22,37
2025-09-29,Tamil Nadu,Maize,Vegetative,0.49,0.47,0.53,1.9,0.07,Medium,6.5,48,16,37
2025-08-03,Andhra Pradesh,Wheat,Vegetative,0.57,0.34,0.51,2.3,0.05,Medium,5.7,47,22,38
2025-09-13,Punjab,Rice,Early,0.3,0.17,0.3,1.2,0.07,Low,2.6,27,13,31
2026-12-11,Karnataka,Wheat,Vegetative,0.48,0.32,0.74,2.8,0.08,Medium,5.1,36,20,30
2025-03-11,Andhra Pradesh,Maize,Mature,0.82,0.46,0.88,3.4,0.03,High,7.8,40,25,35
2025-12-25,Karnataka,Rice,Early,0.29,0.19,0.21,1.2,0.12,Low,3.1,34,12,29
2025-09-20,Karnataka,Sugarcane,Mature,0.76,0.53,0.81,3.9,0.07,High,8.2,37,22,40
2025-04-21,Punjab,Maize,Mature,0.8,0.48,0.89,4.4,0.07,High,10.4,44,22,35
2025-01-02,Maharashtra,Rice,Mature,0.76,0.56,0.72,4.6,0.04,High,10.0,54,25,36
2025-02-19,Andhra Pradesh,Cotton,Vegetative,0.54,0.32,0.55,2.5,0.07,Medium,5.7,41,20,35
2026-01-31,Punjab,Wheat,Vegetative,0.68,0.45,0.59,2.6,0.09,Medium,4.6,47,18,26
2026-03-25,Karnataka,Rice,Mature,0.78,0.49,0.83,4.3,0.04,High,8.3,43,23,32
2026-03-06,Punjab,Wheat,Flowering,0.76,0.61,0.93,4.1,0.06,High,7.4,56,24,41
2025-06-20,Maharashtra,Cotton,Mature,0.82,0.49,0.87,3.0,0.07,High,9.7,54,25,32
2026-02-28,Uttar Pradesh,Rice,Mature,0.77,0.54,0.78,4.7,0.06,High,10.0,46,21,29
2026-05-20,Andhra Pradesh,Sugarcane,Early,0.45,0.22,0.3,1.2,0.08,Medium,3.4,37,11,20
2026-01-23,Maharashtra,Maize,Mature,0.84,0.59,0.76,4.1,0.03,High,7.8,54,22,35
2025-12-26,Tamil Nadu,Rice,Vegetative,0.67,0.49,0.47,1.9,0.06,Medium,6.3,40,15,39
2026-07-14,Andhra Pradesh,Cotton,Early,0.2,0.25,0.31,0.6,0.11,Low,1.5,34,12,21
2026-01-20,Maharashtra,Rice,Flowering,0.89,0.65,0.89,3.6,0.05,High,7.7,40,27,40
2025-04-14,Karnataka,Wheat,Early,0.42,0.16,0.35,1.7,0.07,Low,2.0,28,12,27
2026-05-06,Andhra Pradesh,Rice,Flowering,0.82,0.7,0.94,4.0,0.03,High,7.7,51,22,36
2026-08-15,Andhra Pradesh,Sugarcane,Early,0.33,0.25,0.23,1.4,0.09,Low,3.1,30,18,24
2026-10-29,Punjab,Rice,Early,0.44,0.23,0.43,1.4,0.12,Low,1.8,25,19,25
2026-12-05,Karnataka,Maize,Flowering,0.86,0.62,0.87,5.3,0.04,High,7.7,44,22,31
2025-08-19,Tamil Nadu,Rice,Vegetative,0.56,0.46,0.67,3.5,0.05,Medium,4.6,49,24,37
2025-06-16,Uttar Pradesh,Wheat,Vegetative,0.52,0.35,0.58,2.0,0.07,Medium,6.3,44,15,35
2026-04-08,Maharashtra,Rice,Vegetative,0.65,0.38,0.66,3.1,0.06,Medium,6.1,43,18,25
2025-03-17,Punjab,Sugarcane,Early,0.22,0.19,0.35,1.6,0.07,Low,1.2,31,13,26
2025-02-04,Maharashtra,Cotton,Mature,0.65,0.45,0.87,3.2,0.04,Medium,8.3,50,18,38
2025-10-29,Tamil Nadu,Rice,Early,0.28,0.24,0.36,1.2,0.11,Low,3.1,30,11,23
2025-01-21,Tamil Nadu,Rice,Mature,0.7,0.53,0.89,4.2,0.05,High,7.9,45,23,28
2025-11-23,Andhra Pradesh,Maize,Mature,0.81,0.51,0.76,3.2,0.03,High,8.8,53,23,37
2025-09-25,Tamil Nadu,Sugarcane,Vegetative,0.63,0.31,0.6,3.3,0.07,Medium,5.1,41,22,36
2025-04-18,Maharashtra,Cotton,Mature,0.67,0.47,0.74,4.4,0.04,Medium,10.3,47,21,30
2025-03-17,Karnataka,Wheat,Early,0.25,0.27,0.31,1.0,0.12,Low,3.3,31,10,26
2025-12-17,Karnataka,Rice,Early,0.23,0.22,0.38,0.7,0.11,Low,1.2,35,17,31
2025-06-24,Andhra Pradesh,Cotton,Vegetative,0.58,0.32,0.67,3.5,0.07,Medium,3.8,48,23,38
2026-01-20,Uttar Pradesh,Wheat,Flowering,0.85,0.64,0.87,5.0,0.06,High,7.3,41,23,35
2025-06-14,Maharashtra,Sugarcane,Early,0.39,0.23,0.23,1.8,0.09,Low,2.1,36,14,29
2025-03-18,Maharashtra,Sugarcane,Mature,0.77,0.51,0.75,3.8,0.05,High,7.5,44,22,38
2026-07-15,Tamil Nadu,Cotton,Early,0.39,0.18,0.35,0.8,0.11,Low,1.4,35,15,33
2025-04-06,Maharashtra,Wheat,Early,0.21,0.17,0.36,0.8,0.1,Low,2.0,35,18,26
2025-12-13,Punjab,Sugarcane,Early,0.22,0.2,0.2,1.1,0.1,Low,2.3,38,17,21
2026-09-01,Uttar Pradesh,Cotton,Flowering,0.74,0.54,0.86,4.1,0.05,High,8.4,49,20,30
2026-09-21,Tamil Nadu,Sugarcane,Mature,0.79,0.53,0.73,4.4,0.06,High,10.0,49,18,38
2026-05-10,Punjab,Sugarcane,Vegetative,0.59,0.45,0.46,3.4,0.06,Medium,3.9,38,23,26
2026-12-23,Andhra Pradesh,Sugarcane,Early,0.42,0.16,0.29,1.2,0.11,Low,3.0,32,18,30
2025-02-01,Karnataka,Maize,Mature,0.8,0.52,0.71,3.2,0.05,High,8.4,37,24,32
2026-03-18,Andhra Pradesh,Wheat,Mature,0.78,0.46,0.86,4.1,0.05,High,9.6,48,23,33
2026-11-01,Karnataka,Cotton,Vegetative,0.59,0.34,0.71,2.6,0.06,Medium,4.8,47,17,32
2025-06-18,Andhra Pradesh,Cotton,Early,0.24,0.17,0.38,1.4,0.08,Low,2.1,35,19,22
2026-09-14,Maharashtra,Wheat,Flowering,0.75,0.52,0.85,4.4,0.05,High,7.7,48,20,37
2026-03-21,Punjab,Wheat,Mature,0.7,0.52,0.79,3.4,0.07,High,10.2,51,27,28
2025-06-10,Karnataka,Wheat,Vegetative,0.54,0.44,0.63,2.8,0.05,Medium,5.4,47,22,31
2025-02-24,Tamil Nadu,Wheat,Flowering,0.77,0.6,0.89,3.7,0.06,High,6.6,53,23,33
2025-04-14,Punjab,Rice,Mature,0.82,0.47,0.85,3.8,0.07,High,8.6,51,19,33
2025-12-06,Tamil Nadu,Cotton,Early,0.24,0.18,0.22,1.7,0.08,Low,2.6,25,18,21
2025-07-30,Punjab,Rice,Mature,0.68,0.46,0.76,3.2,0.04,Medium,9.2,39,21,30
2025-07-14,Punjab,Sugarcane,Flowering,0.77,0.67,0.9,4.1,0.03,High,7.0,52,28,33
2026-02-24,Andhra Pradesh,Sugarcane,Flowering,0.85,0.55,0.83,4.6,0.03,High,8.2,49,24,39
2026-12-15,Karnataka,Cotton,Early,0.3,0.28,0.3,1.1,0.1,Low,2.7,26,10,32
2026-07-22,Karnataka,Sugarcane,Early,0.28,0.24,0.34,1.3,0.1,Low,1.6,38,10,31
2026-07-08,Punjab,Wheat,Vegetative,0.64,0.47,0.71,2.6,0.07,Medium,5.8,44,22,32
2025-09-29,Maharashtra,Rice,Early,0.33,0.2,0.41,1.1,0.12,Low,1.3,34,10,23
2026-11-08,Maharashtra,Wheat,Vegetative,0.67,0.48,0.52,3.0,0.07,Medium,6.3,48,21,32
2025-10-16,Tamil Nadu,Sugarcane,Flowering,0.86,0.7,0.84,4.2,0.05,High,7.9,45,20,36
2025-11-01,Tamil Nadu,Rice,Flowering,0.77,0.66,0.94,5.2,0.05,High,7.2,47,29,36
2025-09-01,Andhra Pradesh,Wheat,Mature,0.68,0.56,0.76,3.2,0.06,Medium,8.4,49,18,29
2025-04-09,Punjab,Cotton,Mature,0.77,0.56,0.77,3.9,0.06,High,9.6,40,20,39
2025-02-20,Tamil Nadu,Wheat,Vegetative,0.45,0.37,0.48,3.4,0.09,Medium,6.4,49,24,34
2026-02-07,Tamil Nadu,Sugarcane,Early,0.42,0.26,0.37,1.5,0.08,Low,1.5,34,12,32
2026-08-09,Uttar Pradesh,Rice,Early,0.27,0.23,0.22,1.7,0.12,Low,2.6,37,13,28
2026-07-17,Punjab,Cotton,Mature,0.83,0.45,0.71,3.9,0.04,High,8.7,44,22,36
2026-05-18,Andhra Pradesh,Rice,Flowering,0.78,0.62,0.95,5.1,0.05,High,6.6,42,29,30
2025-06-07,Tamil Nadu,Cotton,Vegetative,0.58,0.5,0.54,2.8,0.08,Medium,4.1,40,15,32
2025-02-25,Andhra Pradesh,Rice,Flowering,0.89,0.57,0.87,4.1,0.04,High,6.5,44,24,44
2026-01-05,Karnataka,Sugarcane,Flowering,0.73,0.61,0.9,4.6,0.06,High,6.8,57,27,32
2025-01-04,Andhra Pradesh,Cotton,Early,0.33,0.24,0.31,1.2,0.11,Low,1.2,26,15,34
2026-03-14,Maharashtra,Maize,Vegetative,0.57,0.44,0.72,2.4,0.06,Medium,6.2,40,22,33
2025-03-31,Maharashtra,Rice,Flowering,0.7,0.69,0.76,4.7,0.04,High,6.7,49,20,40
2025-10-29,Andhra Pradesh,Rice,Mature,0.85,0.57,0.87,4.7,0.06,High,10.4,35,19,29
2026-11-09,Maharashtra,Wheat,Mature,0.82,0.6,0.86,3.4,0.05,High,9.1,52,23,36
2026-10-03,Karnataka,Cotton,Early,0.25,0.26,0.23,0.6,0.09,Low,2.9,37,16,34
2026-09-07,Punjab,Maize,Mature,0.82,0.45,0.79,3.2,0.05,High,10.3,52,22,30
2026-05-07,Maharashtra,Sugarcane,Mature,0.69,0.6,0.72,3.9,0.04,Medium,9.3,38,22,30
2025-07-24,Maharashtra,Wheat,Flowering,0.75,0.54,0.91,3.9,0.05,High,7.5,58,22,30
2025-04-10,Andhra Pradesh,Maize,Mature,0.71,0.55,0.71,3.8,0.07,High,10.2,46,23,40
2025-01-27,Karnataka,Cotton,Mature,0.67,0.51,0.85,3.8,0.05,Medium,8.6,53,20,39
2025-07-31,Punjab,Maize,Flowering,0.89,0.65,0.82,4.0,0.04,High,7.0,52,23,39
2025-06-24,Andhra Pradesh,Rice,Early,0.41,0.18,0.37,0.7,0.08,Low,3.3,38,14,21
2026-10-16,Andhra Pradesh,Rice,Early,0.23,0.22,0.43,0.8,0.1,Low,2.0,29,19,34
2025-10-26,Uttar Pradesh,Wheat,Vegetative,0.59,0.37,0.71,1.9,0.05,Medium,6.5,36,23,34
2025-03-25,Karnataka,Cotton,Mature,0.77,0.51,0.83,3.2,0.06,High,9.1,50,24,29
2026-04-30,Punjab,Cotton,Flowering,0.85,0.64,0.84,5.3,0.05,High,7.8,42,25,38
2025-04-29,Karnataka,Maize,Vegetative,0.69,0.34,0.67,3.4,0.07,Medium,4.1,36,24,33
2025-11-12,Punjab,Wheat,Early,0.45,0.27,0.27,1.6,0.09,Medium,2.3,33,18,25
2026-02-12,Karnataka,Cotton,Early,0.21,0.26,0.43,1.7,0.11,Low,3.3,30,14,26
2026-04-28,Andhra Pradesh,Rice,Flowering,0.86,0.63,0.93,4.0,0.04,High,6.7,51,21,32
2026-05-16,Andhra Pradesh,Maize,Vegetative,0.47,0.31,0.58,2.1,0.08,Medium,5.5,40,16,25
2026-11-08,Tamil Nadu,Sugarcane,Vegetative,0.66,0.44,0.71,2.4,0.08,Medium,5.0,36,23,39
2025-09-29,Maharashtra,Rice,Flowering,0.88,0.59,0.94,4.6,0.04,High,8.4,48,27,40
2025-04-04,Uttar Pradesh,Wheat,Flowering,0.84,0.54,0.86,4.1,0.05,High,8.0,56,28,44
2026-10-20,Karnataka,Cotton,Vegetative,0.69,0.36,0.57,2.6,0.06,Medium,6.0,35,23,30
2026-07-12,Uttar Pradesh,Rice,Early,0.29,0.19,0.29,1.1,0.1,Low,1.1,26,15,23
2026-02-01,Tamil Nadu,Sugarcane,Mature,0.81,0.5,0.89,4.1,0.05,High,9.2,54,26,37
2025-07-09,Maharashtra,Sugarcane,Early,0.43,0.15,0.35,1.2,0.07,Low,2.7,25,17,27
2026-01-15,Karnataka,Wheat,Flowering,0.77,0.65,0.94,5.2,0.04,High,7.0,44,25,37
2026-01-26,Punjab,Rice,Vegetative,0.49,0.38,0.56,2.3,0.06,Medium,5.7,42,19,29
2026-01-14,Maharashtra,Maize,Vegetative,0.54,0.46,0.5,2.1,0.08,Medium,6.2,41,20,34
2025-07-11,Andhra Pradesh,Rice,Mature,0.84,0.47,0.75,4.7,0.06,High,8.5,44,23,33
2026-04-02,Tamil Nadu,Sugarcane,Vegetative,0.66,0.43,0.72,2.3,0.06,Medium,3.7,41,19,38
2025-02-15,Maharashtra,Wheat,Mature,0.74,0.49,0.84,4.2,0.06,High,10.1,43,25,39
2025-09-27,Maharashtra,Wheat,Early,0.41,0.28,0.31,0.5,0.07,Low,1.9,38,15,22
2026-03-27,Andhra Pradesh,Maize,Early,0.29,0.25,0.35,0.5,0.09,Low,1.6,29,14,25
2026-04-22,Karnataka,Wheat,Vegetative,0.52,0.32,0.51,2.1,0.06,Medium,4.2,39,16,37
2025-09-27,Punjab,Wheat,Vegetative,0.67,0.4,0.57,2.8,0.06,Medium,3.8,37,19,32
2025-08-20,Andhra Pradesh,Wheat,Flowering,0.72,0.57,0.88,4.5,0.04,High,8.0,48,23,31
2025-10-03,Punjab,Wheat,Flowering,0.81,0.55,0.87,4.4,0.04,High,6.9,56,22,35
2026-08-01,Karnataka,Wheat,Vegetative,0.7,0.49,0.49,3.3,0.06,High,4.5,44,18,29
2025-03-05,Maharashtra,Sugarcane,Vegetative,0.51,0.37,0.72,3.5,0.05,Medium,4.7,43,22,29
2025-06-04,Punjab,Rice,Early,0.33,0.27,0.24,1.3,0.11,Low,2.9,29,15,23
2026-12-15,Tamil Nadu,Cotton,Vegetative,0.54,0.4,0.54,2.3,0.06,Medium,5.9,38,19,39
2026-11-15,Tamil Nadu,Wheat,Flowering,0.73,0.5,0.87,4.8,0.05,High,6.9,45,21,41
2025-04-10,Andhra Pradesh,Cotton,Early,0.44,0.28,0.44,0.6,0.09,Low,1.4,33,16,23
2025-03-29,Karnataka,Cotton,Mature,0.83,0.56,0.88,4.7,0.04,High,9.2,39,20,28
2026-11-16,Andhra Pradesh,Sugarcane,Flowering,0.71,0.68,0.94,4.9,0.04,High,8.1,58,20,33
2025-12-19,Andhra Pradesh,Wheat,Flowering,0.73,0.54,0.87,3.8,0.05,High,6.9,59,26,31
2026-07-09,Uttar Pradesh,Cotton,Early,0.26,0.21,0.2,0.6,0.11,Low,3.1,29,13,27
2026-02-28,Andhra Pradesh,Wheat,Mature,0.66,0.49,0.81,4.4,0.03,Medium,9.7,51,21,37
2026-08-27,Uttar Pradesh,Maize,Flowering,0.84,0.59,0.91,5.0,0.05,High,7.1,47,21,42
2025-08-21,Tamil Nadu,Maize,Vegetative,0.58,0.46,0.51,2.0,0.08,Medium,3.7,35,22,30
2026-07-21,Tamil Nadu,Maize,Flowering,0.73,0.69,0.79,3.7,0.04,High,8.0,56,24,40
2025-03-04,Andhra Pradesh,Cotton,Early,0.38,0.28,0.21,0.6,0.11,Low,2.9,25,18,27
2026-02-01,Tamil Nadu,Maize,Early,0.34,0.29,0.37,1.1,0.09,Low,2.9,37,14,20
2026-06-20,Karnataka,Sugarcane,Early,0.4,0.23,0.44,1.4,0.08,Low,2.5,36,14,33
2026-03-05,Uttar Pradesh,Sugarcane,Flowering,0.84,0.59,0.76,4.0,0.05,High,7.5,54,29,41
2026-07-03,Uttar Pradesh,Cotton,Mature,0.75,0.5,0.86,3.1,0.07,High,8.5,47,26,36
2026-12-05,Andhra Pradesh,Wheat,Vegetative,0.5,0.46,0.59,3.5,0.05,Medium,4.1,42,22,33
2026-05-02,Tamil Nadu,Rice,Early,0.23,0.26,0.39,1.6,0.09,Low,3.2,27,11,28
2026-08-10,Punjab,Wheat,Mature,0.79,0.54,0.76,3.5,0.05,High,7.7,44,21,33
2025-08-30,Uttar Pradesh,Wheat,Vegetative,0.69,0.4,0.65,2.1,0.06,Medium,5.0,36,23,32
2026-05-03,Andhra Pradesh,Wheat,Early,0.31,0.27,0.26,1.6,0.1,Low,3.3,37,15,28
2025-11-03,Andhra Pradesh,Wheat,Vegetative,0.62,0.42,0.58,3.4,0.07,Medium,5.0,36,18,29
2025-03-22,Karnataka,Rice,Vegetative,0.6,0.33,0.5,2.0,0.06,Medium,4.5,40,22,37
2026-02-09,Maharashtra,Maize,Mature,0.81,0.49,0.82,4.0,0.04,High,8.4,49,20,33
2025-02-05,Maharashtra,Wheat,Vegetative,0.67,0.31,0.68,3.2,0.09,Medium,4.2,42,23,33
2026-05-30,Uttar Pradesh,Sugarcane,Early,0.25,0.23,0.44,0.7,0.09,Low,1.5,26,12,26
2026-08-08,Karnataka,Cotton,Mature,0.78,0.52,0.75,3.3,0.07,High,9.2,36,21,38
2026-06-14,Karnataka,Cotton,Flowering,0.81,0.57,0.76,5.2,0.04,High,8.4,56,22,36
2026-08-09,Karnataka,Sugarcane,Flowering,0.79,0.58,0.89,4.6,0.05,High,7.4,57,22,32
2026-11-25,Uttar Pradesh,Wheat,Mature,0.78,0.6,0.82,3.8,0.04,High,7.8,52,23,33
2026-09-28,Maharashtra,Rice,Flowering,0.85,0.68,0.91,3.8,0.05,High,7.7,59,28,36
2025-05-31,Karnataka,Maize,Vegetative,0.53,0.4,0.51,2.0,0.08,Medium,5.8,42,23,29
2025-05-04,Tamil Nadu,Cotton,Early,0.42,0.3,0.38,1.7,0.1,Low,3.0,37,17,26
2026-04-05,Andhra Pradesh,Maize,Vegetative,0.65,0.44,0.75,2.6,0.07,Medium,3.7,44,22,33
2025-06-27,Andhra Pradesh,Rice,Mature,0.69,0.59,0.85,3.5,0.06,Medium,8.5,48,21,33
2025-06-21,Punjab,Cotton,Early,0.42,0.21,0.2,0.7,0.12,Low,3.2,33,12,30
2025-08-05,Punjab,Maize,Mature,0.75,0.59,0.9,3.4,0.04,High,8.6,37,21,41
2025-07-17,Uttar Pradesh,Rice,Mature,0.83,0.58,0.79,3.0,0.04,High,9.3,46,26,38
2025-05-10,Uttar Pradesh,Maize,Mature,0.68,0.48,0.75,4.6,0.06,Medium,9.2,45,21,29
2025-02-13,Andhra Pradesh,Wheat,Vegetative,0.68,0.42,0.51,2.9,0.07,Medium,6.3,47,20,38
2026-03-10,Tamil Nadu,Rice,Early,0.37,0.3,0.34,1.6,0.07,Low,1.3,32,18,21
2025-03-22,Maharashtra,Maize,Early,0.23,0.21,0.4,0.9,0.08,Low,1.1,27,17,23
2026-12-01,Maharashtra,Wheat,Early,0.35,0.19,0.37,0.9,0.1,Low,1.9,35,19,22
2026-03-22,Uttar Pradesh,Wheat,Vegetative,0.63,0.42,0.5,2.8,0.08,Medium,5.7,48,16,36
2025-07-26,Tamil Nadu,Rice,Flowering,0.82,0.59,0.93,3.6,0.05,High,7.8,46,20,35
2026-10-05,Uttar Pradesh,Sugarcane,Vegetative,0.64,0.41,0.67,2.9,0.08,Medium,3.7,36,15,33
2025-06-01,Maharashtra,Cotton,Vegetative,0.65,0.43,0.55,2.0,0.08,Medium,4.5,49,18,29
2026-09-02,Uttar Pradesh,Rice,Mature,0.67,0.47,0.88,3.1,0.03,Medium,10.0,36,18,41
2025-09-22,Karnataka,Wheat,Early,0.34,0.28,0.39,1.4,0.12,Low,2.3,38,12,27
2025-11-24,Uttar Pradesh,Wheat,Early,0.21,0.25,0.27,0.9,0.08,Low,3.1,35,17,32
2025-03-10,Andhra Pradesh,Rice,Flowering,0.76,0.57,0.77,4.3,0.05,High,6.7,44,21,44
2025-03-31,Uttar Pradesh,Sugarcane,Flowering,0.7,0.51,0.84,5.2,0.06,High,6.7,44,28,38
2026-02-02,Andhra Pradesh,Cotton,Mature,0.74,0.54,0.89,4.6,0.05,High,8.6,54,18,31
2026-07-24,Tamil Nadu,Maize,Early,0.38,0.22,0.28,1.3,0.1,Low,2.1,26,11,23
2026-02-11,Maharashtra,Rice,Flowering,0.71,0.69,0.89,3.8,0.06,High,7.2,45,23,39
2026-07-20,Punjab,Cotton,Flowering,0.77,0.67,0.84,4.7,0.04,High,7.2,53,23,40
2025-11-30,Punjab,Cotton,Early,0.26,0.16,0.22,1.3,0.1,Low,2.6,37,13,23
2025-10-10,Maharashtra,Wheat,Vegetative,0.47,0.31,0.54,3.1,0.06,Medium,4.4,49,16,39
2026-06-17,Punjab,Maize,Flowering,0.88,0.68,0.76,5.4,0.03,High,8.4,48,25,40
2026-04-15,Uttar Pradesh,Rice,Early,0.38,0.28,0.35,1.1,0.08,Low,3.0,26,15,26
2025-01-13,Tamil Nadu,Wheat,Flowering,0.81,0.58,0.87,5.0,0.06,High,7.0,54,24,38
2026-12-19,Tamil Nadu,Wheat,Mature,0.81,0.58,0.84,3.1,0.05,High,9.7,43,23,40
2026-10-01,Maharashtra,Sugarcane,Flowering,0.86,0.64,0.81,3.8,0.05,High,7.0,51,25,42
2026-08-25,Punjab,Cotton,Early,0.35,0.28,0.25,0.8,0.1,Low,3.1,37,13,29
2026-06-20,Uttar Pradesh,Rice,Flowering,0.74,0.66,0.89,4.4,0.03,High,7.9,40,26,41
2026-03-06,Tamil Nadu,Rice,Mature,0.65,0.48,0.78,3.2,0.03,Medium,10.0,47,20,28
2025-04-26,Tamil Nadu,Rice,Mature,0.72,0.47,0.79,3.4,0.04,High,7.8,48,22,30
2026-03-01,Karnataka,Wheat,Flowering,0.89,0.51,0.76,4.6,0.06,High,6.9,53,29,34
2025-06-03,Karnataka,Sugarcane,Flowering,0.71,0.58,0.86,5.5,0.05,High,8.1,45,23,30
2025-06-01,Tamil Nadu,Maize,Mature,0.77,0.53,0.86,3.4,0.05,High,10.2,45,21,36
2026-08-04,Maharashtra,Wheat,Mature,0.82,0.45,0.89,4.6,0.06,High,10.4,45,26,35
2026-08-26,Andhra Pradesh,Maize,Vegetative,0.66,0.33,0.63,2.5,0.07,Medium,6.2,45,23,28
2026-08-20,Andhra Pradesh,Sugarcane,Vegetative,0.68,0.34,0.72,3.5,0.09,Medium,5.5,43,20,38
2025-04-13,Uttar Pradesh,Cotton,Mature,0.72,0.45,0.73,4.6,0.04,High,9.7,41,25,37
2025-04-19,Tamil Nadu,Rice,Flowering,0.85,0.52,0.82,4.0,0.05,High,6.6,59,22,41
2026-07-31,Tamil Nadu,Maize,Early,0.38,0.19,0.31,1.5,0.09,Low,1.6,37,16,27
2025-04-14,Tamil Nadu,Wheat,Flowering,0.86,0.54,0.87,4.1,0.04,High,6.9,47,26,30
2025-10-20,Maharashtra,Maize,Flowering,0.88,0.59,0.82,4.9,0.05,High,7.0,50,29,44
2026-07-03,Karnataka,Cotton,Vegetative,0.54,0.5,0.54,2.5,0.08,Medium,6.1,41,23,30
2025-12-19,Tamil Nadu,Rice,Vegetative,0.63,0.44,0.63,2.7,0.09,Medium,3.9,40,23,27
2026-02-25,Tamil Nadu,Maize,Vegetative,0.65,0.38,0.51,3.1,0.07,Medium,6.2,42,17,33
2025-09-28,Punjab,Cotton,Mature,0.84,0.54,0.82,4.6,0.06,High,8.9,42,18,38
2026-01-28,Maharashtra,Wheat,Mature,0.7,0.55,0.9,4.4,0.05,High,9.2,35,24,41
2026-11-02,Uttar Pradesh,Sugarcane,Flowering,0.88,0.6,0.81,3.8,0.05,High,7.7,49,29,31
2026-05-13,Tamil Nadu,Wheat,Flowering,0.78,0.64,0.81,5.0,0.06,High,7.2,53,22,43
2026-08-09,Punjab,Rice,Early,0.29,0.23,0.36,1.0,0.12,Low,2.0,38,11,32
2026-09-16,Andhra Pradesh,Wheat,Flowering,0.88,0.63,0.79,4.5,0.05,High,6.6,57,29,39
2026-04-30,Uttar Pradesh,Wheat,Flowering,0.79,0.63,0.81,5.3,0.04,High,7.8,41,22,42
2025-02-08,Tamil Nadu,Wheat,Vegetative,0.46,0.47,0.62,2.7,0.06,Medium,5.4,40,16,25
2025-06-26,Tamil Nadu,Wheat,Vegetative,0.62,0.35,0.66,2.8,0.08,Medium,3.6,43,15,28
2025-10-10,Punjab,Rice,Vegetative,0.48,0.33,0.6,2.9,0.06,Medium,3.6,35,19,28
2026-02-17,Maharashtra,Cotton,Vegetative,0.45,0.36,0.52,2.8,0.09,Medium,4.9,45,21,32
2025-05-28,Tamil Nadu,Maize,Vegetative,0.5,0.4,0.64,2.4,0.08,Medium,5.6,37,23,30
2026-09-26,Andhra Pradesh,Sugarcane,Early,0.44,0.28,0.22,1.7,0.12,Low,1.1,25,10,26
2026-09-16,Tamil Nadu,Maize,Early,0.43,0.27,0.27,0.5,0.09,Low,1.2,30,18,30
2026-11-29,Andhra Pradesh,Maize,Early,0.32,0.21,0.43,0.8,0.09,Low,2.4,30,15,32
2026-12-12,Uttar Pradesh,Sugarcane,Vegetative,0.66,0.38,0.61,2.3,0.07,Medium,4.1,39,22,31
2026-02-16,Uttar Pradesh,Rice,Mature,0.76,0.46,0.82,3.4,0.05,High,8.7,47,26,36
2025-02-09,Karnataka,Sugarcane,Vegetative,0.66,0.39,0.63,2.8,0.07,Medium,5.2,44,19,25
2026-02-10,Karnataka,Rice,Vegetative,0.62,0.46,0.73,2.8,0.08,Medium,5.2,39,23,38
2025-12-06,Andhra Pradesh,Maize,Early,0.37,0.17,0.31,1.0,0.11,Low,1.3,33,14,21
2026-12-09,Maharashtra,Rice,Vegetative,0.67,0.47,0.56,3.4,0.08,Medium,6.1,41,16,34
2025-09-01,Tamil Nadu,Cotton,Early,0.2,0.29,0.34,0.8,0.1,Low,2.7,32,10,25
2025-02-20,Tamil Nadu,Sugarcane,Vegetative,0.7,0.42,0.56,2.8,0.06,High,4.2,38,20,25
2026-05-02,Karnataka,Cotton,Flowering,0.8,0.66,0.88,4.0,0.06,High,8.4,58,28,32
2025-10-03,Andhra Pradesh,Maize,Mature,0.66,0.58,0.89,4.1,0.06,Medium,9.5,38,27,38
2026-01-17,Tamil Nadu,Sugarcane,Mature,0.82,0.48,0.8,3.1,0.07,High,8.0,49,21,30
2025-01-21,Tamil Nadu,Maize,Early,0.29,0.26,0.32,0.8,0.11,Low,1.3,39,16,32
2025-12-12,Maharashtra,Cotton,Flowering,0.86,0.53,0.88,3.7,0.03,High,7.0,54,24,42
2025-11-07,Punjab,Maize,Mature,0.79,0.51,0.8,4.3,0.05,High,9.1,52,20,38
2025-11-15,Karnataka,Sugarcane,Early,0.34,0.27,0.24,0.6,0.12,Low,3.1,31,13,28
2025-10-15,Karnataka,Sugarcane,Vegetative,0.47,0.38,0.72,2.6,0.06,Medium,5.4,49,23,34
2026-05-19,Punjab,Maize,Vegetative,0.62,0.47,0.66,2.5,0.08,Medium,6.2,41,24,27
2026-12-14,Tamil Nadu,Sugarcane,Flowering,0.74,0.7,0.8,4.0,0.03,High,8.5,57,25,36
2026-12-03,Maharashtra,Sugarcane,Mature,0.66,0.55,0.83,4.5,0.05,Medium,7.8,47,27,39
2025-04-11,Maharashtra,Maize,Vegetative,0.45,0.46,0.57,2.7,0.08,Medium,4.7,45,17,35
2025-08-22,Karnataka,Cotton,Early,0.44,0.26,0.31,0.6,0.08,Low,3.0,27,15,32
2025-05-18,Maharashtra,Sugarcane,Vegetative,0.68,0.38,0.51,2.0,0.08,Medium,4.9,42,15,33
2025-11-04,Uttar Pradesh,Sugarcane,Vegetative,0.48,0.32,0.49,3.2,0.08,Medium,4.0,42,20,37
2026-03-30,Punjab,Sugarcane,Mature,0.83,0.59,0.81,4.1,0.06,High,8.3,35,27,30
2025-11-25,Tamil Nadu,Sugarcane,Mature,0.79,0.46,0.81,3.6,0.06,High,8.5,45,24,35
2025-10-03,Uttar Pradesh,Maize,Early,0.45,0.2,0.28,1.0,0.11,Medium,3.2,37,15,30
2026-03-03,Punjab,Cotton,Flowering,0.81,0.6,0.94,4.7,0.05,High,6.7,43,21,35
2026-09-12,Andhra Pradesh,Cotton,Flowering,0.8,0.61,0.89,4.0,0.03,High,8.1,49,23,33
2026-10-24,Karnataka,Rice,Vegetative,0.69,0.33,0.56,3.2,0.09,Medium,3.5,40,16,28
2025-04-02,Maharashtra,Sugarcane,Early,0.4,0.26,0.39,1.0,0.09,Low,1.7,36,10,33
2025-07-12,Andhra Pradesh,Sugarcane,Flowering,0.71,0.57,0.86,3.8,0.03,High,6.7,46,27,32
2026-03-29,Maharashtra,Rice,Flowering,0.7,0.58,0.81,4.5,0.04,High,8.3,44,25,43
2025-08-05,Uttar Pradesh,Cotton,Vegetative,0.48,0.45,0.73,2.4,0.05,Medium,4.0,44,23,25
2026-02-21,Tamil Nadu,Wheat,Early,0.43,0.17,0.42,0.7,0.1,Low,1.8,36,16,25
2026-05-12,Tamil Nadu,Wheat,Flowering,0.86,0.52,0.76,5.0,0.06,High,6.8,48,27,35
2026-06-13,Tamil Nadu,Cotton,Mature,0.67,0.48,0.71,3.3,0.06,Medium,8.2,45,27,41
2026-01-18,Maharashtra,Sugarcane,Mature,0.77,0.46,0.7,3.2,0.04,High,8.1,48,22,37
2025-02-27,Andhra Pradesh,Wheat,Vegetative,0.47,0.34,0.57,2.4,0.08,Medium,3.8,47,22,39
2026-06-12,Tamil Nadu,Maize,Vegetative,0.61,0.3,0.46,2.3,0.08,Medium,5.5,38,15,28
2025-06-12,Andhra Pradesh,Maize,Vegetative,0.61,0.48,0.47,2.5,0.07,Medium,5.2,47,21,37
2025-03-09,Maharashtra,Rice,Vegetative,0.63,0.33,0.58,2.3,0.09,Medium,4.7,41,23,38
2025-11-15,Uttar Pradesh,Cotton,Flowering,0.76,0.62,0.8,3.6,0.03,High,7.1,45,23,30
2026-12-28,Andhra Pradesh,Cotton,Early,0.35,0.21,0.22,0.9,0.07,Low,2.7,32,17,26
2026-06-03,Uttar Pradesh,Wheat,Vegetative,0.45,0.48,0.71,2.7,0.06,Medium,3.6,39,19,39
2026-02-18,Maharashtra,Sugarcane,Vegetative,0.62,0.5,0.52,2.3,0.07,Medium,5.0,42,24,37
2025-05-19,Maharashtra,Cotton,Flowering,0.76,0.61,0.87,4.6,0.04,High,7.9,54,28,42
2026-06-21,Karnataka,Wheat,Vegetative,0.5,0.38,0.64,3.2,0.08,Medium,3.8,48,21,28
2026-08-06,Maharashtra,Wheat,Vegetative,0.69,0.44,0.67,2.9,0.06,Medium,5.0,41,23,34
2025-01-30,Maharashtra,Cotton,Early,0.44,0.2,0.29,0.8,0.08,Low,2.4,32,10,24
2025-06-27,Punjab,Wheat,Mature,0.81,0.46,0.87,3.5,0.05,High,8.6,54,24,39
2025-07-17,Tamil Nadu,Rice,Vegetative,0.7,0.36,0.62,2.6,0.09,High,5.9,42,24,32
2025-07-25,Karnataka,Rice,Flowering,0.77,0.56,0.82,4.8,0.03,High,8.4,45,20,39
2025-03-01,Karnataka,Cotton,Early,0.29,0.26,0.21,0.5,0.11,Low,3.3,30,18,33
2025-09-13,Karnataka,Sugarcane,Flowering,0.82,0.62,0.76,4.5,0.05,High,8.1,47,25,40
2025-02-03,Punjab,Rice,Early,0.41,0.26,0.33,1.3,0.08,Low,2.3,36,19,34
2026-04-13,Uttar Pradesh,Rice,Early,0.25,0.18,0.29,0.9,0.11,Low,2.3,33,19,27
2025-02-21,Maharashtra,Cotton,Vegetative,0.52,0.36,0.52,2.6,0.05,Medium,3.8,37,22,27
2026-01-05,Tamil Nadu,Maize,Vegetative,0.54,0.47,0.71,3.3,0.07,Medium,6.4,38,24,34
2026-12-23,Andhra Pradesh,Wheat,Vegetative,0.57,0.46,0.74,2.4,0.05,Medium,5.1,47,15,28
2025-07-23,Uttar Pradesh,Rice,Mature,0.75,0.54,0.76,4.4,0.05,High,9.4,38,20,41
2025-10-08,Maharashtra,Maize,Mature,0.84,0.51,0.88,3.9,0.06,High,8.9,43,20,29
2026-01-13,Punjab,Sugarcane,Flowering,0.88,0.61,0.82,5.0,0.03,High,7.2,46,29,38
2026-04-21,Maharashtra,Maize,Vegetative,0.65,0.42,0.49,1.9,0.07,Medium,6.3,40,15,31
2026-06-02,Maharashtra,Cotton,Mature,0.73,0.57,0.79,3.3,0.04,High,9.2,50,24,38
2026-02-11,Punjab,Sugarcane,Vegetative,0.57,0.33,0.74,2.3,0.07,Medium,3.7,36,21,29
2026-10-13,Karnataka,Sugarcane,Mature,0.7,0.47,0.78,3.9,0.05,High,9.6,42,27,33
2025-05-07,Karnataka,Maize,Mature,0.7,0.47,0.79,3.0,0.07,High,8.2,39,23,34
2026-11-29,Tamil Nadu,Cotton,Early,0.21,0.16,0.36,1.7,0.12,Low,3.5,34,17,32
2025-02-01,Tamil Nadu,Rice,Vegetative,0.6,0.34,0.69,2.1,0.05,Medium,5.1,44,24,31
2025-09-05,Karnataka,Maize,Vegetative,0.53,0.37,0.63,2.0,0.08,Medium,6.4,42,20,31
2026-01-17,Uttar Pradesh,Rice,Mature,0.73,0.52,0.75,4.4,0.07,High,8.8,53,24,34
2026-05-16,Andhra Pradesh,Maize,Vegetative,0.49,0.33,0.59,2.7,0.06,Medium,4.4,42,15,31
2026-09-01,Maharashtra,Rice,Mature,0.67,0.56,0.89,4.4,0.04,Medium,7.8,43,20,30
2026-04-02,Andhra Pradesh,Maize,Vegetative,0.65,0.41,0.49,3.0,0.08,Medium,6.3,45,22,36
2025-07-01,Maharashtra,Sugarcane,Early,0.35,0.29,0.36,0.8,0.1,Low,3.2,34,12,33
2026-05-01,Karnataka,Wheat,Vegetative,0.59,0.39,0.72,3.1,0.07,Medium,5.2,39,19,32
2026-08-24,Tamil Nadu,Sugarcane,Early,0.36,0.18,0.28,0.9,0.11,Low,3.4,25,19,29
2026-07-19,Uttar Pradesh,Rice,Flowering,0.81,0.57,0.84,5.2,0.04,High,7.1,58,24,41
2025-12-25,Tamil Nadu,Cotton,Vegetative,0.47,0.46,0.64,2.2,0.08,Medium,5.7,38,16,39
2025-12-19,Andhra Pradesh,Sugarcane,Vegetative,0.65,0.36,0.6,2.0,0.07,Medium,4.6,37,21,36
2025-06-17,Tamil Nadu,Wheat,Vegetative,0.55,0.36,0.67,3.0,0.05,Medium,6.4,36,19,28
2025-09-22,Karnataka,Rice,Early,0.37,0.19,0.22,1.5,0.09,Low,2.3,32,18,27
2026-12-07,Uttar Pradesh,Sugarcane,Vegetative,0.67,0.41,0.63,2.4,0.05,Medium,4.8,44,19,35
2025-04-03,Andhra Pradesh,Maize,Vegetative,0.57,0.42,0.62,3.4,0.06,Medium,6.2,43,17,25
2025-10-19,Uttar Pradesh,Cotton,Mature,0.7,0.59,0.74,3.1,0.06,High,9.2,49,21,36
2025-01-29,Maharashtra,Rice,Flowering,0.8,0.67,0.91,5.2,0.05,High,7.7,58,24,30
2026-01-31,Tamil Nadu,Sugarcane,Early,0.25,0.22,0.38,1.5,0.08,Low,1.5,26,12,23
2025-02-20,Uttar Pradesh,Rice,Mature,0.84,0.55,0.84,4.4,0.04,High,9.2,53,18,28
2025-06-16,Punjab,Maize,Early,0.26,0.28,0.35,1.1,0.07,Low,3.3,38,17,21
2026-08-09,Tamil Nadu,Wheat,Mature,0.77,0.59,0.75,3.4,0.05,High,10.5,42,24,32
2025-08-08,Maharashtra,Sugarcane,Flowering,0.76,0.55,0.86,5.0,0.05,High,7.0,57,25,44
2025-08-15,Uttar Pradesh,Rice,Mature,0.77,0.48,0.85,3.7,0.06,High,8.0,51,22,40
2026-10-25,Andhra Pradesh,Rice,Early,0.23,0.21,0.2,1.1,0.11,Low,3.4,38,11,25
2025-08-19,Maharashtra,Rice,Vegetative,0.51,0.32,0.56,3.2,0.07,Medium,4.0,45,20,35
2026-11-25,Punjab,Wheat,Vegetative,0.64,0.34,0.67,2.7,0.07,Medium,6.3,37,18,26
2025-07-31,Uttar Pradesh,Rice,Flowering,0.8,0.68,0.78,4.9,0.05,High,7.6,48,29,30
2025-10-03,Karnataka,Cotton,Early,0.34,0.19,0.23,1.0,0.1,Low,2.3,39,17,28
2026-10-30,Tamil Nadu,Cotton,Early,0.21,0.22,0.44,1.7,0.11,Low,2.6,32,14,21
2026-02-24,Andhra Pradesh,Rice,Early,0.25,0.25,0.43,0.5,0.08,Low,1.7,26,10,25
2026-06-10,Karnataka,Cotton,Flowering,0.71,0.52,0.83,3.5,0.03,High,8.4,52,26,32
2025-01-21,Uttar Pradesh,Sugarcane,Vegetative,0.68,0.33,0.62,2.2,0.05,Medium,3.8,38,20,34
2026-11-30,Uttar Pradesh,Cotton,Mature,0.82,0.53,0.78,4.7,0.04,High,7.6,47,27,40
2025-01-10,Maharashtra,Rice,Flowering,0.78,0.69,0.84,5.5,0.06,High,7.3,41,27,34
2026-05-01,Uttar Pradesh,Maize,Mature,0.77,0.52,0.84,3.3,0.05,High,8.4,46,22,39
2025-05-16,Andhra Pradesh,Sugarcane,Vegetative,0.65,0.44,0.66,2.1,0.07,Medium,5.2,39,22,34
2026-10-25,Karnataka,Wheat,Flowering,0.75,0.62,0.85,5.1,0.05,High,8.0,46,26,36
2025-06-27,Andhra Pradesh,Rice,Vegetative,0.6,0.39,0.56,2.4,0.05,Medium,4.0,37,15,39
2026-09-08,Punjab,Wheat,Mature,0.82,0.58,0.86,3.4,0.05,High,10.2,35,22,39
2025-01-09,Punjab,Maize,Early,0.31,0.15,0.27,1.1,0.11,Low,2.6,30,18,28
2025-08-18,Tamil Nadu,Wheat,Early,0.26,0.16,0.37,0.8,0.12,Low,1.2,25,16,32
2025-09-16,Tamil Nadu,Rice,Mature,0.66,0.48,0.77,4.1,0.06,Medium,7.7,42,20,38
2026-09-15,Punjab,Rice,Early,0.23,0.19,0.41,1.3,0.1,Low,2.5,29,14,28
2025-11-09,Uttar Pradesh,Maize,Mature,0.73,0.56,0.81,4.2,0.04,High,7.6,35,22,30
2026-12-31,Andhra Pradesh,Rice,Flowering,0.8,0.64,0.88,4.6,0.04,High,8.2,46,28,36
2026-12-28,Punjab,Maize,Flowering,0.88,0.59,0.93,3.5,0.05,High,7.0,52,27,37
2026-10-21,Tamil Nadu,Maize,Flowering,0.73,0.69,0.89,4.3,0.05,High,6.9,52,28,40
2025-10-09,Punjab,Rice,Early,0.41,0.19,0.29,1.0,0.09,Low,1.5,38,10,23
2026-03-10,Uttar Pradesh,Cotton,Vegetative,0.69,0.37,0.46,2.0,0.06,Medium,6.2,43,20,28
2026-01-21,Punjab,Maize,Early,0.2,0.17,0.42,1.1,0.12,Low,3.2,39,12,28
2025-12-24,Andhra Pradesh,Rice,Early,0.33,0.23,0.44,1.1,0.09,Low,1.8,36,18,29
2026-04-16,Karnataka,Cotton,Vegetative,0.64,0.43,0.61,3.1,0.09,Medium,6.4,39,19,39
2025-09-16,Uttar Pradesh,Maize,Vegetative,0.49,0.31,0.52,2.4,0.06,Medium,4.2,42,20,26
2025-08-12,Tamil Nadu,Cotton,Vegetative,0.48,0.45,0.55,2.9,0.09,Medium,3.8,37,21,26
2026-04-23,Andhra Pradesh,Sugarcane,Vegetative,0.53,0.48,0.63,2.3,0.09,Medium,5.9,35,17,33
2025-11-06,Punjab,Sugarcane,Early,0.39,0.19,0.35,1.6,0.08,Low,1.4,37,13,21
2026-11-25,Punjab,Cotton,Mature,0.77,0.53,0.89,3.6,0.04,High,10.1,36,19,40
2026-06-18,Karnataka,Maize,Flowering,0.75,0.55,0.9,4.1,0.04,High,6.5,59,28,34
2026-10-01,Tamil Nadu,Rice,Mature,0.84,0.49,0.83,3.5,0.04,High,10.0,46,19,38
2026-02-11,Tamil Nadu,Wheat,Early,0.23,0.28,0.4,1.2,0.11,Low,1.1,39,11,33
2026-08-22,Maharashtra,Rice,Vegetative,0.46,0.43,0.69,2.6,0.06,Medium,6.3,36,15,26
2025-04-15,Tamil Nadu,Wheat,Flowering,0.8,0.55,0.91,3.8,0.05,High,7.5,53,28,39
2025-01-08,Karnataka,Wheat,Flowering,0.8,0.61,0.8,4.6,0.05,High,7.2,40,26,40
2026-06-08,Maharashtra,Maize,Mature,0.8,0.53,0.7,3.4,0.05,High,10.2,54,23,29
2026-11-10,Maharashtra,Cotton,Early,0.26,0.21,0.22,1.4,0.11,Low,2.0,36,13,20
2026-01-19,Punjab,Rice,Early,0.36,0.29,0.37,1.5,0.1,Low,3.2,32,16,28
2026-07-29,Punjab,Cotton,Early,0.23,0.16,0.32,0.9,0.1,Low,2.7,28,12,20
2026-10-25,Tamil Nadu,Sugarcane,Flowering,0.9,0.65,0.78,4.8,0.03,High,7.4,44,22,35
2026-09-01,Maharashtra,Maize,Mature,0.83,0.48,0.71,4.8,0.06,High,10.2,52,20,32
2026-09-16,Punjab,Maize,Flowering,0.73,0.56,0.84,4.2,0.06,High,7.9,58,24,41
2025-10-17,Karnataka,Sugarcane,Flowering,0.85,0.66,0.83,4.9,0.03,High,7.3,54,27,43
2025-11-02,Punjab,Rice,Vegetative,0.57,0.5,0.75,2.5,0.09,Medium,5.3,49,18,31
2026-12-02,Uttar Pradesh,Sugarcane,Mature,0.83,0.54,0.77,3.9,0.05,High,8.9,40,20,38
2025-04-21,Uttar Pradesh,Rice,Vegetative,0.67,0.38,0.69,3.0,0.07,Medium,4.1,41,18,26
2026-05-09,Punjab,Wheat,Early,0.25,0.19,0.45,1.7,0.1,Low,2.7,33,17,29
2025-03-07,Maharashtra,Maize,Flowering,0.89,0.66,0.79,5.1,0.05,High,7.0,40,25,40
2025-12-11,Maharashtra,Rice,Mature,0.7,0.48,0.78,3.2,0.05,High,7.8,36,19,37
2025-10-11,Andhra Pradesh,Cotton,Early,0.23,0.24,0.36,0.5,0.09,Low,1.2,33,10,20
2026-10-18,Uttar Pradesh,Cotton,Mature,0.69,0.49,0.84,3.7,0.06,Medium,9.0,52,20,39
2025-11-29,Karnataka,Maize,Flowering,0.76,0.63,0.79,3.8,0.04,High,7.3,40,25,31
2025-10-11,Maharashtra,Sugarcane,Mature,0.79,0.46,0.74,3.7,0.07,High,10.1,50,18,41
2025-09-25,Tamil Nadu,Sugarcane,Early,0.32,0.22,0.37,1.6,0.09,Low,2.2,34,11,33
2026-11-03,Uttar Pradesh,Rice,Vegetative,0.5,0.49,0.48,1.8,0.06,Medium,5.6,43,15,33
2026-12-30,Karnataka,Sugarcane,Flowering,0.73,0.69,0.88,4.1,0.06,High,8.3,54,22,32
2026-10-30,Karnataka,Maize,Vegetative,0.59,0.34,0.52,2.8,0.06,Medium,6.0,41,23,27
2025-11-02,Maharashtra,Rice,Flowering,0.84,0.58,0.9,5.2,0.03,High,8.4,48,29,34
2025-07-12,Karnataka,Wheat,Early,0.37,0.27,0.36,0.7,0.08,Low,2.3,33,12,26
2025-06-03,Maharashtra,Sugarcane,Flowering,0.71,0.65,0.77,5.4,0.04,High,8.0,42,29,36
2026-06-14,Punjab,Sugarcane,Vegetative,0.46,0.31,0.47,2.0,0.07,Medium,5.9,47,24,34
2025-09-04,Uttar Pradesh,Rice,Flowering,0.82,0.57,0.87,4.3,0.06,High,8.4,50,20,34
2025-02-28,Andhra Pradesh,Cotton,Early,0.32,0.19,0.36,0.9,0.09,Low,1.3,37,12,21
2026-09-07,Punjab,Sugarcane,Flowering,0.85,0.68,0.9,4.0,0.04,High,8.3,42,25,34
2026-02-18,Uttar Pradesh,Maize,Vegetative,0.6,0.35,0.5,3.2,0.08,Medium,4.3,45,24,35
2026-11-08,Maharashtra,Sugarcane,Early,0.32,0.22,0.34,1.0,0.08,Low,2.7,32,17,32
2025-11-24,Uttar Pradesh,Wheat,Vegetative,0.61,0.41,0.47,2.5,0.05,Medium,5.5,44,24,38
2026-11-29,Maharashtra,Sugarcane,Flowering,0.88,0.57,0.95,5.4,0.05,High,8.1,48,26,39
2025-05-24,Punjab,Cotton,Mature,0.84,0.5,0.72,3.3,0.06,High,8.6,54,24,30
2025-01-27,Tamil Nadu,Sugarcane,Vegetative,0.57,0.41,0.5,2.1,0.06,Medium,5.0,42,16,37
2026-11-03,Tamil Nadu,Rice,Flowering,0.84,0.54,0.85,5.5,0.06,High,6.9,52,22,33
2026-05-25,Uttar Pradesh,Sugarcane,Mature,0.65,0.46,0.82,3.3,0.03,Medium,8.9,45,26,29
2025-10-30,Tamil Nadu,Cotton,Mature,0.81,0.54,0.76,3.8,0.06,High,7.7,49,20,41
2025-09-23,Maharashtra,Rice,Early,0.41,0.22,0.26,0.7,0.09,Low,3.0,38,15,31
2026-03-05,Karnataka,Maize,Mature,0.83,0.5,0.82,4.5,0.03,High,8.3,39,24,36
2026-02-19,Maharashtra,Rice,Vegetative,0.68,0.47,0.47,1.9,0.07,Medium,5.0,36,19,27
2026-02-02,Karnataka,Wheat,Vegetative,0.61,0.37,0.57,2.9,0.06,Medium,6.1,38,18,33
2025-02-06,Punjab,Rice,Mature,0.73,0.55,0.71,4.1,0.07,High,9.4,47,19,35
2026-08-21,Andhra Pradesh,Maize,Flowering,0.89,0.65,0.8,5.4,0.03,High,8.0,47,20,38
2026-12-27,Karnataka,Sugarcane,Vegetative,0.55,0.38,0.64,2.5,0.05,Medium,5.7,42,17,37
2026-08-09,Tamil Nadu,Rice,Vegetative,0.46,0.43,0.55,2.2,0.07,Medium,5.9,47,15,35
2025-07-14,Maharashtra,Rice,Early,0.31,0.18,0.31,1.2,0.09,Low,1.7,32,14,30
2025-12-18,Punjab,Rice,Flowering,0.84,0.57,0.94,5.5,0.05,High,7.7,47,27,43
2027-01-01,Tamil Nadu,Rice,Mature,0.67,0.46,0.79,4.8,0.04,Medium,8.7,35,27,30
2025-08-16,Punjab,Maize,Flowering,0.7,0.58,0.91,5.4,0.04,High,8.3,42,23,32
2026-12-04,Andhra Pradesh,Cotton,Early,0.2,0.28,0.27,1.5,0.1,Low,1.6,27,19,26
2026-07-02,Maharashtra,Cotton,Early,0.32,0.26,0.3,1.8,0.08,Low,2.9,36,14,21
2026-10-16,Uttar Pradesh,Rice,Flowering,0.8,0.58,0.91,4.3,0.06,High,6.7,57,26,42
2026-05-03,Maharashtra,Maize,Early,0.26,0.24,0.33,1.5,0.1,Low,2.1,38,19,27
2026-11-19,Andhra Pradesh,Maize,Early,0.3,0.3,0.38,1.0,0.07,Low,2.7,34,13,33
2026-01-03,Maharashtra,Rice,Early,0.35,0.17,0.34,1.5,0.07,Low,2.1,26,13,26
2026-06-04,Uttar Pradesh,Wheat,Flowering,0.86,0.58,0.77,3.5,0.04,High,7.9,55,28,35
2025-11-04,Karnataka,Rice,Early,0.28,0.22,0.42,0.7,0.11,Low,1.8,31,10,23
2025-06-24,Punjab,Wheat,Mature,0.75,0.49,0.78,3.4,0.04,High,8.9,40,24,38
2026-11-05,Uttar Pradesh,Rice,Mature,0.85,0.53,0.86,3.4,0.05,High,9.0,54,24,29
2026-07-26,Tamil Nadu,Wheat,Vegetative,0.65,0.33,0.74,3.4,0.07,Medium,5.5,36,17,36
2025-07-05,Andhra Pradesh,Wheat,Mature,0.67,0.58,0.8,4.8,0.05,Medium,7.6,38,26,30
2025-10-28,Karnataka,Rice,Vegetative,0.46,0.38,0.5,2.9,0.09,Medium,5.4,40,20,29
2025-04-10,Tamil Nadu,Wheat,Flowering,0.8,0.69,0.78,5.2,0.04,High,7.2,48,20,32
2026-04-28,Tamil Nadu,Sugarcane,Early,0.33,0.29,0.44,1.0,0.11,Low,2.0,28,12,26
2025-05-12,Andhra Pradesh,Cotton,Mature,0.84,0.53,0.7,4.5,0.05,High,7.7,41,23,38
2025-09-22,Karnataka,Maize,Vegetative,0.51,0.34,0.71,2.0,0.07,Medium,5.0,42,24,35
2026-07-27,Tamil Nadu,Wheat,Flowering,0.82,0.53,0.78,4.2,0.06,High,8.4,48,24,35
2025-07-07,Tamil Nadu,Wheat,Vegetative,0.48,0.44,0.61,1.8,0.06,Medium,5.0,42,21,33
2026-11-28,Karnataka,Maize,Early,0.27,0.21,0.27,0.6,0.08,Low,2.6,32,11,29
2025-12-10,Maharashtra,Wheat,Mature,0.67,0.46,0.87,4.4,0.06,Medium,7.6,49,20,39
2026-11-02,Tamil Nadu,Maize,Flowering,0.78,0.56,0.93,4.8,0.04,High,8.0,50,22,30
2025-04-02,Punjab,Rice,Vegetative,0.68,0.44,0.69,3.4,0.08,Medium,3.8,47,16,25
2025-08-16,Karnataka,Sugarcane,Flowering,0.7,0.62,0.88,4.9,0.05,High,7.4,45,23,42
2025-12-30,Tamil Nadu,Sugarcane,Vegetative,0.57,0.36,0.6,3.2,0.05,Medium,4.6,43,20,36
2025-08-17,Andhra Pradesh,Cotton,Vegetative,0.64,0.38,0.65,2.5,0.07,Medium,6.5,49,21,27
2025-11-11,Uttar Pradesh,Wheat,Early,0.39,0.17,0.4,0.7,0.1,Low,2.5,28,16,23
2026-03-07,Punjab,Cotton,Early,0.3,0.27,0.31,1.8,0.08,Low,1.7,38,13,28
2025-12-06,Uttar Pradesh,Rice,Vegetative,0.69,0.43,0.45,2.8,0.08,Medium,3.7,46,22,38
2026-01-16,Uttar Pradesh,Sugarcane,Mature,0.84,0.52,0.73,3.8,0.07,High,7.7,42,24,39
2025-09-24,Tamil Nadu,Rice,Flowering,0.71,0.56,0.82,3.6,0.05,High,6.5,58,27,37
2026-08-23,Punjab,Rice,Flowering,0.87,0.5,0.87,4.0,0.05,High,7.1,49,23,39
2025-10-29,Punjab,Wheat,Early,0.34,0.26,0.4,0.7,0.08,Low,1.4,38,12,20
2026-04-20,Maharashtra,Rice,Mature,0.67,0.48,0.83,3.5,0.05,Medium,7.9,41,27,37
2025-05-01,Uttar Pradesh,Sugarcane,Vegetative,0.7,0.33,0.58,3.4,0.06,High,5.9,46,15,34
2026-04-27,Punjab,Cotton,Early,0.22,0.28,0.41,0.6,0.07,Low,1.1,38,18,29
2025-02-24,Maharashtra,Sugarcane,Vegetative,0.56,0.31,0.7,3.1,0.05,Medium,4.6,45,22,38
2026-10-12,Karnataka,Wheat,Vegetative,0.52,0.48,0.62,3.0,0.07,Medium,6.2,36,17,34
2026-08-21,Maharashtra,Sugarcane,Early,0.35,0.19,0.38,1.1,0.1,Low,2.7,36,10,28
2026-08-18,Andhra Pradesh,Maize,Mature,0.67,0.5,0.8,4.2,0.04,Medium,10.3,52,27,39
2026-09-28,Tamil Nadu,Cotton,Flowering,0.72,0.52,0.85,5.0,0.03,High,7.8,50,27,42
2025-03-14,Karnataka,Maize,Early,0.31,0.25,0.24,0.8,0.12,Low,1.8,36,16,20
2026-04-29,Karnataka,Maize,Mature,0.71,0.6,0.9,3.4,0.04,High,9.7,54,18,30
2025-07-19,Andhra Pradesh,Wheat,Vegetative,0.47,0.43,0.66,2.1,0.08,Medium,6.3,49,22,39
2026-05-28,Maharashtra,Rice,Early,0.28,0.22,0.24,1.7,0.08,Low,2.9,25,14,24
2025-05-03,Tamil Nadu,Maize,Flowering,0.71,0.54,0.84,4.9,0.05,High,6.6,49,27,40
2026-11-29,Maharashtra,Sugarcane,Flowering,0.75,0.55,0.77,3.8,0.03,High,7.7,50,24,33
2026-01-26,Punjab,Rice,Vegetative,0.51,0.41,0.73,2.9,0.05,Medium,5.2,35,22,27
2026-06-27,Maharashtra,Sugarcane,Early,0.25,0.29,0.38,0.6,0.11,Low,1.9,38,19,31
2025-11-02,Karnataka,Sugarcane,Flowering,0.87,0.52,0.79,4.5,0.04,High,7.9,53,26,35
2026-02-28,Tamil Nadu,Rice,Early,0.21,0.28,0.42,1.2,0.11,Low,2.8,29,15,21
2025-02-25,Maharashtra,Rice,Flowering,0.75,0.55,0.86,3.8,0.04,High,6.5,50,24,33
2025-06-04,Tamil Nadu,Sugarcane,Vegetative,0.67,0.44,0.69,2.5,0.06,Medium,4.6,48,24,39
2025-05-21,Tamil Nadu,Wheat,Vegetative,0.49,0.45,0.51,2.2,0.09,Medium,3.8,35,21,33
2025-07-25,Punjab,Cotton,Early,0.36,0.24,0.25,1.6,0.11,Low,1.8,37,12,22
2025-12-17,Punjab,Cotton,Mature,0.8,0.47,0.77,3.4,0.04,High,8.4,38,26,32
2026-02-24,Karnataka,Wheat,Mature,0.66,0.49,0.87,3.2,0.06,Medium,7.7,41,24,38
2026-08-07,Andhra Pradesh,Rice,Vegetative,0.49,0.36,0.46,2.9,0.08,Medium,4.5,42,17,39
2026-04-14,Tamil Nadu,Sugarcane,Flowering,0.83,0.7,0.83,3.7,0.04,High,8.3,48,26,34
2025-05-27,Andhra Pradesh,Cotton,Mature,0.84,0.54,0.73,4.0,0.05,High,10.0,40,24,39
2025-11-20,Karnataka,Sugarcane,Vegetative,0.48,0.39,0.6,3.2,0.06,Medium,5.5,39,24,33
2025-07-04,Tamil Nadu,Wheat,Flowering,0.79,0.62,0.88,3.7,0.06,High,6.8,46,25,44
2025-03-24,Tamil Nadu,Sugarcane,Flowering,0.71,0.62,0.83,3.6,0.05,High,7.5,56,22,39
2026-05-15,Uttar Pradesh,Wheat,Mature,0.76,0.5,0.89,4.1,0.04,High,9.1,45,18,34
2025-12-07,Andhra Pradesh,Rice,Vegetative,0.45,0.47,0.49,3.3,0.07,Medium,5.4,43,18,37
2026-10-09,Maharashtra,Wheat,Flowering,0.75,0.7,0.9,4.5,0.04,High,7.6,55,20,41
2025-07-01,Punjab,Wheat,Flowering,0.86,0.61,0.94,4.5,0.06,High,7.5,53,23,35
2025-11-17,Maharashtra,Cotton,Early,0.39,0.23,0.35,1.4,0.09,Low,1.9,27,10,27
2026-10-12,Andhra Pradesh,Sugarcane,Early,0.31,0.23,0.35,1.6,0.09,Low,2.7,28,11,27
2025-03-01,Punjab,Cotton,Mature,0.69,0.57,0.78,3.5,0.07,Medium,10.1,48,20,41
2025-01-05,Maharashtra,Maize,Early,0.35,0.29,0.23,1.5,0.1,Low,3.4,39,10,22
2026-04-08,Uttar Pradesh,Wheat,Vegetative,0.65,0.43,0.49,1.8,0.07,Medium,4.2,40,18,34
2025-10-08,Punjab,Maize,Mature,0.67,0.58,0.85,3.7,0.06,Medium,8.1,51,27,35
2025-08-03,Tamil Nadu,Cotton,Mature,0.78,0.56,0.76,3.8,0.03,High,7.7,44,23,32
2025-06-22,Maharashtra,Sugarcane,Early,0.28,0.16,0.45,1.7,0.08,Low,1.8,37,12,30
2026-08-14,Punjab,Cotton,Flowering,0.77,0.69,0.83,3.7,0.04,High,7.3,52,21,34
2025-06-12,Uttar Pradesh,Sugarcane,Vegetative,0.5,0.43,0.6,3.5,0.07,Medium,3.6,43,22,27
2026-05-17,Punjab,Sugarcane,Vegetative,0.6,0.34,0.69,2.3,0.07,Medium,5.4,45,23,25
2025-04-01,Punjab,Rice,Vegetative,0.66,0.32,0.48,2.6,0.06,Medium,3.7,47,21,26
2025-05-13,Uttar Pradesh,Wheat,Mature,0.78,0.47,0.74,3.6,0.06,High,7.6,51,23,31
2026-09-22,Maharashtra,Cotton,Vegetative,0.55,0.46,0.45,2.5,0.06,Medium,4.4,47,15,27
2026-03-21,Karnataka,Sugarcane,Flowering,0.88,0.59,0.88,5.2,0.05,High,6.7,40,24,36
2026-10-11,Maharashtra,Cotton,Flowering,0.71,0.52,0.95,5.1,0.04,High,7.4,48,29,31
2026-03-16,Andhra Pradesh,Cotton,Early,0.42,0.21,0.39,1.2,0.11,Low,1.8,36,11,32
2026-02-18,Uttar Pradesh,Sugarcane,Vegetative,0.58,0.46,0.68,2.4,0.06,Medium,5.5,36,20,34
2026-03-16,Maharashtra,Maize,Mature,0.72,0.58,0.84,3.7,0.03,High,9.7,43,26,40
2026-05-04,Punjab,Wheat,Early,0.35,0.2,0.28,1.1,0.11,Low,1.7,36,13,24
2026-01-28,Uttar Pradesh,Wheat,Flowering,0.8,0.54,0.92,4.4,0.04,High,7.8,59,23,42
2025-01-05,Tamil Nadu,Rice,Vegetative,0.57,0.49,0.7,3.3,0.06,Medium,6.4,42,17,35
2025-02-08,Maharashtra,Rice,Flowering,0.87,0.65,0.9,5.0,0.05,High,8.4,54,25,37
2026-07-01,Uttar Pradesh,Rice,Early,0.42,0.22,0.24,1.1,0.11,Low,2.5,29,11,22
2025-07-24,Maharashtra,Wheat,Flowering,0.75,0.59,0.94,5.0,0.06,High,8.4,45,20,31
2026-01-18,Uttar Pradesh,Maize,Vegetative,0.59,0.31,0.75,2.8,0.07,Medium,4.8,44,21,26
2025-01-15,Punjab,Wheat,Vegetative,0.61,0.4,0.63,3.2,0.08,Medium,6.0,40,16,25
2025-11-26,Tamil Nadu,Wheat,Early,0.25,0.19,0.37,1.7,0.08,Low,2.2,28,19,24
2026-06-28,Tamil Nadu,Wheat,Vegetative,0.69,0.45,0.61,2.0,0.07,Medium,6.0,48,23,27
2025-07-15,Andhra Pradesh,Wheat,Flowering,0.75,0.65,0.81,4.7,0.05,High,7.8,40,27,31
2025-01-19,Uttar Pradesh,Maize,Flowering,0.84,0.52,0.82,3.5,0.04,High,7.5,51,26,44
2026-11-24,Maharashtra,Rice,Mature,0.73,0.49,0.82,4.3,0.04,High,8.4,39,24,34
2025-01-05,Tamil Nadu,Cotton,Mature,0.69,0.55,0.88,3.8,0.04,Medium,9.5,51,24,38
2026-10-04,Tamil Nadu,Rice,Mature,0.81,0.56,0.82,4.7,0.06,High,9.1,45,27,39
2025-09-12,Karnataka,Rice,Flowering,0.84,0.63,0.93,3.8,0.04,High,7.2,45,26,42
2025-08-20,Karnataka,Cotton,Flowering,0.75,0.69,0.85,4.5,0.05,High,8.3,59,26,38
2026-12-12,Tamil Nadu,Wheat,Early,0.41,0.26,0.41,0.7,0.11,Low,2.7,28,10,28
2025-12-19,Uttar Pradesh,Maize,Mature,0.8,0.51,0.73,4.0,0.06,High,8.0,44,25,38
2025-11-16,Andhra Pradesh,Maize,Flowering,0.85,0.54,0.93,3.8,0.04,High,7.4,44,20,30
2025-05-13,Tamil Nadu,Rice,Early,0.23,0.27,0.21,0.5,0.11,Low,3.0,26,18,22
2025-04-16,Punjab,Cotton,Flowering,0.75,0.52,0.85,4.5,0.04,High,8.1,58,21,39
2026-01-28,Maharashtra,Sugarcane,Early,0.24,0.26,0.28,0.6,0.09,Low,1.6,29,18,21
2026-05-31,Andhra Pradesh,Wheat,Mature,0.84,0.51,0.77,3.3,0.07,High,9.9,54,27,28
2026-08-26,Punjab,Rice,Mature,0.68,0.55,0.89,4.4,0.03,Medium,10.1,42,18,39
2025-11-10,Andhra Pradesh,Maize,Mature,0.81,0.46,0.72,4.6,0.03,High,9.9,48,27,40
2025-06-21,Punjab,Cotton,Flowering,0.74,0.51,0.9,3.6,0.06,High,7.1,46,28,33
2025-03-08,Maharashtra,Cotton,Flowering,0.86,0.63,0.89,3.8,0.04,High,7.6,40,25,37
2025-02-16,Maharashtra,Rice,Early,0.38,0.28,0.25,0.6,0.07,Low,1.5,38,12,33
2025-11-02,Karnataka,Sugarcane,Vegetative,0.56,0.4,0.49,2.6,0.05,Medium,4.2,45,21,29
2025-10-25,Uttar Pradesh,Maize,Vegetative,0.61,0.43,0.49,3.5,0.05,Medium,6.5,41,15,29
2026-04-12,Punjab,Rice,Mature,0.78,0.54,0.9,4.8,0.06,High,7.8,39,26,40
2026-06-17,Karnataka,Sugarcane,Vegetative,0.63,0.32,0.55,1.8,0.09,Medium,5.7,45,22,33
2026-09-03,Punjab,Cotton,Mature,0.84,0.49,0.76,3.9,0.06,High,10.5,36,18,29
2026-06-21,Karnataka,Wheat,Early,0.29,0.26,0.42,0.7,0.11,Low,3.3,27,19,20
2025-12-12,Maharashtra,Maize,Vegetative,0.5,0.39,0.49,3.0,0.07,Medium,5.2,41,23,32
2026-03-21,Andhra Pradesh,Maize,Vegetative,0.45,0.42,0.61,3.1,0.08,Medium,5.4,36,17,26
2026-12-05,Karnataka,Sugarcane,Mature,0.7,0.58,0.77,3.3,0.05,High,9.9,36,18,32
2025-05-18,Punjab,Rice,Early,0.26,0.26,0.25,1.4,0.08,Low,1.7,34,16,30
2025-12-17,Punjab,Cotton,Vegetative,0.7,0.33,0.54,2.9,0.08,High,5.6,39,21,34
2026-05-17,Uttar Pradesh,Sugarcane,Vegetative,0.49,0.47,0.45,2.5,0.06,Medium,3.8,47,18,38
2026-01-03,Maharashtra,Wheat,Vegetative,0.57,0.47,0.63,2.2,0.07,Medium,4.2,39,17,36
2025-07-12,Punjab,Wheat,Early,0.23,0.21,0.3,1.5,0.09,Low,1.2,28,12,20
2025-06-18,Tamil Nadu,Wheat,Early,0.25,0.29,0.27,1.5,0.08,Low,3.3,29,15,21
2026-02-18,Andhra Pradesh,Sugarcane,Vegetative,0.48,0.42,0.63,1.8,0.07,Medium,5.6,44,19,25
2025-01-20,Karnataka,Cotton,Mature,0.65,0.58,0.7,4.6,0.04,Medium,9.6,53,26,35
2025-08-22,Uttar Pradesh,Maize,Mature,0.72,0.53,0.82,3.5,0.07,High,9.7,48,26,34
2025-08-18,Andhra Pradesh,Rice,Vegetative,0.61,0.39,0.5,2.0,0.07,Medium,6.0,45,21,31
2025-05-15,Maharashtra,Maize,Early,0.26,0.22,0.27,0.8,0.1,Low,1.2,28,14,27
2025-08-05,Uttar Pradesh,Cotton,Vegetative,0.46,0.41,0.57,2.2,0.06,Medium,4.9,37,20,28
2025-01-23,Karnataka,Maize,Early,0.3,0.24,0.36,1.0,0.08,Low,2.5,32,13,26
2026-08-27,Karnataka,Sugarcane,Vegetative,0.47,0.35,0.57,2.3,0.08,Medium,5.0,47,24,38
2026-06-01,Tamil Nadu,Wheat,Early,0.34,0.23,0.32,1.2,0.11,Low,2.4,35,10,28
2025-06-23,Maharashtra,Cotton,Flowering,0.89,0.55,0.92,4.3,0.05,High,7.4,49,25,31
2025-05-07,Uttar Pradesh,Cotton,Mature,0.68,0.54,0.76,3.8,0.06,Medium,9.1,48,21,39
2026-01-11,Uttar Pradesh,Maize,Flowering,0.84,0.63,0.95,4.6,0.05,High,7.1,58,21,35
2026-12-30,Punjab,Sugarcane,Mature,0.72,0.47,0.77,4.4,0.05,High,8.9,52,21,33
2026-10-29,Tamil Nadu,Maize,Early,0.27,0.22,0.38,1.0,0.12,Low,1.1,36,17,32
2025-02-08,Tamil Nadu,Maize,Flowering,0.81,0.54,0.9,5.3,0.04,High,8.3,41,25,33
2026-01-20,Uttar Pradesh,Cotton,Mature,0.79,0.5,0.75,4.5,0.04,High,9.5,50,21,30
2026-10-18,Uttar Pradesh,Maize,Vegetative,0.64,0.45,0.67,2.8,0.08,Medium,3.6,37,16,39
2025-09-19,Andhra Pradesh,Wheat,Early,0.43,0.19,0.4,1.7,0.08,Low,3.1,39,19,30
2026-07-02,Andhra Pradesh,Maize,Early,0.3,0.17,0.38,0.8,0.11,Low,1.8,37,12,32
2026-10-01,Andhra Pradesh,Wheat,Vegetative,0.66,0.43,0.74,3.1,0.08,Medium,4.3,47,23,28
2025-02-19,Tamil Nadu,Cotton,Vegetative,0.49,0.36,0.72,2.1,0.08,Medium,4.4,44,16,39
2026-09-01,Punjab,Sugarcane,Mature,0.73,0.54,0.8,3.5,0.04,High,9.1,47,26,32
2025-02-19,Karnataka,Wheat,Early,0.37,0.29,0.21,0.7,0.12,Low,1.2,32,14,32
2026-11-09,Andhra Pradesh,Sugarcane,Mature,0.84,0.56,0.77,3.8,0.06,High,8.6,41,24,41
2025-04-21,Punjab,Sugarcane,Vegetative,0.63,0.44,0.48,2.9,0.08,Medium,5.8,38,21,32
2026-11-01,Maharashtra,Wheat,Early,0.22,0.23,0.44,1.6,0.1,Low,3.1,33,19,30
2025-01-21,Andhra Pradesh,Cotton,Vegetative,0.47,0.37,0.56,2.8,0.09,Medium,4.0,40,20,34
2025-02-19,Karnataka,Rice,Mature,0.83,0.56,0.73,4.7,0.03,High,8.1,53,18,39
2026-12-08,Maharashtra,Sugarcane,Mature,0.81,0.49,0.9,3.3,0.04,High,9.0,52,22,39
2025-04-29,Maharashtra,Sugarcane,Mature,0.69,0.52,0.8,3.0,0.03,Medium,8.3,50,27,28
2026-03-03,Karnataka,Cotton,Early,0.28,0.27,0.22,0.6,0.09,Low,2.1,36,13,21
2026-03-31,Andhra Pradesh,Cotton,Vegetative,0.57,0.39,0.46,3.0,0.06,Medium,3.8,36,20,26
2026-01-25,Tamil Nadu,Maize,Vegetative,0.58,0.42,0.58,3.1,0.07,Medium,5.5,46,18,36
2025-05-07,Karnataka,Cotton,Mature,0.71,0.51,0.73,3.0,0.06,High,10.1,45,24,33
2026-07-15,Karnataka,Sugarcane,Mature,0.83,0.47,0.78,3.7,0.04,High,9.3,51,21,31
2025-09-16,Karnataka,Wheat,Mature,0.67,0.47,0.73,4.2,0.07,Medium,10.0,37,20,36
2026-05-01,Maharashtra,Rice,Mature,0.84,0.5,0.78,3.7,0.03,High,10.0,37,19,41
2026-12-20,Punjab,Maize,Flowering,0.73,0.56,0.8,4.6,0.06,High,8.2,54,28,36
2025-06-06,Tamil Nadu,Wheat,Flowering,0.78,0.51,0.9,3.8,0.05,High,7.9,54,26,43
2025-07-30,Andhra Pradesh,Rice,Flowering,0.77,0.59,0.79,3.6,0.04,High,6.6,56,23,35
2026-12-13,Andhra Pradesh,Rice,Mature,0.72,0.48,0.88,4.2,0.07,High,8.4,37,26,34
2026-12-04,Punjab,Rice,Mature,0.83,0.52,0.88,3.8,0.06,High,8.0,36,25,41
2026-10-08,Karnataka,Wheat,Vegetative,0.62,0.37,0.59,2.5,0.07,Medium,4.5,44,16,26
2025-01-10,Tamil Nadu,Maize,Early,0.22,0.28,0.23,1.3,0.1,Low,2.0,30,14,25
2025-11-05,Andhra Pradesh,Maize,Vegetative,0.53,0.48,0.52,3.4,0.06,Medium,4.6,47,18,36
2026-03-07,Uttar Pradesh,Rice,Flowering,0.79,0.6,0.85,5.4,0.04,High,7.1,45,21,36
2026-11-09,Andhra Pradesh,Wheat,Vegetative,0.54,0.43,0.68,2.6,0.05,Medium,5.4,36,15,30
2025-04-14,Karnataka,Rice,Mature,0.82,0.45,0.82,4.5,0.03,High,9.8,49,24,35
2026-11-10,Uttar Pradesh,Cotton,Flowering,0.83,0.53,0.76,4.2,0.05,High,7.7,59,21,44
2026-06-17,Punjab,Maize,Flowering,0.86,0.68,0.8,4.1,0.05,High,8.4,47,22,37
2025-10-04,Tamil Nadu,Sugarcane,Early,0.23,0.3,0.31,1.2,0.1,Low,1.5,26,17,25
2026-09-30,Punjab,Rice,Early,0.38,0.21,0.21,1.0,0.08,Low,1.5,39,18,24
2026-09-13,Punjab,Cotton,Flowering,0.82,0.54,0.78,4.8,0.05,High,6.8,47,25,33
2026-12-19,Tamil Nadu,Maize,Flowering,0.84,0.7,0.9,5.2,0.04,High,6.7,53,23,41
2025-05-21,Tamil Nadu,Wheat,Vegetative,0.55,0.44,0.72,2.6,0.09,Medium,5.1,45,18,32
2026-03-05,Andhra Pradesh,Maize,Flowering,0.8,0.57,0.82,5.3,0.05,High,7.4,57,22,33
2025-04-18,Andhra Pradesh,Wheat,Mature,0.66,0.47,0.75,4.7,0.04,Medium,9.0,42,25,39
2026-06-08,Tamil Nadu,Wheat,Vegetative,0.6,0.38,0.75,1.8,0.08,Medium,4.3,43,17,36
2026-09-25,Uttar Pradesh,Rice,Mature,0.72,0.46,0.74,4.1,0.06,High,10.2,52,26,35
2025-05-01,Maharashtra,Rice,Mature,0.77,0.52,0.72,3.4,0.05,High,10.1,51,27,38
2025-10-17,Andhra Pradesh,Maize,Mature,0.81,0.56,0.82,3.4,0.04,High,8.0,40,27,33
2025-04-27,Maharashtra,Cotton,Flowering,0.79,0.66,0.77,4.9,0.04,High,6.6,43,26,40
2025-04-19,Uttar Pradesh,Maize,Early,0.36,0.22,0.36,1.1,0.1,Low,3.5,36,18,30
2026-05-25,Tamil Nadu,Sugarcane,Early,0.32,0.17,0.37,1.6,0.1,Low,1.7,33,13,32
2025-07-23,Uttar Pradesh,Wheat,Mature,0.77,0.59,0.84,4.3,0.04,High,9.3,53,26,41
2026-09-16,Andhra Pradesh,Wheat,Flowering,0.73,0.63,0.9,4.9,0.04,High,7.5,40,23,41
2025-07-24,Punjab,Rice,Vegetative,0.57,0.36,0.57,2.7,0.09,Medium,5.4,45,17,30
2025-09-27,Tamil Nadu,Cotton,Mature,0.66,0.47,0.86,4.6,0.04,Medium,9.0,44,20,34
2026-06-20,Karnataka,Rice,Vegetative,0.47,0.31,0.58,3.2,0.05,Medium,4.1,40,22,36
2025-07-26,Maharashtra,Sugarcane,Vegetative,0.55,0.43,0.75,2.7,0.05,Medium,6.1,44,21,33
2026-01-02,Uttar Pradesh,Maize,Flowering,0.85,0.59,0.9,4.0,0.04,High,7.1,55,28,37
2026-12-22,Tamil Nadu,Maize,Flowering,0.81,0.65,0.94,5.3,0.04,High,7.9,59,25,32
2026-02-24,Uttar Pradesh,Cotton,Early,0.32,0.18,0.37,0.9,0.11,Low,1.5,36,14,32
2025-10-30,Tamil Nadu,Rice,Early,0.24,0.16,0.28,1.2,0.1,Low,2.1,36,11,28
2025-06-14,Andhra Pradesh,Rice,Flowering,0.8,0.52,0.83,3.9,0.05,High,8.0,47,27,34
2025-02-10,Andhra Pradesh,Sugarcane,Mature,0.68,0.45,0.75,4.7,0.03,Medium,7.9,54,24,35
2026-07-16,Andhra Pradesh,Maize,Early,0.39,0.16,0.43,0.8,0.08,Low,2.0,25,10,31
2026-05-24,Uttar Pradesh,Rice,Vegetative,0.5,0.34,0.63,2.3,0.06,Medium,6.3,43,21,26
2025-08-01,Karnataka,Cotton,Mature,0.72,0.59,0.79,3.5,0.04,High,9.9,49,19,41
2026-12-06,Andhra Pradesh,Maize,Vegetative,0.68,0.45,0.61,2.0,0.08,Medium,5.9,35,22,25
2026-05-08,Tamil Nadu,Sugarcane,Flowering,0.74,0.56,0.88,3.5,0.05,High,8.3,43,25,31
2025-12-05,Andhra Pradesh,Cotton,Vegetative,0.55,0.32,0.65,2.8,0.08,Medium,5.9,44,22,35
2025-08-29,Punjab,Wheat,Mature,0.7,0.47,0.7,3.9,0.05,High,9.3,39,18,36
2025-01-03,Andhra Pradesh,Sugarcane,Flowering,0.76,0.55,0.85,4.0,0.05,High,7.1,54,26,35
2025-01-14,Uttar Pradesh,Cotton,Mature,0.77,0.57,0.71,3.5,0.07,High,8.3,36,26,28
2026-11-19,Karnataka,Rice,Vegetative,0.48,0.43,0.74,3.3,0.08,Medium,5.0,44,16,33
2025-04-02,Punjab,Wheat,Mature,0.69,0.52,0.73,3.8,0.03,Medium,9.2,53,20,35
2025-04-24,Uttar Pradesh,Sugarcane,Flowering,0.85,0.61,0.83,4.8,0.05,High,7.0,42,24,42
2026-08-11,Uttar Pradesh,Rice,Vegetative,0.58,0.34,0.53,3.1,0.08,Medium,6.3,47,18,26
2026-11-17,Uttar Pradesh,Wheat,Vegetative,0.63,0.35,0.55,2.1,0.06,Medium,6.0,45,15,37
2026-05-21,Tamil Nadu,Maize,Early,0.35,0.25,0.42,1.6,0.07,Low,3.2,38,19,24
2025-06-02,Uttar Pradesh,Rice,Early,0.34,0.28,0.41,1.6,0.1,Low,2.4,26,19,25
2025-04-03,Tamil Nadu,Cotton,Mature,0.68,0.46,0.88,3.7,0.05,Medium,9.9,41,26,34
2026-06-08,Uttar Pradesh,Sugarcane,Early,0.28,0.26,0.37,0.8,0.08,Low,1.3,28,14,22
2025-03-18,Maharashtra,Wheat,Early,0.25,0.18,0.39,1.7,0.1,Low,3.4,26,16,30
2025-04-14,Punjab,Rice,Early,0.35,0.28,0.22,0.7,0.08,Low,3.2,38,16,25
2025-09-20,Maharashtra,Maize,Early,0.43,0.23,0.32,1.6,0.1,Low,2.1,29,17,26
2026-10-22,Uttar Pradesh,Sugarcane,Flowering,0.89,0.67,0.88,5.5,0.04,High,8.3,56,20,32
2025-08-25,Punjab,Sugarcane,Flowering,0.81,0.67,0.75,3.9,0.05,High,7.6,57,28,30
2026-04-13,Punjab,Rice,Early,0.27,0.19,0.37,1.3,0.11,Low,2.4,39,17,31
2025-10-31,Karnataka,Maize,Mature,0.82,0.52,0.81,3.2,0.06,High,8.8,37,19,39
2025-09-28,Maharashtra,Wheat,Flowering,0.86,0.54,0.76,4.5,0.04,High,7.6,43,26,40
2026-04-21,Karnataka,Rice,Early,0.44,0.26,0.22,1.7,0.08,Low,3.2,25,17,25
2025-02-21,Punjab,Wheat,Flowering,0.87,0.58,0.89,4.5,0.03,High,8.1,56,28,34
2025-04-13,Tamil Nadu,Sugarcane,Vegetative,0.6,0.47,0.62,2.0,0.06,Medium,5.5,39,22,33
2025-06-28,Punjab,Wheat,Flowering,0.87,0.59,0.84,4.6,0.04,High,8.0,40,20,30
2025-02-10,Karnataka,Maize,Flowering,0.8,0.59,0.89,3.9,0.06,High,6.7,45,27,31
2025-10-25,Maharashtra,Cotton,Mature,0.67,0.55,0.72,4.3,0.06,Medium,7.5,38,20,37
2026-01-04,Uttar Pradesh,Maize,Flowering,0.81,0.54,0.86,4.8,0.03,High,6.6,41,23,41
2026-11-25,Uttar Pradesh,Wheat,Mature,0.71,0.54,0.82,4.7,0.03,High,10.1,52,23,28
2025-11-17,Maharashtra,Rice,Vegetative,0.51,0.36,0.7,3.4,0.05,Medium,5.6,44,15,39
2026-03-13,Uttar Pradesh,Sugarcane,Early,0.22,0.23,0.29,0.7,0.07,Low,2.0,34,15,25
2025-04-29,Uttar Pradesh,Cotton,Mature,0.78,0.59,0.87,3.2,0.03,High,8.7,47,25,37
2025-04-08,Karnataka,Rice,Flowering,0.88,0.63,0.95,5.3,0.06,High,6.6,56,27,36
2025-02-16,Maharashtra,Rice,Flowering,0.84,0.63,0.78,5.0,0.03,High,7.4,45,25,32
2025-01-10,Andhra Pradesh,Maize,Mature,0.78,0.59,0.9,3.9,0.03,High,7.6,44,24,35
2025-05-22,Tamil Nadu,Wheat,Vegetative,0.56,0.36,0.52,2.4,0.07,Medium,5.4,37,15,26
2026-11-11,Tamil Nadu,Maize,Early,0.44,0.25,0.42,0.6,0.09,Low,1.1,39,19,23
2026-10-25,Uttar Pradesh,Wheat,Flowering,0.85,0.65,0.8,4.2,0.03,High,6.7,54,25,33
2025-06-24,Tamil Nadu,Maize,Vegetative,0.64,0.4,0.69,3.1,0.07,Medium,5.0,42,16,38
2025-12-03,Maharashtra,Rice,Early,0.26,0.21,0.45,0.6,0.11,Low,1.7,36,16,32
2026-01-02,Maharashtra,Sugarcane,Early,0.32,0.29,0.31,1.7,0.1,Low,2.1,37,17,29
2026-03-25,Punjab,Wheat,Flowering,0.73,0.66,0.85,3.8,0.05,High,7.8,55,29,40
2026-09-29,Punjab,Cotton,Mature,0.83,0.53,0.87,4.2,0.04,High,10.1,45,19,28
2025-10-02,Tamil Nadu,Cotton,Flowering,0.77,0.67,0.85,5.2,0.04,High,7.3,57,20,42
2025-04-06,Andhra Pradesh,Rice,Flowering,0.88,0.56,0.94,5.2,0.04,High,8.0,42,25,39
2026-01-17,Punjab,Maize,Flowering,0.8,0.7,0.78,4.9,0.04,High,6.9,45,22,38
2025-12-17,Punjab,Maize,Vegetative,0.46,0.39,0.74,2.6,0.06,Medium,6.3,43,16,26
2025-07-07,Maharashtra,Rice,Mature,0.81,0.48,0.75,3.6,0.05,High,9.2,53,27,29
2025-04-27,Andhra Pradesh,Cotton,Vegetative,0.63,0.31,0.49,2.2,0.07,Medium,6.2,42,21,33
2026-02-15,Uttar Pradesh,Cotton,Flowering,0.88,0.66,0.83,3.9,0.04,High,6.9,50,27,40
2026-02-14,Tamil Nadu,Maize,Mature,0.8,0.53,0.77,4.6,0.03,High,9.9,36,18,29
2026-04-13,Punjab,Wheat,Early,0.23,0.18,0.23,1.1,0.09,Low,1.9,32,19,23
2025-10-06,Andhra Pradesh,Sugarcane,Mature,0.79,0.53,0.89,4.6,0.03,High,8.1,37,26,40
2026-01-30,Andhra Pradesh,Wheat,Flowering,0.79,0.51,0.88,3.9,0.05,High,7.3,50,29,41
2026-12-08,Tamil Nadu,Cotton,Mature,0.75,0.46,0.82,3.6,0.06,High,8.9,47,27,40
2026-05-05,Andhra Pradesh,Wheat,Early,0.24,0.15,0.33,1.1,0.09,Low,2.8,28,13,24
2026-03-08,Andhra Pradesh,Sugarcane,Early,0.21,0.17,0.27,1.2,0.07,Low,2.2,32,14,29
2026-10-27,Andhra Pradesh,Wheat,Mature,0.66,0.54,0.82,3.9,0.06,Medium,8.1,46,27,35
2025-06-20,Punjab,Wheat,Early,0.28,0.29,0.39,1.1,0.12,Low,2.8,28,13,30
2025-04-26,Tamil Nadu,Wheat,Vegetative,0.52,0.35,0.72,3.0,0.06,Medium,4.2,49,15,38
2025-05-16,Andhra Pradesh,Wheat,Mature,0.68,0.47,0.86,3.1,0.05,Medium,8.7,50,20,35
2026-12-14,Andhra Pradesh,Rice,Early,0.24,0.16,0.38,0.7,0.12,Low,2.4,38,16,23
2025-03-02,Punjab,Cotton,Early,0.4,0.21,0.32,0.5,0.09,Low,1.4,30,10,31
2025-06-13,Tamil Nadu,Sugarcane,Mature,0.78,0.51,0.82,3.6,0.05,High,8.8,51,20,37
2025-04-17,Maharashtra,Cotton,Vegetative,0.46,0.4,0.63,2.1,0.06,Medium,5.9,39,18,38
2026-03-03,Punjab,Rice,Mature,0.8,0.56,0.77,3.9,0.06,High,8.5,49,26,35
2026-08-28,Tamil Nadu,Rice,Early,0.37,0.3,0.29,1.2,0.11,Low,1.5,28,12,30
2026-05-10,Andhra Pradesh,Rice,Mature,0.78,0.5,0.82,4.5,0.03,High,9.3,52,25,31
2026-08-06,Tamil Nadu,Rice,Early,0.36,0.23,0.39,0.6,0.09,Low,3.5,36,14,31
2026-11-26,Tamil Nadu,Wheat,Flowering,0.88,0.51,0.91,3.7,0.05,High,7.2,41,22,32
2026-03-25,Uttar Pradesh,Cotton,Mature,0.72,0.59,0.73,3.5,0.07,High,8.9,45,19,40
2025-07-05,Tamil Nadu,Maize,Mature,0.71,0.55,0.8,4.3,0.04,High,10.0,49,22,39
2026-09-18,Maharashtra,Sugarcane,Early,0.28,0.28,0.31,0.9,0.11,Low,1.4,26,18,31
2026-01-24,Tamil Nadu,Rice,Early,0.37,0.26,0.43,1.4,0.09,Low,3.0,35,14,25
2026-01-03,Maharashtra,Cotton,Early,0.25,0.16,0.41,1.3,0.08,Low,3.4,36,13,30
2026-09-19,Andhra Pradesh,Rice,Early,0.37,0.24,0.36,1.6,0.08,Low,1.3,31,11,33
2025-01-30,Maharashtra,Rice,Mature,0.71,0.59,0.86,3.7,0.05,High,8.8,54,20,32
2026-12-02,Andhra Pradesh,Rice,Early,0.31,0.26,0.43,0.6,0.09,Low,2.5,38,19,30
2025-05-14,Andhra Pradesh,Rice,Mature,0.67,0.52,0.89,3.6,0.03,Medium,9.3,54,24,39
2026-05-10,Maharashtra,Rice,Vegetative,0.55,0.48,0.73,2.9,0.07,Medium,3.7,46,18,31
2026-05-15,Punjab,Sugarcane,Mature,0.7,0.53,0.84,4.4,0.03,High,8.3,40,27,33
2025-04-26,Karnataka,Cotton,Early,0.33,0.15,0.35,1.0,0.1,Low,2.1,32,15,33
2026-02-26,Tamil Nadu,Rice,Early,0.38,0.2,0.27,1.1,0.09,Low,3.3,29,18,33
2026-03-28,Uttar Pradesh,Rice,Vegetative,0.45,0.46,0.75,2.6,0.07,Medium,4.3,48,21,31
2025-02-17,Karnataka,Rice,Mature,0.69,0.46,0.7,4.4,0.05,Medium,10.0,52,23,33
2025-03-06,Tamil Nadu,Rice,Vegetative,0.6,0.42,0.73,2.1,0.08,Medium,4.9,47,16,29
2025-09-25,Tamil Nadu,Wheat,Mature,0.71,0.52,0.85,3.6,0.04,High,8.7,36,26,29
2026-11-02,Andhra Pradesh,Wheat,Early,0.35,0.16,0.39,0.6,0.11,Low,3.2,27,15,28
2025-11-18,Tamil Nadu,Maize,Mature,0.73,0.57,0.84,3.5,0.04,High,10.2,44,23,38
2025-01-13,Uttar Pradesh,Rice,Early,0.29,0.23,0.34,0.6,0.12,Low,1.2,38,19,32
2026-12-23,Tamil Nadu,Maize,Early,0.35,0.26,0.25,0.8,0.08,Low,3.3,28,16,30
2026-11-26,Maharashtra,Sugarcane,Flowering,0.84,0.57,0.77,4.8,0.05,High,7.0,50,22,35
2026-06-22,Karnataka,Maize,Flowering,0.84,0.59,0.88,4.3,0.04,High,7.5,56,22,42
2026-08-14,Maharashtra,Cotton,Mature,0.8,0.58,0.86,3.5,0.06,High,8.7,38,26,32
2026-08-02,Uttar Pradesh,Wheat,Early,0.43,0.21,0.42,0.7,0.11,Low,1.3,38,17,20
2025-08-18,Tamil Nadu,Wheat,Vegetative,0.53,0.46,0.71,2.5,0.06,Medium,5.5,49,15,35
2026-11-17,Uttar Pradesh,Rice,Early,0.23,0.19,0.28,1.0,0.08,Low,1.6,39,14,26
2025-12-13,Andhra Pradesh,Rice,Vegetative,0.52,0.49,0.57,3.3,0.06,Medium,6.0,37,16,37
2026-06-16,Maharashtra,Sugarcane,Mature,0.66,0.45,0.74,4.2,0.07,Medium,9.8,35,23,30
2026-06-20,Maharashtra,Sugarcane,Mature,0.7,0.55,0.76,3.4,0.04,High,9.5,36,20,32
2026-12-06,Punjab,Cotton,Vegetative,0.48,0.38,0.51,2.5,0.06,Medium,5.9,46,24,34
2026-12-19,Tamil Nadu,Rice,Vegetative,0.69,0.44,0.68,3.3,0.06,Medium,3.7,43,18,29
2026-09-26,Andhra Pradesh,Rice,Early,0.37,0.22,0.37,0.7,0.1,Low,2.5,29,14,24
2025-04-08,Maharashtra,Sugarcane,Mature,0.74,0.51,0.88,3.9,0.05,High,8.3,38,27,33
2026-03-20,Maharashtra,Sugarcane,Early,0.39,0.17,0.3,0.7,0.08,Low,2.3,37,13,34
2026-11-09,Andhra Pradesh,Sugarcane,Vegetative,0.67,0.46,0.6,3.4,0.08,Medium,3.9,48,19,29
2025-09-12,Uttar Pradesh,Wheat,Flowering,0.81,0.58,0.86,3.7,0.05,High,7.5,40,22,38
2026-05-09,Uttar Pradesh,Maize,Flowering,0.72,0.57,0.9,4.2,0.05,High,8.4,43,26,42
2025-12-21,Tamil Nadu,Maize,Flowering,0.77,0.52,0.81,4.8,0.05,High,8.5,58,20,38
2026-11-11,Punjab,Rice,Vegetative,0.62,0.38,0.66,3.4,0.05,Medium,4.7,49,20,26
2026-11-24,Maharashtra,Wheat,Early,0.43,0.16,0.42,1.5,0.11,Low,2.5,27,19,25
2026-10-19,Punjab,Sugarcane,Mature,0.73,0.53,0.85,4.1,0.04,High,9.3,35,19,40
2026-01-30,Uttar Pradesh,Rice,Vegetative,0.55,0.45,0.7,2.7,0.08,Medium,3.9,48,20,37
2025-06-02,Uttar Pradesh,Wheat,Flowering,0.73,0.56,0.76,4.1,0.05,High,8.0,44,22,37
